:020000040800F2
:100000000000082029310008D52E0008DD2E000848
:10001000E52E0008ED2E0008F52E00080000000077
:10002000000000000000000000000000FD2E00089D
:100030000B2F000800000000192F0008272F0008D0
:1000400079310008793100087931000879310008E8
:1000500079310008793100087931000879310008D8
:1000600079310008793100087931000879310008C8
:100070003B2F0008793100087931000879310008F8
:1000800079310008793100087931000879310008A8
:100090007931000879310008793100087931000898
:1000A00079310008257B0008793100087931000892
:1000B000717B000879310008793100087931000836
:1000C0007931000879310008793100087931000868
:1000D00079310008472F000879310008793100088C
:1000E0007931000879310008793100087931000848
:1000F0007931000879310008793100087931000838
:100100007931000879310008793100087931000827
:100110007931000879310008793100087931000817
:1001200079310008532F0008612F0008E97E00088C
:100130006D2F000879310008793100087931000805
:1001400079310008793100087931000879310008E7
:1001500079310008D97D000879310008055100087F
:1001600079310008793100087931000879310008C7
:100170007931000879310008793100080000000069
:1001800079310008793100085935000879310008C3
:100190007931000879310008793100087931000897
:1001A00000000000000000007931000879310008EB
:1001B0007931000879310008793100087931000877
:1001C0007931000879310008000000007931000819
:1001D0007931000879310008793100087931000857
:1001E0007931000879310008793100087931000847
:0801F000000000007931000855
:1002000010B5054C237833B9044B13B10448AFF350
:1002100000800123237010BD18430020000000005F
:10022000D03B010808B5034B1BB103490348AFF3AA
:10023000008008BD000000001C430020D03B0108E6
:1002400010F8012B11F8013B012A28BF9A42F7D080
:10025000D01A7047000000000000000000000000FD
:1002600001F0FF01102A2BDB10F0070F08D010F867
:10027000013B013A8B422DD010F0070F42B3F6D16B
:10028000F0B441EA012141EA014122F007047FF084
:1002900000070023F0E80256083C85EA010586EADB
:1002A000010685FA47F5A3FA87F586FA47F6A5FA17
:1002B00087F68EB9EED1F0BC01F0FF0102F0070223
:1002C00032B110F8013B013A83EA010313B1F8D1CE
:1002D0000020704701387047002D06BF35460338AF
:1002E000073815F0010F07D1013015F4807F02BFE8
:1002F000013015F4C03F0130F0BC0138704700BF39
:10030000034613F8012B002AFBD1181A0138704755
:1003100080F0004002E000BF81F0004142001FBFBA
:100320005FEA410392EA030F7FEA226C7FEA236CC3
:100330006AD04FEA1262D2EB1363C1BFD2184140B8
:1003400048404140B8BF5B42192B88BF704710F04E
:10035000004F40F4000020F07F4018BF404211F0F1
:10036000004F41F4000121F07F4118BF494292EA59
:10037000030F3FD0A2F1010241FA03FC10EB0C0085
:10038000C3F1200301FA03F100F0004302D5494212
:1003900060EB4000B0F5000F13D3B0F1807F06D3BF
:1003A00040084FEA310102F10102FE2A51D2B1F1B7
:1003B000004F40EBC25008BF20F0010040EA0300AC
:1003C0007047490040EB0000013A28BFB0F5000F2C
:1003D000EDD2B0FA80FCACF1080CB2EB0C0200FAE2
:1003E0000CF0AABF00EBC25052421843BCBFD04031
:1003F0001843704792F0000F81F4000106BF80F4AB
:1004000000000132013BB5E74FEA41037FEA226C6D
:1004100018BF7FEA236C21D092EA030F04D092F038
:10042000000F08BF0846704790EA010F1CBF00206C
:10043000704712F07F4F04D1400028BF40F00040C9
:10044000704712F100723CBF00F50000704700F0E9
:10045000004343F0FE4040F4000070477FEA226210
:1004600016BF08467FEA23630146420206BF5FEAE1
:10047000412390EA010F40F4800070474FF00003E1
:1004800004E000BF10F0004348BF40425FEA000CA8
:1004900008BF704743F0964301464FF000001CE050
:1004A00050EA010208BF70474FF000030AE000BFA6
:1004B00050EA010208BF704711F0004302D54042E4
:1004C00061EB41015FEA010C02BF84460146002056
:1004D00043F0B64308BFA3F18053A3F50003BCFA71
:1004E0008CF2083AA3EBC25310DB01FA02FC63441E
:1004F00000FA02FCC2F12002BCF1004F20FA02F225
:1005000043EB020008BF20F00100704702F1200217
:1005100001FA02FCC2F1200250EA4C0021FA02F278
:1005200043EB020008BF20EADC7070477BB972B968
:100530000029BEBF00204FF0004106E008BF0028A0
:100540001CBF6FF000414FF0FF3000F0D3B9ADF1A8
:10055000080C6DE904CE002909DB002B1ADB00F042
:100560004DF8DDF804E0DDE9022304B070474042B5
:1005700061EB4101002B1BDB00F040F8DDF804E0EB
:10058000DDE9022304B0404261EB4101524263EBDA
:1005900043037047524263EB430300F02FF8DDF84A
:1005A00004E0DDE9022304B0404261EB4101704701
:1005B000524263EB430300F021F8DDF804E0DDE98B
:1005C000022304B0524263EB4303704753B94AB964
:1005D000002908BF00281CBF4FF0FF314FF0FF304B
:1005E00000F088B9ADF1080C6DE904CE00F006F812
:1005F000DDF804E0DDE9022304B070472DE9F0479F
:10060000089D8E4604468846002B4AD18A421746EA
:1006100062D9B2FA82F64EB1C6F1200301FA06F8A9
:1006200020FA03F3B74043EA0808B4404FEA174EF4
:100630001FFA87FCB8FBFEF1230C0EFB118843EA7E
:10064000084301FB0CF29A4209D9FB1801F1FF3073
:1006500080F0EA809A4240F2E78002393B449A1ADD
:10066000A3B2B2FBFEF00EFB102243EA024300FBF2
:100670000CFC9C4509D9FB1800F1FF3280F0D680B4
:100680009C4540F2D3803B44023840EA0140A3EB52
:100690000C0300211DB1F3400022C5E90032BDE882
:1006A000F0878B4205D90DB1C5E90001002108464C
:1006B000F5E7B3FA83F1002946D1734502D38242AC
:1006C00000F20581841A6EEB030201209046002D92
:1006D000E5D0C5E90048E2E7002A00F09080B2FAD0
:1006E00082F6002E40F0A4808A1A030C4FEA174EBF
:1006F00080B2BCB20121B2FBFEFC0EFB1C2243EA1D
:10070000024304FB0CF29A4207D9FB180CF1FF38A4
:1007100002D29A4200F2E080C4469B1AB3FBFEF27A
:100720000EFB123340EA034302FB04F49C4207D958
:10073000FB1802F1FF3002D29C4200F2CA8002464E
:100740001B1B42EA0C40A5E7C1F120068B4022FAB0
:1007500006F71F430EFA01F420FA06F32EFA06FEFE
:100760004FEA1749234300FA01F81FFA87FCBEFB42
:10077000F9F01C0C09FB10EE44EA0E4400FB0CFEE1
:10078000A64502FA01F209D93C1900F1FF3A80F0BE
:100790009C80A64540F2998002383C44A4EB0E04AC
:1007A0001FFA83FEB4FBF9F309FB13444EEA044439
:1007B00003FB0CFCA44508D93C1903F1FF3E80F073
:1007C0008280A4457FD9023B3C4443EA0040A4EB2D
:1007D0000C04A0FB02EC64457346E14662D35FD093
:1007E0005DB1B8EB030264EB090404FA06F622FAE1
:1007F00001F31E43CC40C5E9006400214FE7B1FB83
:10080000F2FC010C41EA0E4180B240EA01423B4653
:1008100038463C46B846BE462026B1FBF7F1A2EB6F
:10082000080241EA0C4166E7014618E710462CE74A
:10083000C6F120022EFA02F3B740B14020FA02F2CC
:100840004FEA174E0A43B3FBFEF8BCB20EFB183357
:10085000110C41EA034108FB04F9B04089454FEA15
:10086000104380B23ED9791808F1FF3C01D2894586
:100870001FD8A1EB0901B1FBFEF909FB04F80EFB3F
:10088000191192B242EA0142424529D2BA1809F13D
:10089000FF31C4D24245C2D2A9F102013A44BEE7B7
:1008A000F0459DD2BEEB02036CEB070C0138E1462C
:1008B00096E7A7EB09094944A8F1020CB1FBFEF940
:1008C00009FB04F8DBE773467FE7504666E7084616
:1008D000FDE63B44023A33E7ACF1020C3B441CE733
:1008E00049469CE7A1EB0901C446B1FBFEF909FBAF
:1008F00004F8C4E7704700BF80B400AF044BDB6866
:100900001B0A03F007031846BD465DF8047B7047D9
:1009100000ED00E080B483B000AF0346FB7197F9AF
:100920000730002B0BDBFB7903F01F02074997F917
:1009300007305B09012000FA02F241F8232000BFD2
:100940000C37BD465DF8047B704700BF00E100E056
:1009500080B483B000AF03463960FB7197F907306C
:10096000002B0ADB3B68DAB20C4997F90730120119
:10097000D2B20B4483F800230AE03B68DAB208499C
:10098000FB7903F00F03043B1201D2B20B441A7639
:1009900000BF0C37BD465DF8047B704700E100E006
:1009A00000ED00E080B489B000AFF860B9607A6013
:1009B000FB6803F00703FB61FB69C3F10703042B2A
:1009C00028BF0423BB61FB690433062B02D9FB69F2
:1009D000033B00E000237B614FF0FF32BB6902FA6A
:1009E00003F3DA43BB681A407B699A404FF0FF314A
:1009F0007B6901FA03F3D9437B680B401343184624
:100A00002437BD465DF8047B704780B489B000AFE1
:100A1000F860B9607A60FB682C331946BB6803F450
:100A200040734FF44072BA61BA6992FAA2F27A61E5
:100A30007A69B2FA82F2D2B2D3409B000B44FB61D6
:100A4000FB691A68BB6803F01F031F2101FA03F357
:100A5000DB431A407B6803F01F01BB6803F01F03F0
:100A600001FA03F31A43FB691A6000BF2437BD463D
:100A70005DF8047B704780B483B000AF7860396064
:100A80007B689B6823F480623B681A437B689A60AA
:100A900000BF0C37BD465DF8047B704780B48DB055
:100AA00000AFF860B9607A60FB680C331946BB6828
:100AB00003F000734FF00072BA61BA6992FAA2F2C1
:100AC0007A617A69B2FA82F2D2B2D3409B000B44C7
:100AD000FB62FB6A1A68BB6803F0F8734FF0F871A9
:100AE0003962396A91FAA1F1F961F969B1FA81F1D2
:100AF000C9B2CB40072101FA03F3DB431A40BB68BC
:100B000003F0F8734FF0F871B962B96A91FAA1F184
:100B10007962796AB1FA81F1C9B2CB40796801FA98
:100B200003F31A43FB6A1A6000BF3437BD465DF811
:100B3000047B704780B485B000AFF860B9607A601C
:100B40000D4ABB6813441B781A46FB6813441B68A4
:100B500023F0C0020849BB680B441B781946FB68A8
:100B60000B4419467B6813430B6000BF1437BD4626
:100B70005DF8047B704700BF985B010880B485B0C6
:100B800000AFF860B9607A600D4ABB6813441B7807
:100B90001A46FB6813441B6823F490720849BB682B
:100BA0000B441B781946FB680B4419467B681343BA
:100BB0000B6000BF1437BD465DF8047B704700BF73
:100BC000985B010880B485B000AFF860B9607A60C6
:100BD0000D4ABB6813441B781A46FB6813441B6814
:100BE00023F400720849BB680B441B781946FB6864
:100BF0000B4419467B6813430B6000BF1437BD4696
:100C00005DF8047B704700BF985B010880B485B035
:100C100000AFF860B9607A600D4ABB6813441B7876
:100C20001A46FB6813441B6823F480620849BB68BA
:100C30000B441B781946FB680B4419467B68134329
:100C40000B6000BF1437BD465DF8047B704700BFE2
:100C5000985B010880B485B000AFF860B9607A6035
:100C60000D4ABB6813441B781A46FB6813441B6883
:100C700023F4C0520849BB680B441B781946FB6833
:100C80000B4419467B6813430B6000BF1437BD4605
:100C90005DF8047B704700BF985B010880B485B0A5
:100CA00000AFF860B9607A600D4ABB6813441B78E6
:100CB0001A46FB6813441B6823F4C0420849BB680A
:100CC0000B441B781946FB680B4419467B68134399
:100CD0000B6000BF1437BD465DF8047B704700BF52
:100CE000985B010880B485B000AFF860B9607A60A5
:100CF0000D4ABB6813441B781A46FB6813441B68F3
:100D000023F440320849BB680B441B781946FB6842
:100D10000B4419467B6813430B6000BF1437BD4674
:100D20005DF8047B704700BF985B010880B485B014
:100D300000AFF860B9607A600D4ABB6813441B7855
:100D40001A46FB6813441B6823F0F0520849BB683D
:100D50000B441B781946FB680B4419467B68134308
:100D60000B6000BF1437BD465DF8047B704700BFC1
:100D7000985B010880B483B000AF786039600C4A9A
:100D80003B6813441B781A467B6813445B69084927
:100D90003A680A44127811467A680A4423F0040338
:100DA000536100BF0C37BD465DF8047B704700BF40
:100DB000985B010880B483B000AF78607B681B68E3
:100DC00043F001027B681A6000BF0C37BD465DF836
:100DD000047B704780B483B000AF78607B681B6889
:100DE00023F400327B681A6000BF0C37BD465DF803
:100DF000047B704780B483B000AF78607B681B6869
:100E000023F400227B681A6000BF0C37BD465DF8F2
:100E1000047B704780B485B000AFF860B9607A6039
:100E2000FB68DA68064B1340B9687A680A431A43CC
:100E3000FB68DA6000BF1437BD465DF8047B70477D
:100E400001F8FFFF80B483B000AF78607B68DB6897
:100E500023F400427B68DA6000BF0C37BD465DF8C2
:100E6000047B704780B483B000AF78607B685B68B8
:100E700043F000727B685A6000BF0C37BD465DF8D6
:100E8000047B704780B483B000AF78607B681B68D8
:100E900043F040027B681A6000BF0C37BD465DF826
:100EA000047B704780B483B000AF786039607B68A2
:100EB0005B6823F010023B681A437B685A6000BFEE
:100EC0000C37BD465DF8047B704780B483B000AF3B
:100ED00078607B685B6843F008027B685A6000BFFB
:100EE0000C37BD465DF8047B704780B483B000AF1B
:100EF00078607B685B6823F008027B685A6000BFFB
:100F00000C37BD465DF8047B704780B483B000AFFA
:100F100078607B681B6843F080027B681A6000BFC2
:100F20000C37BD465DF8047B704780B483B000AFDA
:100F300078607B681B6823F080027B681A6000BFC2
:100F40000C37BD465DF8047B7047000080B485B067
:100F500000AF786039603B68012B28D03B68042BD8
:100F600023D03B68102B1ED03B68402B19D03B6828
:100F7000B3F5807F13D03B68B3F5806F0DD03B682D
:100F8000B3F5805F07D03B68B3F5803F01D10723FD
:100F90000EE008230CE006230AE0052308E0042302
:100FA00006E0032304E0022302E0012300E0002323
:100FB000FB737B6818331946FB7B0B4AD35C0B44ED
:100FC000BB60BB681A68FB7B0849CB5C19460423ED
:100FD0008B40DB431A40BB681A6000BF1437BD4624
:100FE0005DF8047B704700BFA05B0108AC5B0108A3
:100FF00080B485B000AF786039603B68012B28D0A1
:101000003B68042B23D03B68102B1ED03B68402B41
:1010100019D03B68B3F5807F13D03B68B3F5806F80
:101020000DD03B68B3F5805F07D03B68B3F5803FD8
:1010300001D107230EE008230CE006230AE0052374
:1010400008E0042306E0032304E0022302E0012376
:1010500000E00023FB737B6818331946FB7B0A4AC8
:10106000D35C0B44BB60BB681A68FB7B0749CB5C55
:10107000194608238B401A43BB681A6000BF143717
:10108000BD465DF8047B7047A05B0108AC5B0108BE
:1010900080B483B000AF786039607B689A68064B93
:1010A00013403A681A437B689A6000BF0C37BD460C
:1010B0005DF8047B704700BFF8BFFEFF80B483B0CB
:1010C00000AF786039607B685B6823F070023B6832
:1010D0001A437B685A6000BF0C37BD465DF8047B3D
:1010E000704780B483B000AF786039607B685B681C
:1010F00023F470023B681A437B685A6000BF0C37C8
:10110000BD465DF8047B704780B483B000AF786063
:101110007B689B6823F080027B689A6000BF0C3775
:10112000BD465DF8047B704780B483B000AF786043
:101130007B681B6843F001027B681A6000BF0C37B4
:10114000BD465DF8047B704780B483B000AF786023
:101150007B685B6823F490427B685A607B689B687D
:1011600023F02A027B689A6000BF0C37BD465DF809
:10117000047B704780B483B000AF786039607B68CF
:101180003A689A6100BF0C37BD465DF8047B704732
:1011900080B483B000AF786039603B681A047B6824
:1011A0009A6100BF0C37BD465DF8047B70470000B4
:1011B00080B485B000AF7860084B1A6B07497B6834
:1011C00013430B63054B1A6B7B681340FB60FB6892
:1011D00000BF1437BD465DF8047B704700380240FD
:1011E00080B485B000AF7860084B1A6C07497B6803
:1011F00013430B64054B1A6C7B681340FB60FB6860
:1012000000BF1437BD465DF8047B704700380240CC
:1012100080B485B000AF7860084B5A6C07497B6892
:1012200013434B64054B5A6C7B681340FB60FB68AF
:1012300000BF1437BD465DF8047B7047003802409C
:1012400080B500AF0CF0C6FA00F02EF801F010FBEC
:1012500001F092FA00F054FB00F00AFC00F0CEFC22
:1012600000F07EFD00F090F800F0F8FD00F0D8FFEF
:1012700001F0B0F800F070FE01F048F901F0E2F979
:1012800000F0D6F900F084FA00F042FF00F086FF8B
:1012900000F014FB00F0CEFB01F06FFF01F077FFD0
:1012A00001F082FF00BFFDE780B594B000AF07F109
:1012B0001C0334220021184610F0D6F907F1080368
:1012C00000221A605A609A60DA601A612C4B1B6C1B
:1012D0002B4A43F080531364294B1B6C03F080535B
:1012E0007B607B68274B1B68264A43F440431360AE
:1012F000244B1B6803F440433B603B680923FB61BC
:101300004FF480333B6201233B6302237B634FF442
:101310008003BB630C23FB63C0233B6402237B6419
:101320000223BB640223FB6407F11C0318460CF084
:10133000A1FD0346002B01D001F082FD0CF04AFD17
:101340000346002B01D001F07BFD0F23BB6002237D
:10135000FB6000233B614FF4A0537B614FF480534B
:10136000BB6107F10803062118460DF031F803466A
:10137000002B01D001F064FD00BF5037BD4680BD99
:10138000003802400070004080B592B000AF07F115
:101390003C0300221A605A609A6007F12803002279
:1013A0001A605A609A60DA601A6107F11803002225
:1013B0001A605A609A60DA603B4600221A605A60EE
:1013C0009A60DA601A615A614FF48070FFF720FF6B
:1013D0000420FFF7EDFE0220FFF7EAFE01233B6049
:1013E00003237B6000233B613B46194684480DF094
:1013F00078FF02233B6003237B6000233B613B4675
:1014000019467F480DF06DFF04233B6003237B608A
:1014100000233B613B46194679480DF062FF0823E3
:101420003B6003237B6000233B613B4619467448C5
:101430000DF057FF10233B6003237B6000233B61CB
:101440003B4619466E480DF04CFF20233B600323BA
:101450007B6000233B613B46194669480DF041FF24
:1014600001233B6003237B6000233B613B4619461D
:1014700064480DF036FF02233B6003237B600023AA
:101480003B613B4619465F480DF02BFF00220421CB
:101490005D48FFF74BFC002204215B48FFF74AFB45
:1014A000002204215848FFF71DFC4FF480720421EC
:1014B0005548FFF763FB002204215348FFF782FBE6
:1014C0004FF4806204215048FFF7A0FB4FF4006204
:1014D00004214D48FFF7BEFB4FF4005204214A4857
:1014E000FFF7DCFB04214848FFF744FC0023FB63C3
:1014F00000233B644FF480737B6407F13C0319467F
:1015000042480DF075FD0023BB624FF4E003FB621F
:1015100000233B6300237B634FF44073BB6307F1FD
:101520002803194639480DF08FFD00213748FFF791
:10153000A2FA4FF48033BB610023FB6107F118036B
:10154000194633480DF00CFD0A224FF400712F4864
:10155000FFF75BFA01220A212C48FFF79FFA2D4A78
:1015600040F205212948FFF750FA0122294927486E
:10157000FFF794FA284A40F20A212448FFF745FA77
:10158000012225492148FFF789FA244A40F20F2118
:101590001E48FFF73AFA012220491C48FFF77EFA5D
:1015A0001F4A4FF405711948FFF72FFA01221C4911
:1015B0001648FFF773FA1B4A40F219211348FFF748
:1015C00024FA012217491148FFF768FA164A4FF426
:1015D00080710E48FFF719FA012213490B48FFF7F3
:1015E0005DFA124A40F205110848FFF70EFA01228F
:1015F0000E490648FFF752FA00BF4837BD4680BD86
:101600000008024000040240006402400020014043
:10161000002301400B0030000C0060000D00900022
:101620000E00C0000F00F000080080030900B003A6
:1016300080B58EB000AF07F12C0300221A605A600B
:101640009A6007F1180300221A605A609A60DA6003
:101650001A613B4600221A605A609A60DA601A6189
:101660005A614FF40070FFF7D3FD0120FFF7A0FD92
:1016700004233B6003237B6000233B613B46194608
:101680003E480DF02EFE08233B6003237B600023C1
:101690003B613B46194639480DF023FE4FF000727E
:1016A00002213748FFF742FB002202213448FFF7AE
:1016B00041FA002202213248FFF714FB4FF48072F6
:1016C00002212F48FFF75AFA002202212C48FFF787
:1016D00079FA4FF4806202212948FFF797FA4FF414
:1016E000006202212648FFF7B5FA4FF400520221AA
:1016F0002348FFF7D3FA02212148FFF73BFB0023E1
:10170000FB6200233B634FF480737B6307F12C0380
:1017100019461C480DF06CFC0023BB614FF480138C
:10172000FB6100233B6200237B624FF44073BB628A
:1017300007F11803194613480DF086FC4FF4806139
:101740001048FFF798F9104A4FF400710D48FFF761
:101750005CF901220C490B48FFF7A0F90B4A40F253
:1017600005210848FFF751F9002208490548FFF70D
:1017700095F900BF3837BD4680BD00BF000002406C
:101780000064024000210140030090020200600258
:1017900080B58EB000AF07F12C0300221A605A60AA
:1017A0009A6007F1180300221A605A609A60DA60A2
:1017B0001A613B4600221A605A609A60DA601A6128
:1017C0005A614FF48060FFF723FD0120FFF7F0FC22
:1017D00002233B6003237B6000233B613B461946A9
:1017E00032480DF07EFD4FF0806201213048FFF756
:1017F0009DFA002201212E48FFF79CF900220121C9
:101800002B48FFF76FFA4FF4807201212848FFF749
:10181000B5F9002201212648FFF7D4F94FF4806280
:1018200001212348FFF7F2F94FF40062012120481B
:10183000FFF710FA4FF4005201211D48FFF72EFA6E
:1018400001211B48FFF796FA0023FB6200233B634C
:1018500000237B6307F12C03194616480DF0C8FBE3
:101860000023BB610023FB6100233B6200237B62FA
:101870004FF44073BB6207F1180319460D480DF091
:10188000E3FB4FF480610B48FFF7F5F80A4A4FF489
:1018900000710848FFF7B9F8012207490548FFF72A
:1018A000FDF800BF3837BD4680BD00BF00000240D4
:1018B00000640240002201400100300280B500AF08
:1018C0000D4B0E4A1A600C4B00221A710A4B002273
:1018D0005A71094B00225A61074B00229A61064B4C
:1018E00001221A6204480CF0B9F80346002B01D01B
:1018F00001F0A6FA00BF80BD344300200030024052
:1019000080B5B2B000AF07F1AC0300221A605A6094
:101910009A60DA601A615A619A6107F194030022B1
:101920001A605A609A60DA601A615A613B1D90220F
:10193000002118460FF098FE4FF480437B6000238F
:10194000BB663B1D18460CF0F5FE0346002B01D08C
:1019500001F076FA0220FFF72BFC4023C7F8943001
:101960000223C7F898300323C7F89C300123C7F837
:10197000A0300023C7F8A4300423C7F8A83007F12B
:101980009403194628480DF0ACFC8023C7F8943026
:101990000223C7F898300323C7F89C300123C7F807
:1019A000A0300023C7F8A4300423C7F8A83007F1FB
:1019B000940319461C480DF094FC4FF40010FFF7F7
:1019C0000FFC1A48FFF74EFA002200211748FFF7D4
:1019D00021FA1648FFF736FA1448FFF70BFA1348B6
:1019E000FFF7F8F90023C7F8AC30114BC7F8B03057
:1019F0000023C7F8B4300023C7F8B8300023C7F875
:101A0000BC300023C7F8C0300023C7F8C43007F14A
:101A1000AC03194605480DF07BFD0448FFF7CAF9F1
:101A200000BFC837BD4680BD0004024000540040DE
:101A3000D619400080B500AF0B4B0C4A1A600A4B18
:101A400000225A60084B40F6FF72DA60064B40F6FF
:101A5000FF729A6004480CF0F3F80346002B01D0A3
:101A600001F0EEF900BF80BD584300200030004077
:101A700080B590B000AF07F1180328220021184666
:101A80000FF0F2FD3B4600221A605A609A60DA605D
:101A90001A615A614FF48050FFF7BAFB0120FFF73B
:101AA00087FB10233B6002237B600323BB60002382
:101AB000FB6000233B6105237B613B4619464C4894
:101AC0000DF00FFC20233B6002237B600323BB60EF
:101AD0000023FB6000233B6105237B613B461946E5
:101AE00043480DF0FEFB40233B6002237B60032351
:101AF000BB600023FB6000233B6105237B613B4609
:101B000019463B480DF0EDFB80233B6002237B60D0
:101B10000323BB600023FB6000233B6105237B6143
:101B20003B46194632480DF0DCFB4FF0C062032102
:101B30003048FFF7FBF8402203212E48FEF7FAFF5A
:101B40004FF4003203212B48FFF7CCF80022032189
:101B50002848FFF713F8002203212648FFF732F840
:101B60004FF4806203212348FFF750F8002203213D
:101B70002048FFF76FF8002203211E48FFF78EF878
:101B800003211C48FFF7F6F8FEF7B6FE03460022D5
:101B900000211846FEF706FF034619462320FEF7EC
:101BA000D7FE2320FEF7B6FE0023BB610023FB61B6
:101BB0004FF4E0633B6202237B620023BB6200239D
:101BC000FB6200237B630023BB630723FB6307F1F6
:101BD0001803194608480EF073F800210648FFF76D
:101BE00061F90548FFF781F900BF4037BD4680BD68
:101BF00000000240006402400030014080B590B017
:101C000000AF07F118032822002118460FF02CFD21
:101C10003B4600221A605A609A60DA601A615A6183
:101C20004FF48040FFF7DCFA0220FFF7C1FA4FF4CF
:101C300000533B6002237B600323BB600023FB60F7
:101C400000233B6105237B613B46194641480DF06B
:101C500048FB4FF480433B6002237B600323BB605F
:101C60000023FB6000233B6105237B613B46194653
:101C700038480DF036FB4FF400433B6002237B6095
:101C80000323BB600023FB6000233B6105237B61D2
:101C90003B4619462F480DF024FB4FF0905201218E
:101CA0002D48FFF743F8002201212B48FEF742FFA1
:101CB0004FF4403201212848FFF714F84FF48072A6
:101CC00001212548FEF75AFF002201212248FEF794
:101CD00079FF4FF4806201211F48FEF797FF4FF410
:101CE000006201211C48FEF7B5FF4FF400520121AC
:101CF0001948FEF7D3FF01211748FFF73BF80023EF
:101D0000BB614FF48273FB614FF470633B6200234D
:101D10007B620023BB624FF40073FB6200233B63D2
:101D200000237B630023BB630723FB6307F11803D6
:101D300019460A480DF0C4FF00210848FFF7B2F821
:101D40000648FFF7C2F80548FFF79CF800BF403788
:101D5000BD4680BD000402400060024000380040E3
:101D600080B590B000AF07F1180328220021184673
:101D70000FF07AFC3B4600221A605A609A60DA60E3
:101D80001A615A614FF40040FFF72AFA0420FFF766
:101D90000FFA4FF480633B6002237B600323BB6038
:101DA0000023FB6000233B6106237B613B46194611
:101DB00028480DF096FA4FF400633B6002237B60E5
:101DC0000323BB600023FB6000233B6106237B6190
:101DD0003B4619461F480DF084FA4FF480533B6090
:101DE00002237B600323BB600023FB6000233B6175
:101DF00006237B613B46194616480DF072FA002314
:101E0000BB614FF48273FB614FF4E0633B620023DC
:101E10007B620023BB624FF40073FB6200233B63D1
:101E200000237B630023BB630723FB6307F11803D5
:101E3000194609480DF044FF00210748FFF732F822
:101E40000548FFF742F80448FFF71CF800BF403789
:101E5000BD4680BD00080240003C004080B590B007
:101E600000AF07F118032822002118460FF0FCFBF1
:101E70003B4600221A605A609A60DA601A615A6121
:101E80004FF40050FFF7C4F91020FFF791F94FF419
:101E900080533B6002237B600323BB600023FB6015
:101EA00000233B6105237B613B46194628480DF022
:101EB00018FA4FF400533B6002237B600323BB609E
:101EC0000023FB6000233B6105237B613B461946F1
:101ED0001F480DF006FA4FF480433B6002237B60FD
:101EE0000323BB600023FB6000233B6105237B6170
:101EF0003B46194616480DF0F4F90023BB614FF438
:101F00008273FB614FF4E0633B6200237B62012339
:101F1000BB624FF40073FB6220233B6300237B63AF
:101F20000023BB630723FB6307F118031946094825
:101F30000DF0C6FE00210748FEF7B4FF0548FEF786
:101F4000D4FF0448FEF79EFF00BF4037BD4680BD6A
:101F5000001002400034014080B590B000AF07F19E
:101F600018032822002118460FF07EFB3B46002272
:101F70001A605A609A60DA601A615A614FF4001070
:101F8000FFF746F90220FFF713F908233B6002230D
:101F90007B600323BB600023FB6000233B610823BD
:101FA0007B613B46194657480DF09BF910233B6077
:101FB00002237B600323BB600023FB6000233B61A3
:101FC00008237B613B4619464E480DF08AF92023D1
:101FD0003B6002237B600323BB600023FB60002384
:101FE0003B6108237B613B46194646480DF079F971
:101FF0004FF0007205214448FEF798FE402205216B
:102000004148FEF797FD4FF4403205213E48FEF768
:1020100069FE002205213C48FEF7B0FD00220521A3
:102020003948FEF7CFFD4FF4806205213648FEF7B0
:10203000EDFD002205213448FEF70CFE00220521AB
:102040003148FEF72BFE05212F48FEF793FE4FF097
:10205000007206212C48FEF769FE002206212A485C
:10206000FEF768FD4FF4403206212748FEF73AFE9E
:10207000002206212448FEF781FD00220621224885
:10208000FEF7A0FD4FF4806206211F48FEF7BEFD5B
:10209000002206211C48FEF7DDFD002206211A4819
:1020A000FEF7FCFD06211848FEF764FE0023BB6125
:1020B0004FF48273FB614FF4E0633B6200237B6269
:1020C0000023BB624FF40073FB6200233B630023D9
:1020D0007B630023BB630723FB6307F118031946E7
:1020E0000A480DF0EDFD00210848FEF7DBFE074829
:1020F000FEF7EBFE0548FEF7C5FE00BF4037BD46C4
:1021000080BD00BF00040240006402400054014052
:1021100080B586B000AF3B1D00221A605A609A60FD
:10212000DA601A610120FFF773F8FEF7E5FB03465A
:10213000002200211846FEF735FC034619461920F7
:10214000FEF706FC1920FEF7E5FB0023BB80002309
:10215000BB604FF6FF73FB6000233B6100237B6194
:102160003B1D19460C480DF09FFE0B48FEF7DDFEA7
:1021700000210948FEF78CFF00210748FEF79EFF6B
:1021800000210548FEF7ADFF0348FEF7BDFF00BF85
:102190001837BD4680BD00BF0000014080B586B045
:1021A00000AF3B1D00221A605A609A60DA601A6123
:1021B0000120FFF715F8FEF79FFB034600220221DE
:1021C0001846FEF7EFFB034619461C20FEF7C0FB3E
:1021D0001C20FEF79FFB0023BB800023BB604FF059
:1021E000FF33FB6000233B613B1D19464FF08040ED
:1021F0000DF05AFE4FF08040FEF787FE00214FF0B1
:102200008040FEF745FF00214FF08040FEF756FF6B
:102210004FF08040FEF778FF00BF1837BD4680BD05
:1022200080B594B000AF07F13C0300221A605A60F9
:102230009A60DA601A6107F11C0320220021184617
:102240000FF012FA3B1D00221A605A609A60DA60A1
:102250001A615A610420FEF7C3FF0A23BB870023DB
:102260003B644CF250337B644FF40073BB6407F162
:102270003C03194655480DF017FE5448FEF755FE2D
:1022800000215248FEF704FF01215048FEF7B0FE3E
:102290006023FB6100233B6200237B620023BB625F
:1022A0000023FB6207F11C031A46012147480DF089
:1022B00095FE01214548FEF749FE10214348FEF7EF
:1022C00097FE07F11C031A46102140480DF086FEC8
:1022D00010213E48FEF73AFE4FF480713B48FEF76E
:1022E00087FE07F11C031A464FF4807137480DF042
:1022F00075FE4FF480713548FEF728FE4FF480518B
:102300003248FEF775FE07F11C031A464FF4805160
:102310002E480DF063FE4FF480512C48FEF716FE58
:1023200000212A48FEF7CAFE2848FEF7EDFE0820E5
:10233000FEF73EFF4FF480537B600223BB60002317
:10234000FB6000233B6100237B610223BB613B1DDB
:1023500019461F480CF0C5FF4FF400537B60022361
:10236000BB600023FB6000233B6100237B610223F1
:10237000BB613B1D194616480CF0B3FF4FF4804378
:102380007B600223BB600023FB6000233B610023D2
:102390007B610223BB613B1D19460D480CF0A1FF78
:1023A0004FF400437B600223BB600023FB600023EB
:1023B0003B6100237B610223BB613B1D194604483E
:1023C0000CF08FFF00BF5037BD4680BD00080040B5
:1023D000000C024080B5B2B000AF07F1AC030022A0
:1023E0001A605A609A60DA601A615A619A6107F15C
:1023F000940300221A605A609A60DA601A615A6186
:102400003B1D9022002118460FF02EF94FF4805307
:102410007B6000233B663B1D18460CF08BF903469E
:10242000002B01D000F00CFD4FF08040FEF7D8FEED
:102430001020FEF7BDFE8023C7F894300223C7F8B2
:1024400098300323C7F89C300023C7F8A03001233D
:10245000C7F8A4300823C7F8A83007F19403194639
:1024600028480CF03EFF4FF48073C7F894300223E5
:10247000C7F898300323C7F89C300023C7F8A03072
:102480000023C7F8A4300823C7F8A83007F1940345
:1024900019461C480CF025FFFEF72EFA03460022D1
:1024A0000B211846FEF77EFA034619465220FEF726
:1024B0004FFA5220FEF72EFA4FF4E133C7F8AC3052
:1024C0000023C7F8B0300023C7F8B4300023C7F8A2
:1024D000B8300C23C7F8BC300023C7F8C030002345
:1024E000C7F8C43007F1AC03194607480EF096F858
:1024F0000548FEF729FE0448FEF716FE00BFC83760
:10250000BD4680BD001002400078004080B5B2B0EA
:1025100000AF07F1AC0300221A605A609A60DA60DB
:102520001A615A619A6107F1940300221A605A6095
:102530009A60DA601A615A613B1D902200211846A8
:102540000FF092F840237B600023BB643B1D1846CC
:102550000CF0F0F80346002B01D000F071FC1020C5
:10256000FEF756FE0120FEF723FE4FF40073C7F876
:1025700094300223C7F898300323C7F89C30002317
:10258000C7F8A0300023C7F8A4300723C7F8A83045
:1025900007F19403194629480CF0A3FE4FF4806319
:1025A000C7F894300223C7F898300323C7F89C304B
:1025B0000023C7F8A0300123C7F8A4300723C7F8C9
:1025C000A83007F1940319461C480CF08AFEFEF768
:1025D00093F9034600220B211846FEF7E3F9034660
:1025E00019462520FEF7B4F92520FEF793F94FF49C
:1025F000E133C7F8AC300023C7F8B0300023C7F888
:10260000B4300023C7F8B8300C23C7F8BC3000231F
:10261000C7F8C0300023C7F8C43007F1AC0319462F
:1026200007480DF0FBFF0648FEF78EFD0448FEF755
:102630007BFD00BFC837BD4680BD00BF0000024023
:102640000010014080B5B2B000AF07F1AC0300222A
:102650001A605A609A60DA601A615A619A6107F1E9
:10266000940300221A605A609A60DA601A615A6113
:102670003B1D9022002118460EF0F6FF4FF4006338
:102680007B600023FB653B1D18460CF053F80346A6
:10269000002B01D000F0D4FB2020FEF7B9FD042070
:1026A000FEF786FD4023C7F894300223C7F8983020
:1026B0000323C7F89C300023C7F8A0300023C7F8D5
:1026C000A4300823C7F8A83007F194031946284816
:1026D0000CF007FE8023C7F894300223C7F8983027
:1026E0000323C7F89C300023C7F8A0300023C7F8A5
:1026F000A4300823C7F8A83007F1940319461C48F2
:102700000CF0EFFDFEF7F8F8034600220B21184607
:10271000FEF748F9034619464720FEF719F9472006
:10272000FEF7F8F84FF4E133C7F8AC300023C7F8F0
:10273000B0300023C7F8B4300023C7F8B8300C23FA
:10274000C7F8BC300023C7F8C0300023C7F8C43036
:1027500007F1AC03194607480DF060FF0548FEF786
:10276000F3FC0448FEF7E0FC00BFC837BD4680BD5F
:10277000000802400014014080B500AF4FF4800013
:10278000FEF716FD4FF40010FEF712FDFEF7B4F849
:102790000346002200211846FEF704F903461946B5
:1027A0000C20FEF7D5F80C20FEF7B4F8FEF7A4F8DD
:1027B0000346002200211846FEF7F4F803461946A6
:1027C0003920FEF7C5F83920FEF7A4F8FEF794F893
:1027D000034600220A211846FEF7E4F8034619468C
:1027E0003A20FEF7B5F83A20FEF794F8FEF784F8A1
:1027F0000346002200211846FEF7D4F80346194686
:102800003B20FEF7A5F83B20FEF784F8FEF774F8AE
:10281000034600220A211846FEF7C4F8034619466B
:102820003C20FEF795F83C20FEF774F8FEF764F8BC
:102830000346002209211846FEF7B4F8034619465C
:102840004420FEF785F84420FEF764F8FEF754F8BC
:102850000346002201211846FEF7A4F80346194654
:102860004520FEF775F84520FEF754F800BF80BDFF
:1028700080B586B000AF3B4600221A605A609A606D
:10288000DA601A615A611020FEF792FC0420FEF70C
:102890008FFC8020FEF78CFC0120FEF789FC0220D3
:1028A000FEF786FC0820FEF783FC0421C048FEF7F3
:1028B0006FFC0821BE48FEF76BFC1021BC48FEF7F8
:1028C00067FC2021BA48FEF763FC4021B848FEF7B8
:1028D0005FFC4FF40051B748FEF75AFC4FF48041BB
:1028E000B448FEF755FC4FF40041B248FEF750FCE7
:1028F0004FF40061B048FEF74BFC4FF48061AF48E5
:10290000FEF746FC4FF40061AD48FEF741FC4FF482
:102910000041AB48FEF73CFC0121A848FEF738FC1B
:102920000221A648FEF734FC1021A448FEF730FC33
:102930002021A248FEF72CFC4021A048FEF728FCED
:1029400004219D48FEF716FC4FF480619848FEF77D
:1029500011FC4FF400619648FEF70CFC4FF4004167
:102960009348FEF707FC4FF480619348FEF702FCA2
:102970004FF480519048FEF7FDFB4FF480718F4873
:10298000FEF7F8FB4FF400718C48FEF7F3FB4FF4B1
:1029900080718848FEF7EEFB04218848FEF7EAFBC9
:1029A00080218648FEF7E6FB4FF480718248FEF7EF
:1029B000E1FB4FF400718048FEF7DCFB01217C480D
:1029C000FEF7D8FB02217A48FEF7D4FB04233B60D4
:1029D00001237B600023BB600023FB6000233B617D
:1029E0003B46194672480CF07CFC08233B600123EF
:1029F0007B600023BB600023FB6000233B613B4600
:102A000019466B480CF06DFC10233B6001237B6082
:102A10000023BB600023FB6000233B613B4619465B
:102A200063480CF05EFC20233B6001237B600023A5
:102A3000BB600023FB6000233B613B4619465C48BA
:102A40000CF04FFC40233B6001237B600023BB6004
:102A50000023FB6000233B613B46194654480CF0C1
:102A600040FC4FF400533B6001237B600023BB60BC
:102A70000023FB6000233B613B4619464D480CF0A8
:102A800030FC4FF480433B6001237B600023BB603C
:102A90000023FB6000233B613B46194645480CF090
:102AA00020FC4FF400433B6001237B600023BB60AC
:102AB0000023FB6000233B613B4619463D480CF078
:102AC00010FC04233B6001237B600023BB600023D8
:102AD000FB6000233B613B46194637480CF001FC84
:102AE0004FF480633B6001237B600023BB600023C5
:102AF000FB6000233B613B4619462D480CF0F1FB7F
:102B00004FF400633B6001237B600323BB60002321
:102B1000FB6000233B613B46194625480CF0E1FB76
:102B20004FF400433B6001237B600023BB60002324
:102B3000FB6000233B613B4619461D480CF0D1FB6E
:102B40004FF480633B6001237B600023BB60002364
:102B5000FB6001233B613B46194617480CF0C1FB63
:102B60004FF400633B6001237B600023BB600023C4
:102B7000FB6002233B613B4619460F480CF0B1FB5A
:102B80004FF480533B6001237B600023BB60002334
:102B9000FB6000233B613B46194607480CF0A1FB54
:102BA0004FF480733B6001237B6003230AE000BF86
:102BB000001002400008024000040240000C0240E5
:102BC00000000240BB600023FB6000233B613B46EA
:102BD000194696480CF085FB4FF400733B600123C7
:102BE0007B600323BB600023FB6000233B613B460B
:102BF00019468E480CF075FB4FF480633B6001234F
:102C00007B600023BB600023FB6000233B613B46ED
:102C1000194686480CF065FB4FF400633B600023C7
:102C20007B6000233B613B46194680480CF059FB12
:102C30004FF480733B6001237B600023BB60002363
:102C4000FB6001233B613B46194679480CF049FB88
:102C50004FF400733B6000237B6000233B613B46E5
:102C6000194673480CF03DFB4FF480733B60002322
:102C70007B6000233B613B4619466E480CF031FBFC
:102C80004FF400633B6001237B600023BB600023A3
:102C9000FB6000233B613B46194666480CF021FB74
:102CA0004FF400433B6001237B600023BB600023A3
:102CB000FB6000233B613B4619465E480CF011FB6C
:102CC00001233B6001237B600023BB600023FB608A
:102CD00000233B613B46194654480CF002FB02239B
:102CE0003B6001237B600023BB600023FB6000236B
:102CF0003B613B4619464D480CF0F3FA04233B6018
:102D000001237B600023BB600023FB6000233B6149
:102D10003B46194645480CF0E4FA08233B60002383
:102D20007B6000233B613B46194640480CF0D9FAD2
:102D300010233B6001237B600023BB600023FB600A
:102D400000233B613B46194638480CF0CAFA202361
:102D50003B6001237B600023BB600023FB600023FA
:102D60003B613B46194631480CF0BBFA40233B60BF
:102D700001237B600023BB600023FB6000233B61D9
:102D80003B46194629480CF0ACFA80233B600123EE
:102D90007B600023BB600023FB6000233B613B465C
:102DA000194622480CF09DFA4FF480733B600123D2
:102DB0007B600023BB600023FB6000233B613B463C
:102DC00019461D480CF08DFA4FF400733B60012347
:102DD0007B600023BB600023FB6000233B613B461C
:102DE000194615480CF07DFA01233B6001237B60F6
:102DF0000023BB600023FB6000233B613B46194678
:102E00000E480CF06EFA02233B6001237B60002326
:102E1000BB600023FB6000233B613B46194607482B
:102E20000CF05FFA00BF1837BD4680BD000C0240B1
:102E3000000802400000024000040240001002406E
:102E400080B400AF72B600BF00BFFDE780B483B0AE
:102E500000AF0F4B1B6C0E4A43F0805313640C4BB6
:102E60001B6C03F080537B607B68094B5B6C084AEA
:102E700043F480435364064B5B6C03F480433B6034
:102E80003B6800BF0C37BD465DF8047B704700BF50
:102E90000038024080B485B000AF78607B681B6862
:102EA0000A4A93420BD10A4B1B6B094A43F48053E5
:102EB0001363074B1B6B03F48053FB60FB6800BF7D
:102EC0001437BD465DF8047B704700BF00300240F8
:102ED0000038024080B400AF00BFFDE780B400AF0F
:102EE00000BFFDE780B400AF00BFFDE780B400AFD6
:102EF00000BFFDE780B400AF00BFFDE780B400AFC6
:102F000000BFBD465DF8047B704780B400AF00BFD2
:102F1000BD465DF8047B704780B400AF00BFBD467E
:102F20005DF8047B704780B500AF04F0B7FB09F093
:102F30000FFA0AF08DFC00BF80BD80B500AF04F031
:102F40004BFD00BF80BD80B500AF04F0ADFE00BFFB
:102F500080BD80B400AF00BFBD465DF8047B704704
:102F600080B500AF04F0F4FA00BF80BD80B500AFBB
:102F700004F008FC00BF80BD80B400AF01231846F8
:102F8000BD465DF8047B704780B582B000AF7860C5
:102F900039600EF0C9FB034616221A604FF0FF336A
:102FA00018460837BD4680BD80B582B000AF786056
:102FB0004FF0FF317868FFF7E7FF00BFFDE780B50E
:102FC00086B000AFF860B9607A6000237B610AE0E8
:102FD000AFF300800146BB685A1CBA60CAB21A70CF
:102FE0007B6901337B617A697B689A42F0DB7B689D
:102FF00018461837BD4680BD80B586B000AFF86072
:10300000B9607A6000237B6109E0BB685A1CBA6032
:103010001B781846AFF300807B6901337B617A69C6
:103020007B689A42F1DB7B6818461837BD4680BD45
:1030300080B483B000AF78604FF0FF3318460C3790
:10304000BD465DF8047B704780B483B000AF786004
:1030500039603B684FF400525A60002318460C3721
:10306000BD465DF8047B704780B483B000AF7860E4
:10307000012318460C37BD465DF8047B704780B4C9
:1030800085B000AFF860B9607A6000231846143745
:10309000BD465DF8047B704780B586B000AF7860B0
:1030A000144A154BD31A7B617B693B61134B1B6838
:1030B000002B02D1114B124A1A60104B1A687B6820
:1030C00013443A699A4207D20EF02EFB03460C22B3
:1030D0001A604FF0FF3309E0084B1B68FB60074B99
:1030E0001A687B681344054A1360FB681846183752
:1030F000BD4680BD00000820000400006843002099
:1031000018E1022080B400AF064BD3F88830054A9E
:1031100043F47003C2F8883000BFBD465DF8047BFD
:10312000704700BF00ED00E0DFF834D0FFF7EAFFA2
:103130000C480D490D4A002302E0D458C450043312
:10314000C4188C42F9D30A4A0A4C002301E01360E8
:103150000432A242FBD30EF0EDFAFEF771F870478D
:10316000000008200000002014430020A07F010878
:103170001843002018E10220FEE780B500AF01F0FF
:1031800085FE02F081FA03F09FFE00BF80BD80B58E
:1031900000AF042001F0ACFE062002F0BFFA0A20C6
:1031A00003F0CAFE00BF80BD80B500AF08F0B0FFDD
:1031B00000BF80BD80B584B000AFF860B9607A60B0
:1031C000FB70FB68BA68DA63FB687A681A64FB68AC
:1031D000FA7883F84520084B1B684FF6FF72A3F876
:1031E0004220FB680549184609F024F800231846D8
:1031F0001037BD4680BD00BF04000020E45B01081D
:1032000080B582B000AF78607B680022DA637B68AB
:103210004FF480421A647B68012283F84520084BF2
:103220001B684FF6FF72A3F842207B6805491846D9
:1032300009F000F8002318460837BD4680BD00BFDE
:1032400004000020E45B010880B582B000AF786024
:103250007B680449184608F0EDFF0023184608373C
:10326000BD4680BDF85B010880B582B000AF7860D4
:103270007B680449184608F0DDFF0023184608372C
:10328000BD4680BD0C5C010880B582B000AF78609F
:103290007B680449184608F0CDFF0023184608371C
:1032A000BD4680BD205C010880B584B000AFF860E9
:1032B000B9607A60BB68012B02D87B68642B01D9A6
:1032C000062318E0FB6893F84D30002B06D0002051
:1032D00003F0D0FFFB68002283F84D207968B868BE
:1032E00004F0D0F87B68D9B2FA68BB68134449335C
:1032F0000A461A70002318461037BD4680BD80B5B7
:1033000082B000AF786039603B68242B01D9062376
:1033100014E07B6893F84D30012B06D0012003F0B8
:10332000A9FF7B68012283F84D20386803F0E6FF8F
:103330003B68DAB27B6883F84B20002318460837D5
:10334000BD4680BD80B582B000AF786039603B6813
:10335000082B01D9062314E07B6893F84D30012B2C
:1033600006D0012003F086FF7B68012283F84D2000
:10337000386803F0FBFF3B68DAB27B6883F84C20C7
:10338000002318460837BD4680BD80B582B000AF27
:1033900078607B6893F84D30012B06D0012003F054
:1033A00069FF7B68012283F84D2004F011F87B68E7
:1033B000FF2283F84C20002318460837BD4680BD05
:1033C000B0B582B000AF786039603B681B68002BF5
:1033D00004D03B681B68194A934201D9062328E0B0
:1033E0003B681B79002B03D03B681B79242B01D948
:1033F00006231EE03B685B79642B01D9062318E0A5
:103400003B68DB68B3F5006F01D9062311E03B6828
:103410001B69002B01D106230BE07B683A6803F19E
:10342000280415460FCD0FC42B68236000F054F814
:10343000002318460837BD46B0BD00BF50F80C0049
:10344000B0B483B000AF786039603A687B681546E5
:1034500003F128040FCC0FC523682B6000BF0C3785
:10346000BD46B0BC7047000080B584B000AF786046
:103470007B682833FB60FB681B68002B04D0FB686B
:103480001B68134A934201D906231CE0FB681B7991
:10349000002B03D0FB681B79242B01D9062312E0F3
:1034A000FB685B79642B01D906230CE0FB68DB68C1
:1034B000B3F5006F01D9062305E07B68054918467E
:1034C00008F0B8FE002318461037BD4680BD00BF87
:1034D00050F80C00D05B010880B582B000AF03F05B
:1034E0006FFD0F4B4FF0BC321A600E4B9B6A0C4ABB
:1034F00053600C4BDA8D0A4B1A810A4B1A8E084B1B
:103500005A81084B5A8E064B9A8100237B60044AED
:103510007B68136103F078FD00BF0837BD4680BDAE
:10352000004002406C43002080B586B000AF786058
:1035300007F10C0300221A605A609A600E23BB81C7
:103540007B6807F10C021146184608F073FE002351
:1035500018461837BD4680BD80B500AF074BDB6904
:10356000184608F0DCF9054BDB69184608F006FA46
:10357000034B4FF0FF321A6200BF80BDC8430020EA
:103580000078004080B500AF0C4B1B68184603F074
:10359000DCF80346002B01D001230CE0084B1B880C
:1035A000074A12881946074808F08EFE064B01228A
:1035B00083F828200023184680BD00BF08000020A3
:1035C0000C000020344400201C44002080B500AFD3
:1035D000074808F099FE074B1B68184603F044F9AA
:1035E000054B002283F828200023184680BD00BF29
:1035F00034440020080000201C44002080B483B024
:1036000000AF0346FB80044AFB88138000BF0C37E1
:10361000BD465DF8047B70470C00002080B400AF0D
:10362000BFF34F8F00BF064BDB6803F4E062044931
:10363000044B1343CB60BFF34F8F00BF00BFFDE7C8
:1036400000ED00E00400FA0580B584B000AFF8603A
:10365000B9607A6003F0EAFF00BF1037BD4680BD55
:1036600080B5ADF5826D00AF07F58263A3F2044328
:10367000186007F58263A3F58163196007F582631B
:10368000A3F20C431A6007F58263A3F58063184622
:103690004FF480631A4600210DF0E6FF07F1100396
:1036A0001A464FF48061002004F04AFB07F582635C
:1036B000A3F204430849186807F01CFF07F582636A
:1036C000A3F204430549186807F014FF00BF07F58B
:1036D0008267BD4680BD00BFE83B0108F83B01089A
:1036E00080B5ADF5836D00AF07F58363A3F20C439E
:1036F000186007F58363A3F58263196007F5836398
:10370000A3F214431A6007F114031A464FF48061C0
:10371000002004F027FB07F58363A3F20C431F4945
:10372000186807F0E7FE0023C7F8143424E007F513
:103730008363A3F20442D7F8143413441B781A4667
:1037400007F58363A3F20C431549186807F0D2FE0E
:10375000D7F81434013303F00F03002B07D107F51A
:103760008363A3F20C430F49186807F0C3FED7F830
:1037700014340133C7F81434D7F81434B3F5806F18
:10378000D5DB07F58363A3F20C430649186807F0FD
:10379000B1FE00BF07F58367BD4680BDFC3B010855
:1037A000143C01081C3C010880B588B000AFF860EB
:1037B000B9607A6007F11403074A0A2118460DF030
:1037C000CDFD07F114031946F86806F01CFC00BF94
:1037D0002037BD4680BD00BF5446010880B584B087
:1037E00000AFF860B9607A60FFF718FF80B588B065
:1037F00000AFF860B9607A600023BB610023FB82F0
:10380000B86806F0F1FC03467B757B7D012B04D084
:103810002E49F86807F06EFE54E00121B86806F002
:10382000ADFC38613B691B78612B22D10023FB770B
:103830001BE0FB7F184603F037FF0346FB82B7F916
:10384000163013F5004F06D1FB7F1A462049F86861
:1038500007F050FE06E0FA7FB7F916301D49F86808
:1038600007F048FEFB7F0133FB77FB7F072BE0D996
:1038700028E03B691B782F2B20D93B691B78372B1D
:103880001CD838690CF090FF0346BB61B86903F09F
:103890000BFF0346FB82B7F9163013F5004F05D135
:1038A000BA690B49F86807F025FE0BE0B7F9163046
:1038B000BA690849F86807F01DFE03E00649F86890
:1038C00007F018FE2037BD4680BD00BF5C460108EA
:1038D0007C46010890460108A446010880B588B0DE
:1038E00000AFF860B9607A60B86806F07DFC034606
:1038F000FB61FB69012B04D01549F86807F0FAFD5C
:1039000023E0144B1B68184602F0EEFF034683F0D9
:103910000103DBB2002B04D00F49F86807F0EAFD81
:1039200013E00121B86806F029FCB861B8690CF011
:103930003BFF03467B61074B1B687969184602F021
:1039400019FC0649F86807F0D5FD2037BD4680BD53
:103950005C46010810000020B84601080447010831
:1039600080B584B000AFF860B9607A600A4B1B681C
:10397000184602F018FC0346002B04D00749F868EB
:1039800007F0B8FD03E00649F86807F0B3FD00BF93
:103990001037BD4680BD00BF10000020044701085D
:1039A0000C47010880B588B000AFF860B9607A6054
:1039B000B86806F019FC0346BB61BB69012B04D053
:1039C0003849F86807F096FD69E0374B1B681846E0
:1039D00002F08AFF034683F00103DBB2002B04D020
:1039E0003249F86807F086FD59E00121B86806F011
:1039F000C5FB786100233B617B691B78612B25D176
:103A00000023FB611EE0284B1B68F969184602F091
:103A100010FC38613B69002B0CD1234B1B68002242
:103A2000F969184602F0F4FFFA692149F86807F0CD
:103A300061FD04E0FA691F49F86807F05BFDFB6966
:103A40000133FB61FB69032BDDD928E07B691B781F
:103A50002F2B24D97B691B78332B20D878690CF065
:103A6000A3FE0346FB61104B1B68F969184602F080
:103A7000E0FB38613B69002B0CD10B4B1B6800222B
:103A8000F969184602F0C4FFFA690949F86807F0B5
:103A900031FD04E0FA690749F86807F02BFD20378B
:103AA000BD4680BD5C460108100000201447010897
:103AB0005C4701087047010880B588B000AFF86026
:103AC000B9607A60B86806F08FFB0346FB61FB695A
:103AD000012B04D01549F86807F00CFD22E0012104
:103AE000B86806F04BFBB861B8690CF05DFE0346A0
:103AF000FB82FB8AB3F5FA7F04D3FB8A40F6B83227
:103B0000934204D90A49F86807F0F4FC0AE0094B2B
:103B10001B68FA8A1146184602F09EFF0649F868AB
:103B200007F0E8FC2037BD4680BD00BF884701088C
:103B3000B0470108100000200447010880B586B096
:103B400000AFF860B9607A60084B1B68184602F055
:103B50009FFF0346FB82FB8A1A460549F86807F077
:103B6000C9FC00BF1837BD4680BD00BF1000002053
:103B7000E447010880B588B000AFF860B9607A60AA
:103B8000B86806F031FB0346BB61BB69042B04D067
:103B90003149F86807F0AEFC5BE0304B1B68184613
:103BA00002F088FE0346FB750023FB614AE0FB69D7
:103BB0009BB201339BB21946B86806F0DFFA0346A0
:103BC00018460CF0F1FD0346D9B207F11002FB696B
:103BD00013440A461A7007F11002FB6913441B785C
:103BE000012B05D9FA691E49F86807F083FC30E01B
:103BF00007F11002FB6913441B78002B08D1174B07
:103C00001B68FA69D2B21146184602F091FB16E021
:103C1000FB7DFA699A4205D1FA691249F86807F002
:103C200069FC0CE00D4B1B68FA69D2B211461846CC
:103C300002F05DFBFA690C49F86807F05BFCFB6970
:103C40000133FB61FB69032BB1D90849F86807F020
:103C500051FC2037BD4680BD0848010810000020F7
:103C60002C48010854480108784801080447010815
:103C700080B586B000AFF860B9607A60134B1B68FE
:103C8000184602F078FB0346FB7400237B6115E0C5
:103C9000FA7C7B6942FA03F303F00103002B05D0A1
:103CA0007A690B49F86807F025FC04E07A6909494C
:103CB000F86807F01FFC7B6901337B617B69032B8C
:103CC000E6D900BF00BF1837BD4680BD10000020F8
:103CD000784801089048010880B58CB000AFF860C2
:103CE000B9607A60354B1B68184602F0FDFD03464B
:103CF00083F00103DBB2002B04D03149F86807F0F0
:103D0000F9FB58E0B86806F06FFA0346FB62FB6AFD
:103D1000032B04D02B49F86807F0ECFB4BE00121A2
:103D2000B86806F02BFAB862B86A0CF03DFD03469D
:103D30007B627B6A032B04D92349F86807F0DAFB1E
:103D400039E00221B86806F019FA3862386A0CF0D6
:103D50002BFD0346FB61FB69012B04D91B49F86865
:103D600007F0C8FB27E00321B86806F007FAB8613E
:103D7000B8690CF019FD0346FB82FB8A40F6B832A5
:103D8000934204D91249F86807F0B4FB13E00B4BD7
:103D90001868FB8AFA69796A02F0BAFD38613B69F2
:103DA000002B04D00B49F86807F0A4FB03E00A4994
:103DB000F86807F09FFB3037BD4680BD100000203B
:103DC000A8480108CC480108F84801081C49010826
:103DD000404901080C4701080447010880B58AB032
:103DE00000AFF860B9607A602A4B1B68184602F091
:103DF0007BFD034683F00103DBB2002B04D0264990
:103E0000F86807F077FB41E0B86806F0EDF9034683
:103E10007B627B6A022B04D02049F86807F06AFBBA
:103E200034E00121B86806F0A9F93862386A0CF06C
:103E3000BBFC0346FB61FB69032B04D91849F868F6
:103E400007F058FB22E00221B86806F097F9B86144
:103E5000B8690CF0A9FC03467B610E4B18687B69BE
:103E6000002B14BF01230023DBB21A46F96902F0CC
:103E7000CFFD38613B69002B04D00A49F86807F090
:103E800039FB03E00849F86807F034FB2837BD46E2
:103E900080BD00BF10000020A84801086C4901083F
:103EA000F84801080C4701080447010880B58CB0A8
:103EB00000AFF860B9607A60B86806F095F903461B
:103EC000BB62BB6A032B04D04149F86807F012FBC0
:103ED0007AE00121B86806F051F97862786A0CF04E
:103EE00063FC03467B847B8C4EF66022934204D9AC
:103EF0003849F86807F0FEFA66E00221B86806F073
:103F00003DF9F861344B1B68184602F034FA034659
:103F1000FB76FB691B786F2B07D1042387F82F30C2
:103F20002E49F86807F0E6FA1EE0FB691B782F2B94
:103F30001AD9FB691B78332B16D8F8690CF034FCBE
:103F4000034687F82F30FA7E97F82F3042FA03F3B2
:103F500003F00103002B07D097F82F301A462049B1
:103F6000F86807F0C7FA2FE00321B86806F006F9F1
:103F7000786178690CF018FC03463B613B69B3F546
:103F8000FA7F04D33B6940F6B832934204D915490D
:103F9000F86807F0AFFA17E07B8C1846FFF72EFBA6
:103FA0000D4B1B6897F82F201146184602F098FB1E
:103FB000094B1B683A6992B21146184602F0A9FBF8
:103FC0000949F86807F096FA3037BD4680BD00BF52
:103FD0008C490108C049010810000020F04901087F
:103FE000084A0108B04701080447010880B584B0B9
:103FF00000AFF860B9607A60FFF7C4FA0349F86867
:1040000007F078FA00BF1037BD4680BD04470108AD
:1040100080B584B000AFF860B9607A60FFF7D6FA77
:104020000349F86807F066FA00BF1037BD4680BD47
:104030000447010880B586B000AFF860B9607A60C7
:104040000F4B1B68184602F035FC0346FB750C4B02
:104050001B68184602F03BFC0346BB82FB7D042B29
:1040600004D10849F86807F045FA05E0FA7DBB8AF3
:104070000549F86807F03EFA1837BD4680BD00BF15
:1040800010000020F04901082C4A010880B588B0D2
:1040900000AFF860B9607A60B86806F0A5F803462A
:1040A000FB61FB69012B04D01249F86807F022FA82
:1040B0001CE00121B86806F061F8B861B8690CF03D
:1040C00073FB0346FB75FB7D642B04D90A49F86832
:1040D00007F010FA0AE0094B1B68FA7D11461846F2
:1040E00002F056F90649F86807F004FA2037BD4691
:1040F00080BD00BF584A01087C4A0108100000201A
:104100000447010880B586B000AFF860B9607A60F6
:10411000084B1B68184602F051F90346FB75FB7DFE
:104120001A460549F86807F0E5F900BF1837BD469B
:1041300080BD00BF10000020A04A010880B588B0F3
:1041400000AFF860B9607A60B86806F04DF80346D1
:10415000BB61BB69042B04D02649F86807F0CAF993
:1041600045E00023FB613BE0FB699BB201339BB25E
:104170001946B86806F002F8034618460CF014FB1E
:104180000346D9B207F11402FB6913440A461A70B8
:1041900007F11402FB6913441B78012B05D9FA6956
:1041A0001549F86807F0A6F921E007F11402FB6948
:1041B00013441B78002B08D1104B1B68FA69D2B24C
:1041C0001146184602F028F907E00C4B1B68FA6903
:1041D000D2B21146184602F0FEF8FB690133FB61CA
:1041E000FB69032BC0D90649F86807F083F920372B
:1041F000BD4680BDBC4A01082C48010810000020C3
:104200000447010880B586B000AFF860B9607A60F5
:10421000124B1B68184602F022F90346FB74002378
:104220007B6113E0FA7C7B6942FA03F303F001033C
:10423000002B04D00A49F86807F05CF903E009494B
:10424000F86807F057F97B6901337B617B69032BC1
:10425000E8D900BF00BF1837BD4680BD1000002060
:10426000E44A0108FC4A010880B58AB000AFF86052
:10427000B9607A60B86805F0B7FF03467B627B6A75
:10428000022B04D01E49F86807F034F934E001210C
:10429000B86805F073FF3862386A0CF085FA034697
:1042A000FB83B7F91E30B3F57A7F04DD1549F86852
:1042B00007F020F920E00221B86805F05FFFB8613F
:1042C000B8690CF071FA0346FB82B7F9163013F5A2
:1042D0007A7F04DA0C49F86807F00CF90CE00B4B14
:1042E0001B68B7F91620B7F91E10184602F018F926
:1042F0000749F86807F0FEF82837BD4680BD00BFC3
:10430000184B0108504B01087C4B0108100000209D
:104310000447010880B586B000AFF860B9607A60E4
:104320000C4B1B6807F114021146184602F00EF9F7
:10433000B7F914301A460849F86807F0DBF8B7F9FE
:1043400016301A460549F86807F0D4F800BF183748
:10435000BD4680BD10000020AC4B0108CC4B0108CD
:1043600080B588B000AFF860B9607A60B86805F0D1
:104370003BFF0346FB61FB69012B04D00E49F86843
:1043800007F0B8F815E00121B86805F0F7FEB8614C
:10439000B8690CF009FA0346FB82084B1B68B7F9B1
:1043A00016201146184602F067F80549F86807F02C
:1043B000A1F82037BD4680BDEC4B0108100000205D
:1043C0000447010880B586B000AFF860B9607A6034
:1043D000084B1B68184602F05FF80346FB82B7F9EA
:1043E00016301A460449F86807F084F800BF1837F9
:1043F000BD4680BD10000020144C010880B58AB075
:1044000000AFF860B9607A60B86805F0EDFE034669
:104410007B627B6A022B04D01C49F86807F06AF8BB
:1044200030E00121B86805F0A9FE3862386A0CF066
:10443000BBF90346FB61FB69072B04D91449F868F3
:1044400007F058F81EE00221B86805F097FEB86141
:10445000B8690CF0A9F903467B617B69072B04D985
:104460000C49F86807F046F80CE00B4B1B68FA693A
:10447000D1B27A69D2B2184602F01BF80749F8683F
:1044800007F038F82837BD4680BD00BF344C01081E
:104490004C4C0108704C0108100000200447010832
:1044A00080B586B000AFF860B9607A600023BB8247
:1044B0000B4B1B6807F114021146184602F01AF85C
:1044C0003B7D1A460749F86807F014F87B7D1A46C9
:1044D0000549F86807F00EF800BF1837BD4680BDE3
:1044E00010000020944C0108A84C010880B588B049
:1044F00000AFF860B9607A60B86805F075FE0346F1
:10450000FB61FB69012B04D01249F86806F0F2FF49
:104510001CE00121B86805F031FEB861B8690CF003
:1045200043F90346FB75FB7D012B04D90A49F86862
:1045300006F0E0FF0AE0094B1B68FA7D11461846B9
:1045400002F0AEF80649F86806F0D4FF2037BD4601
:1045500080BD00BFBC4C0108D44C010810000020F5
:104560000447010880B586B000AFF860B9607A6092
:104570000A4B1B68184602F0A7F80346FB75FB7D43
:10458000002B01D0064B00E0064B1A460649F8689E
:1045900006F0B0FF00BF1837BD4680BD10000020F8
:1045A000004D0108044D0108084D010880B584B094
:1045B00000AFF860B9607A60064B1B68184601F0DE
:1045C000B5FD0549F86806F095FF00BF1037BD46F8
:1045D00080BD00BF100000200447010880B584B0F2
:1045E00000AFF860B9607A60064B1B68184601F0AE
:1045F00079FD0549F86806F07DFF00BF1037BD461C
:1046000080BD00BF100000200447010880B588B0BD
:1046100000AFF860B9607A60B86805F0E5FD034660
:10462000FB61FB69012B04D01349F86806F062FFB7
:104630001EE00121B86805F0A1FDB861B8690CF071
:10464000B3F80346FB82B7F91630642B04DD0B493F
:10465000F86806F04FFF0BE0094B1B68B7F916200E
:1046600000211846FEF720FE0649F86806F042FFD2
:104670002037BD4680BD00BF244D01084C4D0108C8
:10468000140000200447010880B588B000AFF8602E
:10469000B9607A60B86805F0A7FD0346FB61FB6965
:1046A000012B04D01349F86806F024FF1EE0012115
:1046B000B86805F063FDB861B8690CF075F8034699
:1046C000FB82B7F91630642B04DD0B49F86806F05D
:1046D00011FF0BE0094B1B68B7F9162001211846A2
:1046E000FEF7E2FD0649F86806F004FF2037BD46F4
:1046F00080BD00BF704D01084C4D01081400002022
:104700000447010880B588B000AFF860B9607A60EE
:104710000023FB830023BB83B86805F065FD0346D7
:10472000FB76FB7E012B04D02049F86806F0E2FE00
:1047300039E00121B86805F021FD78617B691B78BB
:10474000612B0ED102F0B2FE0346FB8302F0D6FECF
:104750000346BB83FA8BBB8B1549F86806F0CAFE8B
:1047600021E07B691B78302B0AD102F09FFE0346C3
:10477000FB83FB8B1A460F49F86806F0BBFE12E07C
:104780007B691B78312B0AD102F0B8FE0346BB834C
:10479000BB8B1A460849F86806F0ACFE03E00749EF
:1047A000F86806F0A7FE2037BD4680BD5C460108CC
:1047B000B84D0108F04D01080C4E0108A44601084F
:1047C00080B588B000AFF860B9607A60B86805F06D
:1047D0000BFD0346FB61FB69012B04D01349F8680C
:1047E00006F088FE1EE00121B86805F0C7FCB8613C
:1047F000B8690BF0D9FF78617B69242B02DC7B69F7
:10480000002B04DC0A49F86806F074FE0AE0094B44
:104810001B687A6911461846FEF771FD0649F8686B
:1048200006F068FE2037BD4680BD00BF284E010857
:104830004C4E0108140000200447010880B588B0E0
:1048400000AFF860B9607A60B86805F0CDFC034647
:10485000FB61FB69012B04D01349F86806F04AFE9E
:104860001EE00121B86805F089FCB861B8690BF059
:104870009BFF78617B69082B02DC7B69002B04DCE1
:104880000A49F86806F036FE0AE0094B1B687A69A7
:1048900011461846FEF756FD0649F86806F02AFE4E
:1048A0002037BD4680BD00BF704E0108944E010800
:1048B000140000200447010880B584B000AFF86000
:1048C000B9607A6002F03CFD0349F86806F012FE18
:1048D00000BF1037BD4680BD0447010880B584B0D5
:1048E00000AFF860B9607A60064B1B681846FEF7A7
:1048F0004CFD0549F86806F0FDFD00BF1037BD46C8
:1049000080BD00BF140000200447010880B592B0AC
:1049100000AFF860B9607A60B86805F065FC0346DE
:104920007B647B6C062B04D05E49F86806F0E2FDE0
:10493000B5E00121B86805F021FC034618460BF0EC
:1049400033FF03463B643B6CB3F57A7F03D33B6C88
:10495000554A934204D95549F86806F0CBFD9EE0CC
:104960000221B86805F00AFC034618460BF01CFF4C
:104970000346FB63FB6B002B02D0FB6B242B04D99B
:104980004B49F86806F0B6FD89E00321B86805F0E8
:10499000F5FB034618460BF007FF0346BB63BB6BF2
:1049A000642B04D94349F86806F0A4FD77E004219C
:1049B000B86805F0E3FB034618460BF0F5FE034626
:1049C0007B637B6B002B04D13B49F86806F092FDBA
:1049D00065E00521B86805F0D1FB034618460BF0E9
:1049E000E3FE03463B633B6B002B04D13349F8687D
:1049F00006F080FD53E00621B86805F0BFFB0346D2
:104A000018460BF0D1FE0346FB62FB6A002B04D173
:104A10002B49F86806F06EFD41E07A6B3B6B1A4457
:104A2000FB6A13443A6C02FB03F3264AA2FB0323FE
:104A30001B0CBB62BB6AB3F5006F04D92249F8684E
:104A400006F058FD2BE03B6C7B61FB6BDBB23B76E9
:104A5000BB6BDBB27B767B6B9BB27B833B6B9BB28E
:104A6000BB83FB6A9BB2FB83BB6A3B62174A3B6C0E
:104A7000B2FBF3F37B62164B1B6807F1140211467D
:104A80001846FEF79DFC0346002B04D11149F86837
:104A900006F030FD03E01049F86806F02BFD4837BA
:104AA000BD4680BDB44E010850F80C00204F0108EF
:104AB000484F0108644F0108844F0108A84F0108BE
:104AC000D04F0108D34D6210F44F010840420F004F
:104AD00014000020044701080C470108F0B591B00C
:104AE00006AFF860B9607A60104B1B6807F11402DA
:104AF00011461846FEF7A4FC7A693B7E1E467B7E73
:104B000019467B8B1846BB8B1C46FB8B1D463B6AAC
:104B10000493039502940190009133460449F86888
:104B200006F0E8FC00BF2C37BD46F0BD14000020A5
:104B30001C50010880B584B000AFF860B9607A609D
:104B40000C4B1B681846FEF78FFC0346002B04D065
:104B50000949F86806F0CEFC07E0084B1B681846C8
:104B6000FEF7E2FC064B01221A7000BF1037BD466B
:104B700080BD00BF14000020B850010818000020BC
:104B80004844002080B588B000AFF860B9607A6012
:104B9000B86805F029FB0346FB61FB69032B04D0D1
:104BA0003349F86806F0A6FC5FE0324B1B6893F8C7
:104BB0004830052B10D02F4B1B6893F84830032B3F
:104BC0000AD02C4B1B6893F84830042B04D02A4998
:104BD000F86806F08FFC48E00121B86805F0CEFACD
:104BE000034618460BF0E0FD0346BB61BB69B3F515
:104BF000001F04D32149F86806F07CFC35E002214F
:104C0000B86805F0BBFA034618460BF0CDFD034625
:104C10007B61BB69C3F500137A699A4203D87B694B
:104C2000B3F5007F08D2BB69C3F500131A461449D7
:104C3000F86806F05FFC18E00321B86805F09EFAFA
:104C4000034618460BF0B0FD0346FB74FB7C012BBA
:104C500004D90C49F86806F04DFC06E0054B1868CD
:104C6000FB7C7A69B969FEF7A5FA2037BD4680BD9D
:104C7000D8500108140000201051010830510108DB
:104C80005C5101088851010880B584B000AFF8601C
:104C9000B9607A60084B1B78002B05D0074B1B6866
:104CA0001846FEF7ADFA04E00549F86806F022FC64
:104CB00000BF1037BD4680BD4844002014000020CE
:104CC000C051010880B400AF024B1846BD465DF8E4
:104CD000047B7047345C010880B400AF2E23184673
:104CE000BD465DF8047B704780B483B000AF786048
:104CF0007B68DB6903F02003202B01D1012300E056
:104D0000002318460C37BD465DF8047B704780B41D
:104D100083B000AF78607B685B6ADBB218460C3703
:104D2000BD465DF8047B704780B500AF4FF48062EC
:104D30000849094806F07AFF4FF4805207490848AD
:104D400006F074FF064B044A0649074806F0E9FCE2
:104D500000BF80BD24450020FC44002024490020E1
:104D60001045002000140140EC440020B0B588B08C
:104D700000AF1B4B3C1D1D460FCD0FC495E807002F
:104D800084E80700FFF79EFF0346BB61FFF7A4FF1F
:104D90000346BB833B1D184604F0F3FF0346114A4C
:104DA0001360104B1B68002B05D101210E4802F047
:104DB000FBF8012310E00B4B1B680C4A1A60094BEF
:104DC0001C683B1D184604F0ABFF03461A46084911
:104DD000204606F08FFB002318462037BD46B0BDA5
:104DE000045201082859002084600108F54D00088C
:104DF000E451010880B582B000AF78600B46FB70CB
:104E0000FB781946034806F00FFD00BF0837BD4682
:104E100080BD00BFEC44002080B584B002AF786054
:104E200039607B68002B03D10021154802F0BCF8E3
:104E300078683B68DA683B681B6900931346114A3F
:104E4000114907F0B3F97B6820337A6806211846C8
:104E500007F018FA3B685A687B68DA613B689A6821
:104E60007B689A613B681A687B685A617B6820336B
:104E7000184607F049FA00BF0837BD4680BD00BF9D
:104E800084600108914F0008114F000880B588B078
:104E900002AFFFF749FF022300931E233C220D4976
:104EA0000D4806F09EFDFFF761FF0C4B7B600C4B3D
:104EB0001B68BB600B4BFB600B4B3B61064B7B6184
:104EC0003B1D19460948FFF7A7FF00BF1837BD462D
:104ED00080BD00BF94440020D0440020D94F00087A
:104EE00028590020EC440020904400204C4400202D
:104EF00080B582B000AF0346FB71FB7919460348C9
:104F000007F06EF900BF0837BD4680BD4C44002055
:104F100080B582B000AF786039607B68002B03D128
:104F20000721154802F040F87B689B69184606F097
:104F300014FC7B6820330A220A21184607F0C4F9C2
:104F40000E4B1B680E49184606F0D4FA0B4B1B6833
:104F50000C49184606F0CEFA084B1B680A49184659
:104F600006F0C8FA054B1B680849184606F0C2FA55
:104F700000BF0837BD4680BD846001082859002065
:104F80002052010850520108705201088C52010849
:104F900080B584B000AF786039607B685B69FB6086
:104FA0007B685B693968786898470346FB72FB7ACF
:104FB000002B08D1FB680649786898477B685B69D5
:104FC00004497868984700BF1037BD4680BD00BFD0
:104FD000906001088C60010880B582B000AF7860F5
:104FE00039607B68002B03D10321244801F0DCFFEA
:104FF0003B68002B03D10421204801F0D5FF3B681A
:105000001B88013B072B34D801A252F823F000BFC4
:1050100031500008735000084350000873500008D6
:1050200073500008515000085F5000086950000894
:105030007B6820330A220A21184607F045F901232C
:1050400018E07B682033184607F05EF9012311E071
:105050000B4B1B68184604F046FF01230AE07B68EF
:10506000084A5A61002305E07B68074A5A61002319
:1050700000E0022318460837BD4680BD8460010861
:10508000285900201D5100082D52000880B582B01B
:1050900000AF0B48FFF728FE0346002B0BD0084853
:1050A000FFF735FE0346FB71064B1B68FA79114684
:1050B000184604F0F5FE00BF0837BD4680BD00BFAE
:1050C000001401402859002080B584B000AF7860FA
:1050D0007B689B69184606F051FCF860FB68002B62
:1050E00008D0064B1B78002B04D07B680449184677
:1050F00007F0A0F800BF1037BD4680BD245900203E
:105100009460010880B500AFFFF7C0FF0248FFF7C9
:10511000DBFF00BF80BD00BF4C44002080B584B0E1
:1051200000AF786039600023FB603B681B88012B6F
:1051300027D0092B46D074E0786800F00DFA1BE008
:105140007B689A697B6893F83D3019467B680B440D
:1051500093F838301946104606F066FBF860FB6895
:10516000002B01D001235DE07B6893F83D300133D3
:10517000DAB27B6883F83D207B6893F83D30042BDE
:10518000DED97B685B6B002BD6D11BE07B689A690C
:105190007B6893F83D3019467B680B4493F83830B0
:1051A0001946104606F040FBF860FB68002B01D062
:1051B000012337E07B6893F83D300133DAB27B6836
:1051C00083F83D207B6893F83D30042BDED924E042
:1051D000786800F0C1F91BE07B689A697B6893F8F6
:1051E0003D3019467B680B4493F838301946104619
:1051F00006F01AFBF860FB68002B01D0012311E0D8
:105200007B6893F83D300133DAB27B6883F83D2048
:105210007B6893F83D30042BDED97B685B6B002BF9
:10522000D6D1022318461037BD4680BD80B586B062
:1052300000AF786039603B681B88013B0A2B00F2A5
:10524000018101A252F823F075520008455400086C
:1052500045540008455400084554000845540008CA
:105260004554000845540008835300081F530008A4
:10527000FB530008764B1B6C5B00764A1A40764B5A
:1052800013433B613B691B0CDBB23B733B691B0A5D
:10529000DBB27B733B69DBB2BB730023FB750DE0B4
:1052A0007B689A69FB7D18333B4413F80C3C194624
:1052B000104606F0B9FAFB7D0133FB75FB7D022B2E
:1052C000EED9664B1B681846FDF7BEFF0123BAE016
:1052D000786800F016F91DE07B689A697B6893F89E
:1052E000403019467B680B4493F83E30194610460F
:1052F00006F09AFA0346002B04D0594B01221A708B
:105300000123A0E07B6893F840300133DAB27B6878
:1053100083F840207B6893F84030012BDCD97B6810
:105320005B6B002BD4D14D4B1B681846FDF7ACFFCF
:10533000012388E07B689A697B6893F840301946BE
:105340007B680B4493F83E301946104606F06CFA21
:105350000346002B01D0012375E07B6893F84030B1
:105360000133DAB27B6883F840207B685B6B002BEB
:1053700007D13B4B00221A70384B1B681846FDF7CB
:1053800083FF7B6893F84030012BD3D92FE07868F6
:1053900000F0B7F81AE07B689A697B6893F84030B0
:1053A00019467B680B4493F83E301946104606F0C8
:1053B0003BFA0346002B01D0012344E07B6893F8BD
:1053C00040300133DAB27B6883F840207B6893F881
:1053D0004030012BDFD97B685B6B002B07D1204B62
:1053E00000221A701D4B1B681846FDF74DFF7B68A5
:1053F0005B6B002BCBD1012325E07B68B3F84230F7
:105400001B0A9BB2DBB23B737B68B3F84230DBB262
:105410007B730023BB750DE07B689A69BB7D1833F5
:105420003B4413F80C3C1946104606F0FDF9BB7DD1
:105430000133BB75BB7D012BEED97B68094A5A61EC
:10544000002300E0022318461837BD4680BD00BF88
:105450006C430020FEFF3F000000C0FF1C00002046
:1054600024590020D94F000880B485B000AF78607F
:105470000B467B807B881B0A9BB2DBB23B737B882D
:10548000DBB27B730023FB7331E07B681B881AB2AD
:10549000FB7B10333B4413F8043C1BB21B021BB2D2
:1054A00053401BB29AB27B681A800023BB7318E08A
:1054B0007B681B881BB2002B0ADA7B681B881BB237
:1054C0005B001AB241F2210353401BB29BB203E0CE
:1054D0007B681B885B009BB27A681380BB7B0133BF
:1054E000BB73BB7B072BE3D9FB7B0133FB73FB7BDC
:1054F000012BCAD900BF00BF1437BD465DF8047B3D
:10550000704780B584B000AF78607B681B6B991CD6
:105510007A6811631B88FB817B685B6B5A1E7B6812
:105520005A637B684233FA8911461846FFF79CFF9D
:10553000FB891B0A9BB2DAB27B6883F83E20FB89A9
:10554000DAB27B6883F83F207B68002283F8402032
:1055500000BF1037BD4680BDB0B588B000AF7860E1
:105560002B4B07F10C041D460FCD0FC42B68237085
:105570007B681B6B991C7A6811631B88FB837B68B3
:105580005B6B5A1E7B685A63FB8B1B0B9BB203F051
:105590000F0320333B4413F8142C7B6883F8382026
:1055A000FB8B1B0A9BB203F00F0320333B4413F821
:1055B000142C7B6883F83920FB8B1B099BB203F00A
:1055C0000F0320333B4413F8142C7B6883F83A20F4
:1055D000FB8B03F00F0320333B4413F8142C7B6840
:1055E00083F83B207B68202283F83C207B680022E4
:1055F00083F83D207B685B6B002B04D1054B1B6857
:105600001846FDF741FE00BF2037BD46B0BD00BFC4
:10561000B85201081C00002080B584B002AF786049
:10562000396078683B685A683B689B68009313460A
:10563000134A144906F0BAFD7B6814337A682621B0
:10564000184606F01FFE7B6824337A682721184627
:1056500006F018FE3B681A687B685A637B684FF453
:105660007A729A637B68FF2283F83C207B6814334C
:10567000184606F049FE00BF0837BD4680BD00BF92
:105680003D570008CD56000880B586B002AF022312
:105690000093012302220949094806F0A2F9094AA8
:1056A0003B1D07CA83E807003B1D19460648FFF764
:1056B000B3FF00BF1037BD4680BD00BF8CD90020AE
:1056C0006CD90020CC5201082CD9002080B582B0C2
:1056D00000AF7860396006F0F5FB7B6803F11400D9
:1056E0007B689B6B99B27B689B6B9BB21A4606F0FA
:1056F000EBFD02F0B7FA084806F02FF802F090FA36
:1057000002F0A0FA01F018FD01F028FD01F0B8FF49
:1057100000BF0837BD4680BD28DE012080B582B0BD
:1057200000AF0346FB71FB791946034806F058FDAC
:1057300000BF0837BD4680BD2CD9002080B582B09F
:1057400000AF786039603B681B88262B06D102F0D9
:1057500080FA01F00BFD786800F006F80123184686
:105760000837BD4680BD000090B591B000AF7860AD
:1057700007F12C0300221A605A609A60DA6007F180
:105780001C0300221A605A609A60DA6007F10C0369
:1057900000221A605A609A60DA60374BD3ED027AC1
:1057A000B7EEE77A07F12C0303211846B0EE470B5A
:1057B00000F074F807F12C031A463049304806F01F
:1057C00079F8304B93ED007B9FED295B87EE056BFD
:1057D00007F11C0303211846B0EE460B00F05EF8FB
:1057E000294B93ED007B07F10C0303211846B0EE23
:1057F000470B00F053F807F10C0307F11C02234993
:105800001F4806F057F822491D4806F053F80023B8
:1058100087F83F301DE07B6893F83C301A4697F8D4
:105820003F3042FA03F303F00103002B0CD097F84A
:105830003F4097F83F30184601F036FF03462246B6
:1058400014490F4806F036F897F83F30013387F8CF
:105850003F3097F83F30072BDDD90F49084806F055
:1058600029F800BF4437BD4690BD00BFAFF30080AC
:1058700000000000000059409CDA0020D8520108C6
:1058800028DE0120B8DF0220B0DF0220EC52010840
:1058900008530108105301081C53010880B58CB04F
:1058A00000AF87ED040BF8600B46FB7297ED047BAD
:1058B000B5EEC07BF1EE10FA0AD5FB685A1CFA600F
:1058C0002D221A7097ED047BB1EE477B87ED047BA8
:1058D00097ED047BFCEEC77B17EE903A3B623B6A88
:1058E00007EE903AB8EE677B97ED046B36EE477B98
:1058F00087ED0A7B3A6A2549F8680BF065FD02E0FE
:10590000FB680133FB60FB681B78002BF8D1FB7A46
:10591000002B34D0FB685A1CFA602E221A70002328
:1059200087F8273026E097ED0A7BB2EE046B27EE6E
:10593000067B87ED0A7B97ED0A7BFCEEC77BC7ED04
:10594000017A3B79FB77FB685A1CFA60FA7F3032A8
:10595000D2B21A70FB7F07EE903AB8EEE77B97ED74
:105960000A6B36EE477B87ED0A7B97F827300133C9
:1059700087F8273097F82720FB7A9A42D3D3FB6821
:1059800000221A7000BF3037BD4680BD2053010889
:1059900080B584B000AF786039603B681B88162BF7
:1059A00020D0162B63DC012B02D0032B13D05EE03A
:1059B000082001F05BF97B682033184606F0A4FC50
:1059C000786800F0FDFD786800F047FE7B680122F2
:1059D0009A6101234CE04FF4FA71082001F028F994
:1059E000012345E03B689B78042B3ED17B6893F80C
:1059F0003030002B09D10121786800F0BBFB7868BA
:105A000000F0E3FB786800F0DBFD7B6893F848303A
:105A100018467B6893F8493019467B68B3F95020E3
:105A20007B68B3F9523001F06FFE0346002B04D0BF
:105A30007B68114A5A6100231AE07B6893F848306A
:105A4000184601F031FE0346FB817B68B3F95830FC
:105A5000B7F90E209A4203DD7B68084A5A6102E0DA
:105A60007B68074A5A61002302E0022300E0022318
:105A700018461037BD4680BDB15F0008855A000842
:105A8000C15B000880B584B000AF786039603B68C6
:105A90001B88013B152B00F2878001A252F823F0EE
:105AA000F95A0008A95B0008235B0008A95B0008FD
:105AB000A95B0008A95B0008A95B0008A95B0008B6
:105AC000A95B0008A95B0008A95B0008A95B0008A6
:105AD000A95B0008A95B0008A95B0008A95B000896
:105AE000A95B0008A95B0008A95B0008A95B000886
:105AF000315B0008935B0008062006F0E9F97B683B
:105B00000022DA61786800F0B4FB786800F034FDB8
:105B10007B68203364226421184606F0D5FB0123FC
:105B200043E07B682033184606F0EEFB01233CE09F
:105B3000082001F0B5F87B6893F8483018467B6878
:105B400093F8493019467B68B3F950207B68B3F964
:105B5000523001F0D9FD0346002B04D07B68154A72
:105B60005A61002321E07B6893F84830184601F021
:105B70009BFD0346FB817B68B3F95830B7F90E20D3
:105B80009A4201DD012310E07B680B4A5A61002331
:105B90000BE03B689B78052B04D17B68074A5A6170
:105BA000002302E0022300E0022318461037BD461E
:105BB00080BD00BFB15F0008C15B000891590008BB
:105BC00080B584B000AF786039603B681B88013BCA
:105BD000152B00F2998001A252F823F0355C0008E1
:105BE000095D0008595C0008095D0008095D0008AE
:105BF000095D0008095D0008095D0008095D0008ED
:105C0000095D0008095D0008095D0008095D0008DC
:105C1000095D0008095D0008095D0008095D0008CC
:105C2000095D0008095D0008095D0008675C00085F
:105C3000F35C00087B680022DA61786800F0C0FC41
:105C4000786800F00AFD7B682033642264211846DE
:105C500006F03AFB012358E07B682033184606F033
:105C600053FB012351E0082001F01AF87B6893F8F8
:105C7000483018467B6893F8493019467B68B3F979
:105C800050207B68B3F9523001F03EFD0346002BF3
:105C900004D07B681F4A5A61002336E07B6893F882
:105CA0004830184601F000FD0346FB817B68B3F9DC
:105CB0005830B7F90E209A4204DD7B68164A5A61C3
:105CC000002322E07B68DB695A1C7B68DA617B6811
:105CD000DB691D2B08D87B68B3F958301A46B7F931
:105CE0000E30D31A0A2B04DD7B680C4A5A6100235C
:105CF0000BE03B689B78052B04D17B68084A5A610E
:105D0000002302E0022300E0022318461037BD46BC
:105D100080BD00BFB15F0008855A0008255D0008FE
:105D20009159000880B584B000AF786039603B6855
:105D30001B88013B152B00F2878001A252F823F04B
:105D4000995D0008495E0008C35D0008495E0008CF
:105D5000495E0008495E0008495E0008495E000887
:105D6000495E0008495E0008495E0008495E000877
:105D7000495E0008495E0008495E0008495E000867
:105D8000495E0008495E0008495E0008495E000857
:105D9000D15D0008335E0008072006F099F87B68A3
:105DA0000022DA61786800F00BFC786800F02CFCC7
:105DB0007B68203364226421184606F085FA0123AB
:105DC00043E07B682033184606F09EFA01233CE04E
:105DD000082000F065FF7B6893F8483018467B6820
:105DE00093F8493019467B68B3F950207B68B3F9C2
:105DF000523001F089FC0346002B04D07B68154A21
:105E00005A61002321E07B6893F84830184601F07E
:105E10004BFC0346FB817B68B3F95830B7F90E2081
:105E20009A4201DA012310E07B680B4A5A61002391
:105E30000BE03B689B78052B04D17B68074A5A61CD
:105E4000002302E0022300E0022318461037BD467B
:105E500080BD00BFB15F0008615E00089159000875
:105E600080B584B000AF786039603B681B88013B27
:105E7000152B00F28F8001A252F823F0D55E0008A6
:105E8000955F0008F35E0008955F0008955F0008C5
:105E9000955F0008955F0008955F0008955F000812
:105EA000955F0008955F0008955F0008955F000802
:105EB000955F0008955F0008955F0008955F0008F2
:105EC000955F0008955F0008955F0008015F000876
:105ED0007F5F0008786800F073FB786800F0BDFB16
:105EE0007B68203364226421184606F0EDF9012313
:105EF00051E07B682033184606F006FA01234AE099
:105F0000082000F0CDFE7B6893F8483018467B6887
:105F100093F8493019467B68B3F950207B68B3F990
:105F2000523001F0F1FB0346002B04D07B681C4A81
:105F30005A6100232FE07B6893F84830184601F03F
:105F4000B3FB0346FB817B68B3F95830B7F90E20E9
:105F50009A4204DA7B68134A5A6100231BE07B688B
:105F6000DB695A1C7B68DA617B68DB691D2B04D90D
:105F70007B680D4A5A6100230DE001230BE03B686A
:105F80009B78052B04D17B68084A5A61002302E004
:105F9000022300E0022318461037BD4680BD00BF33
:105FA000B15F0008255D0008855A00089159000876
:105FB00080B584B000AF786039603B681B88013BD6
:105FC000152B00F2848001A252F823F0256000080E
:105FD000CF60000843600008CF600008CF60000871
:105FE000CF600008CF600008CF600008CF600008D5
:105FF000CF600008CF600008CF600008CF600008C5
:10600000CF600008CF600008CF600008CF600008B4
:10601000CF600008CF600008CF6000085160000822
:10602000B9600008786800F0CBFA786800F015FBDA
:106030007B68203364226421184606F045F9012369
:1060400046E07B682033184606F05EF901233FE006
:10605000082000F025FE7B68DB6C002B2AD07B68D3
:1060600093F8483018467B6893F8493019467B68A6
:10607000B3F950207B68B3F9523001F045FB034679
:10608000002B17D17B6893F84830184601F00CFBC1
:106090000346FB817B68B3F95830B7F90E209A426A
:1060A00003DD7B680C4A5A6102E07B680B4A5A6147
:1060B00000230DE001230BE03B689B78052B04D106
:1060C0007B68074A5A61002302E0022300E00223B2
:1060D00018461037BD4680BD855A0008C15B0008D0
:1060E0009159000880B588B000AF7860042005F0B1
:1060F000EFFE7B680022DA6500F0D8FC07F10C03A4
:1061000000221A605A609A60DA601A821623BB81F4
:106110000523BB737B6807F10C021146184606F095
:1061200089F8002318462037BD4680BD80B588B069
:1061300000AF7860052005F0CBFE7B680122DA65B0
:1061400000F0B4FC07F10C0300221A605A609A6058
:10615000DA601A821623BB810423BB737B6807F1C4
:106160000C021146184606F065F800231846203741
:10617000BD4680BD80B582B000AF786039603B68B5
:10618000002B06D001F006FF7B68012283F8302047
:1061900005E001F00BFF7B68002283F8302000BF90
:1061A0000837BD4680BD80B483B000AF78607B689F
:1061B00093F83030002B14BF01230023DBB21846C4
:1061C0000C37BD465DF8047B704780B584B000AFE6
:1061D00078607B6893F85430FB720023FB6020E00A
:1061E000FA7AFB6842FA03F303F00103002B15D09F
:1061F0007A68FB680C339B0013445B689B7EBB7220
:10620000BB7A03F00103002B08D17A68FB680C33DA
:106210009B0013445B68184603F00BF8FB680133DE
:10622000FB60FB68032BDBD900BF00BF1037BD4606
:1062300080BD80B584B000AF786039603B68032BC7
:1062400001D9062311E07A683B680C339B001344A4
:106250005B68184602F0EDFF0346FB7397F90F30B9
:10626000002B01D0012300E0002318461037BD4663
:1062700080BD80B586B000AF78607B6893F85430FD
:10628000FB747B68B3F85A303B8200237B6126E0C5
:10629000FA7C7B6942FA03F303F00103002B1BD065
:1062A0007A687B690C339B0013445B689B7EFB73AD
:1062B000FB7B03F00103002B08D17A687B690C3368
:1062C0009B0013445B68184602F0B3FF3B8A002230
:1062D0007969786800F01CFB7B6901337B617B691D
:1062E000032BD5D900BF00BF1837BD4680BD80B590
:1062F00082B000AF78600B46FB70FB78032B01D9AE
:10630000062311E07B6893F854305AB2FB780121E0
:1063100001FA03F35BB213435BB2DAB27B6883F832
:10632000542000F0C3FB002318460837BD4680BD4B
:1063300080B582B000AF78600B46FB70FB78032B12
:1063400001D9062313E07B6893F854305AB2FB78E6
:10635000012101FA03F35BB2DB435BB213405BB292
:10636000DAB27B6883F8542000F0A0FB00231846C3
:106370000837BD4680BD80B483B000AF78607B68CD
:1063800093F8543018460C37BD465DF8047B7047CF
:1063900080B582B000AF78600B46FB70FB78642B51
:1063A00001D9062306E07B68FA7883F8562000F0CE
:1063B0007DFB002318460837BD4680BD80B483B0FE
:1063C00000AF78607B6893F8563018460C37BD46AE
:1063D0005DF8047B704780B582B000AF78600B46F3
:1063E000FB70FB78032B01D9062311E07B6893F83F
:1063F00055305AB2FB78012101FA03F35BB2134323
:106400005BB2DAB27B6883F8552000F04FFB0023C3
:1064100018460837BD4680BD80B582B000AF7860B1
:106420000B46FB70FB78032B01D9062313E07B6836
:1064300093F855305AB2FB78012101FA03F35BB2AD
:10644000DB435BB213405BB2DAB27B6883F8552062
:1064500000F02CFB002318460837BD4680BD80B4F1
:1064600083B000AF78607B6893F8553018460C37DE
:10647000BD465DF8047B704780B582B000AF7860A0
:106480000B467B807B687A88A3F8582000F00EFBCF
:1064900000BF0837BD4680BD80B483B000AF7860D0
:1064A0007B68B3F9583018460C37BD465DF8047B5D
:1064B000704780B582B000AF78600B46FB70134622
:1064C000BB70FB78072B01D906230FE0BB78072BA5
:1064D00001D906230AE07B68FA7883F848207B68B4
:1064E000BA7883F8492000F0E1FA0023184608370B
:1064F000BD4680BD80B483B000AF786039607B68F2
:1065000093F848203B681A703B6801337A6892F828
:1065100049201A7000BF0C37BD465DF8047B7047F8
:1065200080B582B000AF78600B467B8013463B801D
:106530007B687A88A3F850207B683A88A3F85220B9
:1065400000F0B4FA00BF0837BD4680BD80B483B008
:1065500000AF786039607B68B3F950203B681A80DF
:106560003B6802337A68B2F952201A8000BF0C37B8
:10657000BD465DF8047B704780B584B000AF78609D
:106580007B6893F85430BB730023FB7310E0BA7B35
:10659000FB7B42FA03F303F00103002B05D0FB7BE6
:1065A00001221946786800F033FAFB7B0133FB7354
:1065B000FB7B032BEBD900BF00BF1037BD4680BD6E
:1065C00080B584B000AF78607B6893F85430BB73BB
:1065D0000023FB7310E0BA7BFB7B42FA03F303F06A
:1065E0000103002B05D0FB7B00221946786800F0E0
:1065F0000FFAFB7B0133FB73FB7B032BEBD900BF53
:1066000000BF1037BD4680BD80B584B000AF786054
:106610007B6893F85630BB737B6893F855307B7377
:106620000023FB7311E07A7BFB7B42FA03F303F058
:106630000103002B06D0FB7BBA7B92B211461846B1
:1066400000F02AFDFB7B0133FB73FB7B032BEAD9B4
:1066500000BF00BF1037BD4680BD80B584B000AF1D
:1066600078607B6893F85530BB730023FB730FE0B1
:10667000BA7BFB7B42FA03F303F00103002B04D047
:10668000FB7B0021184600F007FDFB7B0133FB7309
:10669000FB7B032BECD900BF00BF1037BD4680BD8C
:1066A00080B582B000AF786039603B68012B01D9BA
:1066B000062305E07B683A68DA6400F0F7F9002306
:1066C00018460837BD4680BD80B483B000AF7860FF
:1066D0007B68DB6C18460C37BD465DF8047B704761
:1066E00080B582B000AF78600B46FB70FB78032B5F
:1066F00004D97B68FF2283F8602003E07B68FA7886
:1067000083F8602000F0D2F9002318460837BD4610
:1067100080BD80B582B000AF78600B467B807B88FF
:10672000B3F5FA7F04D37B8840F6B832934201D99F
:10673000062306E07B687A88A3F8622000F0B6F9A9
:10674000002318460837BD4680BD2DE9F04F89B0BB
:1067500000AF78617B6993F86030FB77FB7F032B98
:1067600001D903237BE07B69B3F86230BB83FB7FF5
:106770007A690C339B0013445B689B7EFB76FB7E3F
:1067800003F00103002B0DD0FB7F7A690C339B00D3
:1067900013445B68184602F04CFD0346002B01D001
:1067A00001235CE0FB7F7A690C339B0013445E6835
:1067B000BB8B00229A46934652465B464FF0000040
:1067C0004FF00001590141EAD261500102460B46E7
:1067D000B2EB0A0463EB0B054FF000024FF000032D
:1067E0006B0243EAD453620214461D4614EB0A08B6
:1067F00045EB0B094FF000024FF000034FEA8913FD
:1068000043EA98634FEA8812B2EB0801396063EB00
:1068100009037B60D7E900120B4613EB0A03BB6048
:10682000134643EB0B03FB60D7E9022300213046FC
:1068300002F0DEFD0346002B01D001230FE0FB7FB9
:106840007A690C339B0013445B680121184602F0FF
:106850008BFC0346002B01D0012300E000231846E7
:106860002437BD46BDE8F08F80B584B000AF7860B6
:106870007B6893F86030032B01D9062316E07B6810
:1068800093F86030FB73FB7B7A680C339B001344F6
:106890005B680021184602F067FC0346BB7397F95A
:1068A0000E30002B01D0012300E0002318461037E2
:1068B000BD4680BD80B483B000AF78607B6893F83C
:1068C000603018460C37BD465DF8047B704780B4D5
:1068D00083B000AF78607B68B3F8623018460C373D
:1068E000BD465DF8047B704780B483B000AF78602C
:1068F0007B685B69054A93420CBF01230023DBB22E
:1069000018460C37BD465DF8047B70479159000866
:106910002DE9F04F8BB000AFF861B9617A617B82ED
:10692000BB69032B01D906236DE0FA69BB690C33FF
:106930009B0013445B689B7E87F8273097F82730CD
:1069400003F00103002B0DD0FA69BB690C339B00E7
:1069500013445B68184602F06CFC0346002B01D020
:10696000012350E0FA69BB690C339B0013445E6855
:106970007B695FFA83FC7B8A00229A4693465246E3
:106980005B464FF000004FF00001590141EAD2612F
:10699000500102460B46B2EB0A0463EB0B054FF0C5
:1069A00000024FF000036B0243EAD4536202144624
:1069B0001D4614EB0A0845EB0B094FF000024FF09F
:1069C00000034FEA891343EA98634FEA8812B2EB57
:1069D0000801396063EB09037B60D7E900120B46BD
:1069E00013EB0A03BB60134643EB0B03FB60D7E9D1
:1069F00002236146304602F0FBFC0346002B01D027
:106A0000012300E0002318462C37BD46BDE8F08F77
:106A100080B586B000AFF860B9601346FB71BB6803
:106A2000032B01D9062313E0FA68BB680C339B00E3
:106A300013445B68FA791146184602F095FB034649
:106A4000FB7597F91730002B01D0012300E00023DC
:106A500018461837BD4680BD80B582B000AF78605B
:106A60000B467B807B88B3F5FA7F04D37B8840F6A6
:106A7000B832934201D9062306E07B687A88A3F8EE
:106A80005A2000F013F8002318460837BD4680BD91
:106A900080B483B000AF78607B68B3F85A30184692
:106AA0000C37BD465DF8047B7047000080B582B0AE
:106AB00000AF00F085FA274B4FF0BA321A60264B30
:106AC000B3F95820234B9A82234BB3F95220214B20
:106AD000DA81214BB3F950201E4B9A811E4B93F85B
:106AE00048201C4B1A711C4B93F84920194B5A71C2
:106AF000194BDB6C174A9360174B93F85420154BD6
:106B00001A74154BB3F85A20124BDA82124B93F8D1
:106B10005520104B5A74104B93F856200D4B9A7415
:106B20000D4BDB6D0B4A93610B4B93F86020094BC7
:106B30001A77094BB3F86220064BDA8300237B6097
:106B4000044A7B68136200F05FFA00BF0837BD4655
:106B500080BD00BF1440024090D9002080B483B0B3
:106B600000AF78607B684CF6CC421A6000BF0C37EF
:106B7000BD465DF8047B704780B483B000AF786099
:106B80007B684AF6AA221A6000BF0C37BD465DF842
:106B9000047B704780B483B000AF78607B6845F2B7
:106BA00055521A6000BF0C37BD465DF8047B704734
:106BB00080B483B000AF786039603B6803F00702AF
:106BC0007B685A6000BF0C37BD465DF8047B704798
:106BD00080B483B000AF786039603B68C3F30B02C8
:106BE0007B689A6000BF0C37BD465DF8047B704738
:106BF00080B483B000AF78607B68DB6803F0070384
:106C0000002B01D1012300E0002318460C37BD46BC
:106C10005DF8047B7047000080B500AF542200216E
:106C200002480AF021FD0023184680BDF8D9002053
:106C300080B584B000AF786039607B68092B01D9DA
:106C400003230DE07B68DB00074A1344FB6005F07B
:106C5000CDFB0246FB685A60FB683A681A60002365
:106C600018461037BD4680BDF8D9002080B485B0E5
:106C700000AF78607B68092B01D9032308E07B68AB
:106C8000DB00064A1344FB60FB6800221A60002305
:106C900018461437BD465DF8047B7047F8D90020CC
:106CA00080B582B000AF78607B68092B01D90323DF
:106CB00008E005F09BFB024604497B68DB000B44BF
:106CC0005A60002318460837BD4680BDF8D9002019
:106CD00080B584B000AF78607B6801334FF4FA72FE
:106CE00002FB03F3214AA2FB03239B09013BFB6048
:106CF000FB68002B02DA0023FB6005E0FB68B3F5BC
:106D0000805F01DB03232DE01948FFF727FF1848B8
:106D1000FFF740FF04211648FFF74AFFFB681946BA
:106D20001348FFF755FF0023FB6008E01048FFF70A
:106D30005FFF0346002B07D1FB680133FB60FB6854
:106D40000C4A9342F2DD00E000BFFB68094A93421F
:106D500001DD042306E0084B9B68074A43F4805397
:106D60009360002318461037BD4680BDD34D621096
:106D7000003000403F420F00002004E080B500AF2B
:106D80000248FFF7F9FE00BF80BD00BF00300040A1
:106D900080B584B000AF0023FB710023FB60224B61
:106DA000BB6025E0BB681B68002B1BD0BB685B6821
:106DB0003B6005F01BFB02463B68D21ABB681B68B0
:106DC0009A420FD90123FB71FB681946012000F09C
:106DD0002FF8154B1B6D002B04D0134B1B6DFA685D
:106DE00010469847FB680133FB60BB680833BB6003
:106DF000FB68092BD6DDFB7983F00103DBB2002BA6
:106E00000ED0FFF7BBFF094B4FF400629A6100BF41
:106E100000BF00BF00BF054B4FF000629A6100BF8A
:106E20001037BD4680BD00BFF8D9002000100240D9
:106E300080B582B000AF7860396000F0C1F80C22F4
:106E4000002109480AF010FC074B084A1A60064A5C
:106E50007B685360044A3B68936000F0D5F800BF3C
:106E60000837BD4680BD00BF38400240ADDEADDE14
:106E700080B584B002AF7860396078683B685A6842
:106E80003B689B68009313460D4A0E4905F08EF946
:106E90007B6814337A682D21184605F0F3F93B68B6
:106EA0001A687B685A627B6864229A627B68143332
:106EB000184605F029FA00BF0837BD4680BD00BF5F
:106EC000596F00080D6F000880B586B002AF02232D
:106ED0000093012302220949094804F082FD094A6E
:106EE0003B1D07CA83E807003B1D19460648FFF70C
:106EF000BFFF00BF1037BD4680BD00BF7CDA002059
:106F000080DA0020245301084CDA002080B582B0DA
:106F100000AF78603960FFF77FFE44F62060FFF72E
:106F2000D7FE7B68143364226421184605F0CCF93F
:106F300000BF0837BD4680BD80B582B000AF0346B4
:106F4000FB71FB791946034805F04AF900BF083781
:106F5000BD4680BD4CDA002080B582B000AF7860BD
:106F600039603B681B882D2B01D1FFF711FF0123EE
:106F700018460837BD4680BD80B400AF054B1B687E
:106F8000044A43F00203136000BFBD465DF8047B72
:106F9000704700BF10E000E080B400AF62B600BFF1
:106FA000BD465DF8047B704780B483B000AF786065
:106FB000396072B600BF0C37BD465DF8047B704780
:106FC00080B582B000AF06F08DFE0D4B1B6B0C4AF6
:106FD00043F4802313630A4B1B6B03F480237B6011
:106FE0007B6806F09FFE00BF064B5B6803F008035A
:106FF000082BF9D100BF00BF0837BD4680BD00BFD8
:10700000003802400070004080B500AF06F0B6FEC8
:10701000044B1B6B034A23F48023136306F072FEB8
:1070200000BF80BD0038024080B483B000AF7860FC
:1070300039607B683A685A6300BF0C37BD465DF81B
:10704000047B704780B483B000AF786039607B68A0
:107050003A689A6300BF0C37BD465DF8047B704701
:1070600080B483B000AF786039607B683A68DA63D7
:1070700000BF0C37BD465DF8047B704780B483B019
:1070800000AF786039607B683A681A6400BF0C37DB
:10709000BD465DF8047B704780B584B000AF786072
:1070A0000B467B807B88642B01D964237B807B88A3
:1070B0001A465201D21A920013449B00FB817B684E
:1070C000032B23D801A252F823F000BFDD70000883
:1070D000E9700008F570000801710008FB89194685
:1070E0000D48FFF7A1FF12E0FB8919460A48FFF798
:1070F000A9FF0CE0FB8919460748FFF7B1FF06E03E
:10710000FB8919460448FFF7B9FF00E000BF00BF44
:107110001037BD4680BD00BF0008004080B483B07A
:1071200000AF786039607B683A689A6100BF0C37BD
:10713000BD465DF8047B704780B500AF402106482E
:10714000FFF7ECFF20210448FFF7E8FF642009F077
:1071500005FB00BF80BD00BF000C024080B500AF42
:1071600005F088F90346184680BD000080B500AFE1
:10717000024805F055FE0346184680BD9CDA002003
:1071800080B483B000AF78607B681B6843F0400236
:107190007B681A6000BF0C37BD465DF8047B704702
:1071A00080B483B000AF78607B681B6823F0400236
:1071B0007B681A6000BF0C37BD465DF8047B7047E2
:1071C00080B483B000AF786039607B681B6823F0BF
:1071D00001023B681A437B681A6000BF0C37BD464A
:1071E0005DF8047B704780B483B000AF786039608D
:1071F0007B681B6823F002023B681A437B681A60B5
:1072000000BF0C37BD465DF8047B704780B485B085
:1072100000AF0346FB80FB8807EE903AF8EEE77A72
:107220009FED117A67EE877AB2EE047A27EE877ABD
:10723000DFED0E6AC7EE267AC7ED037A97ED037A83
:10724000DFED0B6AC7EE267AC7ED037AD7ED037A36
:10725000FCEEE77A17EE903A9BB218461437BD461B
:107260005DF8047B704700BF00404E4500F07F454D
:1072700000007A4380B582B000AF0346FB711E4820
:10728000FFF78EFFFB79032B2ED801A252F823F0D3
:10729000A1720008B3720008C5720008D772000816
:1072A00000211548FFF79FFF00211348FFF788FFD3
:1072B0001AE000211048FFF796FF01210E48FFF762
:1072C0007FFF11E002210C48FFF78DFF00210A48E3
:1072D000FFF776FF08E002210748FFF784FF01214E
:1072E0000548FFF76DFF00BF0348FFF749FF00BFE8
:1072F0000837BD4680BD00BF0034014080B582B074
:1073000000AF78600120FFF7B5FF7B68DBB219465C
:10731000084801F037F90020FFF7ACFF064B1B7857
:107320001A460021054802F0A1FA00BF0837BD4601
:1073300080BD00BFF85A0120385B0120E05A0120CF
:1073400080B500AF0020FFF795FF0022002105481F
:1073500002F08CFA0120FFF78DFF034801F074F969
:1073600000BF80BDE05A0120F85A012080B582B0EC
:1073700000AF78607B68013B012202FA03F35AB246
:107380000F4B1B785BB213435BB2DAB20C4B1A7033
:107390000120FFF76FFF0A4B1B781946094801F0DF
:1073A000F1F80020FFF766FF074B1B781A46012112
:1073B000064802F05BFA00BF0837BD4680BD00BF3B
:1073C0003A5B0120185B0120395B0120E05A012063
:1073D00080B500AF0A4B00221A700020FFF74AFF69
:1073E000074B1B781A460121064802F03FFA01209C
:1073F000FFF740FF044801F027F900BF80BD00BF40
:107400003A5B0120E05A0120185B012080B483B070
:1074100000AF78607B68642B01D964237B607A6855
:1074200013461B029B1A064AA2FB03235B09DAB22E
:10743000044B1A7000BF0C37BD465DF8047B7047E3
:107440001F85EB51385B012080B483B000AF7860BA
:107450007B68642B01D964237B607A6813461B0226
:107460009B1A064AA2FB03235B09DAB2044B1A708B
:1074700000BF0C37BD465DF8047B70471F85EB519C
:10748000395B012080B582B000AF786039607B68DD
:10749000002B03D13868FFF7B9FF02E03868FFF727
:1074A000D3FF00BF0837BD4680BD000080B582B065
:1074B00000AF00237B600023FB700AE0FB780D4ADD
:1074C00032F813301A467B6813447B60FB78013333
:1074D000FB70FB78092BF1D97B68074AA2FB0323D9
:1074E000DB089BB21846FFF791FE034618460837A3
:1074F000BD4680BDB45A0120CDCCCCCC80B582B085
:1075000000AF00237B600023FB700BE0FB780E4A8A
:107510000A3332F813301A467B6813447B60FB78D9
:107520000133FB70FB78092BF0D97B68074AA2FB7B
:107530000323DB089BB21846FFF768FE0346184694
:107540000837BD4680BD00BFB45A0120CDCCCCCC9D
:1075500098B500AF2E4B1B6803F40013002B45D0E9
:107560002B4B4FF400129A602A4B1B78002B1DD036
:10757000294B1B88294A128814461846FFF746FEF5
:1075800003461A46264B23F81420244B1B8801334C
:107590009AB2224B1A80214B1B88B3F5804F05D33A
:1075A0001C4B00221A701D4B00221A801D4B1B78A9
:1075B0001A46194B19881C4B23F81210194B1B78CB
:1075C0001846154B5988184A00F10A0322F813107F
:1075D000144B1B780133DAB2124B1A70114B1B7823
:1075E000092B13D90F4B00221A700FE0084B4FF4F0
:1075F00080129A60064B4FF400229A60044B4FF4BD
:1076000080229A60024B4FF480329A6000BF98BD8E
:1076100000640240A8DA0020B05A0120AC5A0120D0
:10762000ACDA0020DC5A0120B45A012080B582B0C7
:1076300000AF00237B600CE00D4B18680D4A7B689F
:1076400032F813301A460C4903F054FF7B680133BB
:107650007B607B68B3F5007FEEDB054B1B68074959
:10766000184603F047FF00BF0837BD4680BD00BF86
:1076700028590020ACDA00203053010838530108A3
:1076800080B500AF08220349034802F0A9FA00BF01
:1076900080BD00BF3C5B01202000002080B500AF12
:1076A00002F018FB00BF80BD80B584B000AF7860E9
:1076B0000023FB600023FB7210E0F97A10487A681F
:1076C00013469B0013445B000B4430F813301A46FA
:1076D000FB681344FB60FB7A0133FB72FB7A092BD6
:1076E000EBD9FB68074AA2FB0323DB089BB21846D1
:1076F00002F0FAFA034618461037BD4680BD00BFB7
:107700004C5B0120CDCCCCCC80B586B000AFF8600E
:10771000B96011461A460B46FB801346BB80184AD7
:10772000FB6832F81330184602F0DEFA0346BB82DB
:10773000134ABB6832F81330184602F0D5FA0346F4
:10774000FB82B7F91430B7F904209A4210DCB7F97C
:107750001430B7F906209A420ADBB7F914301A46FA
:10776000B7F91630D31A002BB8BF5B42322B01DDBC
:10777000012300E0002318461837BD4680BD00BF36
:107780003C5B012080B400AF3A4B5B6803F0200300
:10779000002B5ED0374B2022DA60374B1B781A461D
:1077A000364B1988364B23F81210334B1B7818468A
:1077B000324B5988324A00F10A0322F813102E4B3B
:1077C0001B7818462D4B99882D4A00F1140322F896
:1077D0001310294B1B781846284BD988284A00F1EA
:1077E0001E0322F81310244B1B781846234B1989CB
:1077F000234A00F1280322F813101F4B1B78184668
:107800001E4B59891E4A00F1320322F813101A4BFD
:107810001B781846194B9989194A00F13C0322F844
:107820001310154B1B781846144BD989144A00F1D4
:10783000460322F81310104B1B780133DAB20E4BBB
:107840001A700D4B1B78092B0FD90B4B00221A70A5
:107850000BE0084B1022DA60064B0822DA60054B79
:107860000422DA60034B0122DA6000BFBD465DF8F6
:10787000047B704700640240EC5B01203C5B01200C
:107880004C5B012080B483B000AF0346FB7197F9D5
:107890000730002B0CDBFB7903F01F02074997F937
:1078A00007305B09012000FA02F2603341F823201F
:1078B00000BF0C37BD465DF8047B704700E100E077
:1078C00080B483B000AF786039600C4A3B681344E1
:1078D0001B781A467B6813441B6808493A680A44B7
:1078E000127811467A680A4423F00103136000BF3E
:1078F0000C37BD465DF8047B704700BF98600108F7
:1079000080B483B000AF786039600A4A3B681344A2
:107910001B781A467B6813441B6803F00103012B94
:107920000CBF01230023DBB218460C37BD465DF8BF
:10793000047B70479860010880B483B000AF786022
:1079400039600C4A3B6813441B781A467B68134421
:107950001B6808493A680A44127811467A680A4452
:1079600023F00803136000BF0C37BD465DF8047BAD
:10797000704700BF9860010880B483B000AF7860A2
:1079800039600C4A3B6813441B781A467B681344E1
:107990001B6808493A680A44127811467A680A4412
:1079A00023F01003136000BF0C37BD465DF8047B65
:1079B000704700BF9860010880B483B000AF786062
:1079C0007B685B6823F001027B685A6000BF0C375C
:1079D000BD465DF8047B704780B500AF484B1B681F
:1079E000474A23F001031360464B4FF400729A613B
:1079F000454B1B6803F48063002B18D0424B4FF4B7
:107A000080629A60414B5B69414A4FF4804118465D
:107A100000F0BAF93D4B5B6903F580433B4A536183
:107A2000374B1B68364A43F00103136066E0364B60
:107A30001B6803F40063002B55D0334B4FF40062F6
:107A40009A60324B5B69334A4FF48041184600F02C
:107A50009BF92E4B5B6903F580432C4A53612B4BFA
:107A60009B69013B294A9361254B1B68244A43F0DB
:107A700001031360254B9B69002B3FD1204B1B68F2
:107A80001F4A23F0010313601D4BDB681C4A23F0DF
:107A90000103D3601A4B6FF001021A611920FFF73E
:107AA000F1FE01211848FFF767FF01211648FFF793
:107AB00043FF01211448FFF703FF00BF01211248D3
:107AC000FFF71EFF0346002BF8D1134B4FF4406223
:107AD0009A600E4B1B681846FFF76EFF0F4910485F
:107AE00004F0A8FB0AE0084B4FF400729A60064BC2
:107AF0004FF480729A60044B40229A6000BF80BDB0
:107B000000000140000C02400060024028000020FC
:107B1000F05B0120F09B012000640240C860010876
:107B20006C43002080B400AF0E4B6FF001021A616D
:107B30000D4B4FF080629A610B4B4FF400729A61CB
:107B4000094B4FF480629A61074B4FF000729A61C3
:107B5000064B4AF6AA22DA6000BFBD465DF8047BF8
:107B6000704700BF00000140000C02400038004098
:107B700080B500AF4FF080436FF001021A611B4BDC
:107B80001B78012B02D0022B1BD02CE0184BDB6A98
:107B90001846FFF7B3FB154B02221A70154B5B68B2
:107BA0004FF08042013BD3621349144804F042FB7A
:107BB0004FF080431B684FF0804243F00103136095
:107BC00011E0FFF7BDFB4FF080431B684FF0804290
:107BD00023F001031360054B03221A70084907487C
:107BE00004F028FB00BF00BF80BD00BF580000208C
:107BF00028000020F0DB0120A06001086C43002079
:107C0000B460010880B483B000AF786039607B68ED
:107C10003A689A6100BF0C37BD465DF8047B704737
:107C200080B500AF40210648FFF7ECFF2021044853
:107C3000FFF7E8FF642008F091FD00BF80BD00BFA2
:107C4000000C024080B500AF05F034F90346184639
:107C500080BD80B500AF032005F03EFB034618460B
:107C600080BD000080B500AF4FF48072084909481C
:107C700003F0DCFF4FF480720749084803F0D6FF99
:107C8000064B044A0649074803F04BFD00BF80BD80
:107C900028DC012000DC012028DD012014DC01208B
:107CA0000010014028DE012080B500AF034803F03A
:107CB00036FE024803F062FE00BF80BD28DE0120D0
:107CC00080B483B000AF786039600C4A3B681344DD
:107CD0001B781A467B6813441B6808493A680A44B3
:107CE000127811467A680A4423F00103136000BF3A
:107CF0000C37BD465DF8047B704700BFDC600108AF
:107D000080B483B000AF78607B685B6823F00102C9
:107D10007B685A6000BF0C37BD465DF8047B704736
:107D200080B483B000AF78607B685B6823F00202A8
:107D30007B685A6000BF0C37BD465DF8047B704716
:107D400080B584B000AFF860B9607A607B68BA68CB
:107D5000F968034800F0BAFD00BF1037BD4680BD8A
:107D60006000002080B584B000AFF860B9607A6030
:107D70007B68BA68F968034800F02CFE00BF103732
:107D8000BD4680BD6000002080B584B000AFF860C3
:107D9000B9607A600F4AFB6813620E4ABB6853628F
:107DA0000C4A7B68D3620B4B01221A77094B0022E5
:107DB00083F83020074B5B6AB3F5806F28BF4FF420
:107DC00080631946034800F08BFE00BF1037BD46A4
:107DD00080BD00BF6000002080B500AF1D4B1E4A73
:107DE000DA601E4B5B681D4A92689A611B4B5B6AA6
:107DF000002B12D0194BDB6A184A128D1344174A14
:107E0000D362164B5B6AB3F5806F28BF4FF4806373
:107E10001946124800F064FE1AE005210D48FFF7EC
:107E20004FFF06210B48FFF74BFF0D48FFF778FF88
:107E30000B48FFF765FF094B012283F83020074B01
:107E40001B7F002B04D1074B1B681846FBF70CFA6D
:107E500000BF80BD006402400008200060000020D8
:107E6000005401405C00002080B483B000AF786013
:107E700039600C4A3B6813441B781A467B681344EC
:107E80001B6808493A680A44127811467A680A441D
:107E900023F00103136000BF0C37BD465DF8047B7F
:107EA000704700BFE460010880B483B000AF786021
:107EB0007B685B6823F002027B685A6000BF0C3766
:107EC000BD465DF8047B704780B483B000AF0346C5
:107ED000FB71044AFB79137000BF0C37BD465DF897
:107EE000047B70479400002080B500AF184B1B68DE
:107EF00003F00063002B0ED0154B4FF000629A6028
:107F00000220FFF7E1FF03211148FFF7ADFF114801
:107F1000FFF7CAFF19E00E4B4FF080629A600C4BDE
:107F20004FF000729A600A4B4FF080729A60084BD3
:107F30004FF480029A600320FFF7C6FF0321044834
:107F4000FFF792FF0348FFF7AFFF00BF80BD00BF00
:107F5000006402400030014080B483B000AF78601C
:107F600039607B683A689A6100BF0C37BD465DF89E
:107F7000047B704780B483B000AF786039603B68A1
:107F80001A047B689A6100BF0C37BD465DF8047B1C
:107F90007047000080B500AF10210348FFF7DCFFF9
:107FA0000023184680BD00BF000C024080B500AF22
:107FB00010210348FFF7DEFF0023184680BD00BFF5
:107FC000000C024080B483B000AF78607B689B698E
:107FD00003F00203022B01D1012300E00023184625
:107FE0000C37BD465DF8047B704780B483B000AFAA
:107FF00078607B689B6903F00403042B01D10123A3
:1080000000E0002318460C37BD465DF8047B70473E
:1080100080B483B000AF78607B689B6903F0200375
:10802000202B01D1012300E0002318460C37BD4668
:108030005DF8047B704780B483B000AF78607B68E4
:108040009B6903F04003402B01D1012300E0002392
:1080500018460C37BD465DF8047B704780B483B08A
:1080600000AF78607B689B6903F40043B3F5004F71
:1080700001D1012300E0002318460C37BD465DF80E
:10808000047B704780B483B000AF78607B68DB69A5
:1080900043F020027B68DA6100BF0C37BD465DF813
:1080A000047B704780B483B000AF78607B685B6806
:1080B00043F480427B685A6000BF0C37BD465DF8D0
:1080C000047B704780B487B000AFF860B9607A6015
:1080D0003B60BB68C3F309027B6803F400631A4387
:1080E0003B681B0403F47F031A433B6A1A437B6A11
:1080F000134323F000437B61FB685A687B6A5B0D86
:1081000003F48061064B0B43DB431A407B691A433F
:10811000FB685A6000BF1C37BD465DF8047B7047A2
:10812000FF7BFF0380B483B000AF78607B685B6A3D
:10813000DBB218460C37BD465DF8047B704780B44F
:1081400083B000AF78600B46FB70FA787B689A6268
:1081500000BF0C37BD465DF8047B704780B586B024
:1081600002AF7860084611461A460346FB700B467C
:10817000BB7013467B7041F28833FB6000BF7868A8
:10818000FFF76CFF0346002B04D0FB685A1EFA6011
:10819000002BF4D1FB68002B07D17868FFF782FF32
:1081A000012008F0DBFA012367E0FB785900354B2A
:1081B00001934FF000730093022300227868FFF7C9
:1081C00081FF41F28833FB6000BF7868FFF7FAFE59
:1081D0000346002B04D1FB685A1EFA60002BF4D131
:1081E000FB68002B07D17868FFF75CFF012008F0DF
:1081F000B5FA012341E0BB7819467868FFF79FFF85
:1082000041F28833FB6000BF7868FFF7DBFE03466E
:10821000002B04D1FB685A1EFA60002BF4D1FB68D6
:10822000002B07D17868FFF73DFF012008F096FA90
:10823000012322E07B7819467868FFF780FF41F23E
:108240008833FB6000BF7868FFF7E2FE0346002B2F
:1082500004D1FB685A1EFA60002BF4D1FB68002B96
:1082600007D17868FFF71EFF012008F077FA012395
:1082700003E07868FFF706FF002318461037BD4675
:1082800080BD00BF0020008090B589B002AFF860CB
:108290007B600B46FB721346BB7241F288337B61F5
:1082A00000BFF868FFF7DAFE0346002B04D07B69B5
:1082B0005A1E7A61002BF4D17B69002B07D1F86834
:1082C000FFF7F0FE012008F049FA012399E0FB7A5C
:1082D00059004E4B01930023009301230022F868BC
:1082E000FFF7F0FE41F288337B6100BFF868FFF7CB
:1082F00069FE0346002B04D17B695A1E7A61002B6C
:10830000F4D17B69002B07D1F868FFF7CBFE012081
:1083100008F024FA012374E0BB7A1946F868FFF7E5
:108320000EFF41F288337B6100BFF868FFF783FEE0
:108330000346002B04D17B695A1E7A61002BF4D1CD
:108340007B69002B07D1F868FFF7ACFE012008F02D
:1083500005FA012355E0FB7A59003B8D2C4A019226
:108360004FF0007200920022F868FFF7ABFE002386
:108370007B8224E041F288337B6100BFF868FFF71D
:1083800034FE0346002B04D17B695A1E7A61002B10
:10839000F4D17B69002B07D1F868FFF783FE012039
:1083A00008F0DCF901232CE07B8A7A68D418F8689D
:1083B000FFF7B8FE034623707B8A01337B827A8AFB
:1083C0003B8D9A42D6D341F288337B6100BFF86877
:1083D000FFF71EFE0346002B04D17B695A1E7A610B
:1083E000002BF4D17B69002B07D1F868FFF75AFE08
:1083F000012008F0B3F9012303E0F868FFF742FE1B
:10840000002318461C37BD4690BD00BF00200080E9
:108410000024008080B483B000AF786039607B684E
:108420003A689A6100BF0C37BD465DF8047B70471F
:1084300080B483B000AF786039603B681A047B6811
:108440009A6100BF0C37BD465DF8047B704780B46D
:1084500083B000AF78607B689B6803F00103012B59
:1084600001D1012300E0002318460C37BD465DF81A
:10847000047B704780B483B000AF78607B689B68F2
:1084800003F00203022B01D1012300E00023184670
:108490000C37BD465DF8047B704780B483B000AFF5
:1084A00078607B680C331B78DBB218460C37BD460E
:1084B0005DF8047B704780B485B000AF78600B46F0
:1084C000FB707B680C33FB60FB68FA781A7000BFA6
:1084D0001437BD465DF8047B704780B584B000AFAB
:1084E00078607B685A687B689B6819461046FFF77E
:1084F00091FF00BF7B681B681846FFF7BBFF034670
:10850000002BF7D07B685A687B689B681946104639
:10851000FFF78EFF7B681B7B013BFB6023E000BF06
:108520007B681B681846FFF7A5FF0346002BF7D0B2
:108530007B6818687A68FB6813440D331B7819460A
:10854000FFF7B9FF00BF7B681B681846FFF77FFF86
:108550000346002BF7D07B681B681846FFF79DFF8A
:10856000FB68013BFB60FB68002BD8DA7B685A682C
:108570007B689B6819461046FFF74CFF00BF103719
:10858000BD4680BD80B584B000AF78600B46FB70FF
:10859000FB78242B03D97B681B7B062B4ED07B6892
:1085A0001B7B062B38D10023FB6008E07A68FB6850
:1085B00013440D3300221A70FB680133FB607B68A3
:1085C0001B7B1A46FB689342F0DBFB78002B31D013
:1085D000FB78013B1B4A82FB0312DB17D31AFB72A9
:1085E000FB785A1E174B83FB0231D317C91A0B466F
:1085F0005B000B445B00D11A0B46BB72BB7A0122B5
:1086000002FA03F3DAB2FB7A02F03F02D1B27A68DF
:1086100013440A465A730DE07B681B7B012B09D17A
:10862000FB78002B03D07B68FA785A7302E07B68F2
:1086300000225A737868FFF750FF00E000BF103740
:10864000BD4680BDABAAAA2A80B584B000AF7860D1
:108650000023FB6008E07A68FB6813440D33FF22B7
:108660001A70FB680133FB607B681B7B1A46FB6852
:108670009342F0DB7868FFF730FF00BF1037BD464C
:1086800080BD80B483B000AF786039607B683A68A1
:108690009A6100BF0C37BD465DF8047B704780B41B
:1086A00083B000AF786039603B681A047B689A61D8
:1086B00000BF0C37BD465DF8047B704780B483B0C3
:1086C00000AF78607B689B6803F00103012B01D148
:1086D000012300E0002318460C37BD465DF8047BFB
:1086E000704780B483B000AF78607B689B6803F00C
:1086F0000203022B01D1012300E0002318460C37AE
:10870000BD465DF8047B704780B483B000AF7860ED
:108710007B685B6843F001027B685A6000BF0C37DE
:10872000BD465DF8047B704780B483B000AF7860CD
:108730007B685B6843F002027B685A6000BF0C37BD
:10874000BD465DF8047B704780B483B000AF7860AD
:108750007B680C331B78DBB218460C37BD465DF8DE
:10876000047B704780B485B000AF78600B46FB7027
:108770007B680C33FB60FB68FA781A7000BF143713
:10878000BD465DF8047B704780B483B000AF78606D
:1087900039600C4A3B6813441B781A467B681344C3
:1087A0001B6808493A680A44127811467A680A44F4
:1087B00043F00103136000BF0C37BD465DF8047B36
:1087C000704700BFEC60010880B483B000AF7860F0
:1087D00039600C4A3B6813441B781A467B68134483
:1087E0001B6808493A680A44127811467A680A44B4
:1087F00023F00103136000BF0C37BD465DF8047B16
:10880000704700BFEC60010880B485B000AFF8602D
:10881000B9607A600D4ABB6813441B781A46FB683E
:1088200013441B6823F480620849BB680B441B781F
:108830001946FB680B4419467B6813430B6000BF65
:108840001437BD465DF8047B704700BFEC6001083B
:1088500080B485B000AFF860B9607A600D4ABB683B
:1088600013441B781A46FB6813445A680A4B13409A
:108870000849BA680A4412781146FA680A4411464F
:108880007A6813434B6000BF1437BD465DF8047B24
:10889000704700BFEC6001080000FFFF80B485B0A6
:1088A00000AFF860B9607A60074ABB6813441B7870
:1088B0001A46FB6813441A467B68D36000BF14371E
:1088C000BD465DF8047B7047EC60010880B586B05A
:1088D00000AFF860B9607A603B6002233B74BB680C
:1088E0001B0CDBB27B74BB681B0ADBB2BB74BB68BE
:1088F000DBB2FB74FB685A68FB689B68194610463C
:10890000FFF7BFFEFB685A68FB689B681946104674
:10891000FFF7C5FE00237B6123E000BFFB681B68F7
:108920001846FFF7DEFE0346002BF7D0FB681868F9
:1089300007F110027B6913441B781946FFF712FFF9
:1089400000BFFB681B681846FFF7B8FE0346002B04
:10895000F7D0FB681B681846FFF7F6FE7B6901330A
:108960007B617B69032BD8D900237B6122E000BFA8
:10897000FB681B681846FFF7B4FE0346002BF7D0D0
:10898000FB6818683A687B6913441B781946FFF73F
:10899000E9FE00BFFB681B681846FFF78FFE034621
:1089A000002BF7D0FB681B681846FFF7CDFE7B69EC
:1089B00001337B617A697B689A42D8D3FB685A6835
:1089C000FB689B6819461046FFF75BFE00BF18372F
:1089D000BD4680BD90B587B000AFF860B9607A60E1
:1089E0003B6003233B74BB681B0CDBB27B74BB682E
:1089F0001B0ADBB2BB74BB68DBB2FB74FB685A6852
:108A0000FB689B6819461046FFF73BFEFB685A68F7
:108A1000FB689B6819461046FFF741FE00237B6107
:108A200023E000BFFB681B681846FFF75AFE0346A9
:108A3000002BF7D0FB68186807F110027B6913441C
:108A40001B781946FFF78EFE00BFFB681B681846AF
:108A5000FFF734FE0346002BF7D0FB681B6818466F
:108A6000FFF772FE7B6901337B617B69032BD8D9E9
:108A700000237B6124E000BFFB681B681846FFF7FA
:108A800030FE0346002BF7D0FB681B68AA2118466E
:108A9000FFF768FE00BFFB681B681846FFF70EFE75
:108AA0000346002BF7D0FB6819683A687B69D41835
:108AB0000846FFF749FE034623707B6901337B615B
:108AC0007A697B689A42D6D3FB685A68FB689B68D0
:108AD00019461046FFF7D5FD00BF1C37BD4690BDB7
:108AE00080B584B000AF786039607B68DA687B68F5
:108AF0001B6919461046FFF767FE7B68DA687B68DA
:108B00005B6919461046FFF75FFE7B68D8687B6893
:108B10001B693A681946FFF79BFE7B68D8687B683B
:108B20005B693A681946FFF793FE7B68D8687B68F3
:108B300019697B681B7F012B02D17B68DB6A00E02F
:108B4000584B1A46FFF7AAFE7B68D8687B681969FC
:108B50007B681B7F012B02D14FF4806300E0002370
:108B60001A46FFF751FE7B68D8687B6859697B68B5
:108B70001B7F012B02D07B68DB6A00E0494B1A4661
:108B8000FFF78CFE7B68D8687B6859697B681B7F20
:108B9000012B01D1002301E04FF480631A46FFF757
:108BA00033FE7B681B7F012B01D1022300E00B23E6
:108BB0003B727B681B6A1B0CDBB27B727B681B6A97
:108BC0001B0ADBB2BB727B681B6ADBB2FB72002341
:108BD0003B737B681B7F012B01D1042300E005233D
:108BE000BB737B689A687B685B6812049A61002398
:108BF000FB7324E000BF7B681B681846FFF771FD1C
:108C00000346002BF7D07B681A68FB7B10333B448C
:108C100013F8083C19461046FFF7A4FD00BF7B6817
:108C20001B681846FFF74AFD0346002BF7D07B6808
:108C30001B681846FFF788FDFB7B0133FB73FA7B4B
:108C4000BB7B9A42D6D37B685A6A3B68D21A7B6850
:108C50005A627B681A6A3B681A447B681A623B68EE
:108C60009AB27B681A857B681B681846FFF75CFD23
:108C70007B681B681846FFF747FD7B68DA687B68EE
:108C80005B6919461046FFF77FFD7B68DA687B68F1
:108C90001B6919461046FFF777FD00BF1037BD4628
:108CA00080BD00BFA800002080B483B000AF786012
:108CB0007B689B6803F00103012B01D1012300E0D5
:108CC000002318460C37BD465DF8047B704780B41E
:108CD00083B000AF78607B680C331B78DBB218463A
:108CE0000C37BD465DF8047B704780B485B000AF9B
:108CF00078600B46FB707B680C33FB60FB68FA788E
:108D00001A7000BF1437BD465DF8047B704780B40D
:108D100083B000AF786039607B683A689A6100BFC1
:108D20000C37BD465DF8047B704780B483B000AF5C
:108D3000786039603B681A047B689A6100BF0C3721
:108D4000BD465DF8047B704780B582B000AF7860A7
:108D50007B685A687B681B8919461046FFF7E5FF58
:108D600000BF0837BD4680BD80B582B000AF7860D7
:108D70007B685A687B681B8919461046FFF7C7FF56
:108D800000BF0837BD4680BD80B582B000AF7860B7
:108D90000B46FB70FB7819460948FFF7A6FF00BF9A
:108DA0007B681B681846FFF77FFF0346002BF7D050
:108DB0000348FFF78CFF034618460837BD4680BDC1
:108DC000003C004080B586B000AFF860B960134643
:108DD000FB710023FB75F868FFF7B6FF0023BB7536
:108DE00011E0BB7DBA6813441B781946F868FFF799
:108DF000CBFF0346FB75BB7DBA681344FA7D1A703E
:108E0000BB7D0133BB75BA7DFB799A42E9D3F86823
:108E1000FFF7AAFFFB7D18461837BD4680BD00004E
:108E2000B0B582B000AFC7E90001D7E900010E4D2F
:108E300000242A1A64EB01034FF000004FF00001F8
:108E4000590641EAD211500605A3D3E90023F7F7EA
:108E50006DFB02460B46134618460837BD46B0BDAB
:108E600000F9029500000000807C814A2DE9B00FD6
:108E700085B000AFF860F968C8170C4605461B4975
:108E800001FB05F0002104FB01F101441748A4FB9C
:108E9000002319440B4610461946002908DA6FF0E2
:108EA0007E43C3183B6041F100037B60D7E90001BA
:108EB0004FF000024FF00003420E42EAC1124B167F
:108EC0000021D2F1000A61EB030B52465B460849D0
:108ED00012EB010843F1000942464B461046194681
:108EE0001437BD46BDE8B00F704700BF00F90295CA
:108EF000807C814A80B586B000AF7860396007F128
:108F00000C0300221A605A603B681B783B733B6875
:108F10001B795B00DBB27B733B681B78F22B11D1B2
:108F20003B681A6907F10C0302331946104600F03A
:108F30001DFB07F10C030621184600F0DBFA03467F
:108F4000BB7407E007F10C030221184600F0D2FAC7
:108F50000346BB733B685A7807F10C0319467868DF
:108F6000FFF730FF07F10C03184600F03DFB034606
:108F70009AB24FF0FF337B617B695B057B617B6954
:108F80005B0D7B617B699BB213409AB23B68DA82CE
:108F90003B681B78F22B06D1BA7B3B681A75FA7CCA
:108FA0003B685A7519E03B681B78F42B0FD107F129
:108FB0000C030233184600F0FAFA02463B681A61C5
:108FC000BA7C3B681A75FA7C3B685A7505E0BA7B37
:108FD0003B681A75FA7B3B685A753B685B7DA52B2D
:108FE00009D07B689B7E43F01003DAB27B689A76E7
:108FF0004FF0FF3307E07B689B7E23F01003DAB26B
:109000007B689A76002318461837BD4680BD00005D
:1090100080B58CB000AFF8600B467A60FB7200231D
:1090200087F82F30144B1B883B823B8ABB82FA7A2D
:10903000124913465B0013449B00CA1807F118033A
:1090400007CA83E8070007F114031946F868FFF719
:1090500051FF034687F82F3097F92F30002B02D0AD
:1090600097F92F3003E07A6A7B681A60002318466C
:109070003037BD4680BD00BF3C530108AC00002026
:1090800080B58CB000AFF8600B467A60FB720F4B76
:109090001B88BB82BB8A3B83FA7A0D4913465B006F
:1090A00013449B00CA1807F11C0307CA83E8070092
:1090B0007B68BB6207F118031946F868FFF71AFFCF
:1090C000034618463037BD4680BD00BF40530108F7
:1090D000AC00002080B586B000AFF8607A603B60DD
:1090E0000B46FB7207F11402FB7A1946F868FFF78A
:1090F0008FFF7B68DA437B6913407B61396878684E
:1091000000F0A2FA02467B6913437B617A69FB7A1D
:109110001946F868FFF7B4FF034618461837BD46EE
:1091200080BD80B582B000AF78600B46FB70FB78E5
:10913000002B07D07B689B7E43F00203DAB27B688A
:109140009A7606E07B689B7E23F00203DAB27B68A6
:109150009A76FB78012200217868FFF7BBFF03466F
:1091600018460837BD4680BD80B582B000AF786034
:109170000B46FB70FB78002B07D07B689B7E43F08F
:109180000403DAB27B689A7606E07B689B7E23F064
:109190000403DAB27B689A76FB78022200217868B1
:1091A000FFF798FF034618460837BD4680BD80B5D7
:1091B00082B000AF78607B689B7E23F00F03DAB249
:1091C0007B689A7601234FF4804200217868FFF78C
:1091D00081FF034618460837BD4680BD80B584B080
:1091E00000AF78604FF0FF33FB60FB689B06FB60CD
:1091F000FB685B0DFB60FA68002301217868FFF7CC
:1092000069FF034618461037BD4680BD80B584B05F
:1092100000AF786039604FF0FF33FB60FA683B685D
:1092200004217868FFF756FF034618461037BD46FD
:1092300080BD2DE9F04F91B000AF7861002387F831
:109240003E307B69DA687B691B8A19461046FFF756
:109250006CFD7B695A697B691B8B19461046FFF7C9
:1092600064FD7869FFF7A3FF7869FFF7B7FF03464E
:1092700087F83E307B69DA687B691B8A194610469D
:10928000FFF745FD01217869FFF74BFF034687F89B
:109290003E3043F6012200217869FFF7F1FE0346D4
:1092A00087F83E304FF07F417869FFF7AFFF034604
:1092B00087F83E30002201217869FFF7E1FE03467E
:1092C00087F83E30012007F049FA43F601220021D9
:1092D0007869FFF7D5FE034687F83E304FF07F40B0
:1092E000FFF7C4FDC7E90C010020FFF7BFFDC7E988
:1092F0000A01002387F83F3046E0D7E90A01D7E9A1
:109300000C23841A61EB030597F83F30002298463E
:10931000914608FB05F204FB09F31344A4FB08ABD8
:109320005B449B4652465B46002B06DAD11CB96073
:1093300043F10003FB60D7E902234FF000004FF038
:109340000001900840EA83709910D7E90C231618A1
:109350003E604B417B60D7E90023C7E90823D7E98A
:109360000801FFF75DFDF861FB6919467869FFF7B1
:109370004DFF034687F83E30012007F0EFF997F8DC
:109380003F30013387F83F3097F83F30042BB4D992
:109390007B695A697B691B8B19461046FFF7B7FC3E
:1093A00001217869FFF7E0FE034687F83E3001208F
:1093B00007F0D4F997F93E30002B07D17B699B7EEB
:1093C00043F00703DAB27B699A7602E07B690022F8
:1093D0009A7679694FF000024FF00003C1E9082343
:1093E00097F93E3018464437BD46BDE8F08F00007F
:1093F0002DE9B04F8CB000AFF861C7E904230B46EC
:10940000FB76002387F827304FF000024FF000036F
:10941000C7E90A2300233B62FB7E002B2BD1FB69AB
:109420009B7E23F00803DAB2FB699A76D7E904231E
:1094300010461946002907DA10F10F03BB6041F10D
:109440000003FB60D7E902014FF000024FF0000378
:10945000020942EA01720B1100215042386061EBAF
:1094600003037B60D7E90023214912EB010843F194
:109470000009C7E90A89FB7E012B20D1FB699B7E8D
:1094800043F00803DAB2FB699A76D7E90423002B8C
:1094900005DA12F10F0A43F1000B52465B464FF01A
:1094A00000004FF00001100940EA03701911024654
:1094B0000B460F49541843F10005C7E90A45D7E99F
:1094C0000A01FFF7ADFC38623B6A1946F869FFF7FD
:1094D0009DFE034687F82730F969D7E90423C1E9DF
:1094E000082397F9273018463037BD46BDE8B08FBE
:1094F000807C814A80B485B000AF78600B46FB70F9
:109500000023FB7307233B730023BB7323E0BB7B68
:109510007A6813441A78FB7B5340FB7300237B73F8
:1095200013E097F90F30002B09DA97F90F305B0041
:109530005AB297F90C3053405BB2FB7302E0FB7BED
:109540005B00FB737B7B01337B737B7B072BE8D951
:10955000BB7B0133BB73BA7BFB789A42D7D3FB7BCF
:1095600018461437BD465DF8047B704780B483B05D
:1095700000AF786039603B6803337A68D2B21A7002
:109580007B681A0A3B680233D2B21A707B681A0CE5
:109590003B680133D2B21A707B681B0EDAB23B68AB
:1095A0001A7000BF0C37BD465DF8047B704780B46D
:1095B00083B000AF78607B6803331B781A467B6802
:1095C00002331B781B0213431A467B6801331B7856
:1095D0001B041A437B681B781B06134318460C3781
:1095E000BD465DF8047B704780B483B000AF7860FF
:1095F0007B6801331B781A467B681B781B02134378
:1096000018460C37BD465DF8047B704780B485B0C2
:1096100000AF78600023FB600CE07B6803F001037F
:10962000002B01D0FB6809E07B685B087B60FB686E
:109630000133FB607B68002BEFD1202318461437E1
:10964000BD465DF8047B704780B582B000AF78609E
:1096500039607868FFF7DAFF02463B6803FA02F2E6
:109660007B68134018460837BD4680BD80B483B080
:1096700000AF786039607B683A689A6100BF0C3748
:10968000BD465DF8047B704780B483B000AF78605E
:1096900039603B681A047B689A6100BF0C37BD468D
:1096A0005DF8047B704780B483B000AF78607B685E
:1096B0009B6803F00103012B01D1012300E000238B
:1096C00018460C37BD465DF8047B704780B483B004
:1096D00000AF78607B689B6803F00203022B01D126
:1096E000012300E0002318460C37BD465DF8047BDB
:1096F000704780B483B000AF78607B680C331B7810
:10970000DBB218460C37BD465DF8047B704780B469
:1097100085B000AF78600B46FB707B680C33FB6054
:10972000FB68FA781A7000BF1437BD465DF8047BF9
:109730007047000080B584B000AF786000BF7B68E0
:109740001B681846FFF7C2FF0346002BF7D0002323
:10975000FB6080E0FB68002B0CD07A68FB68134448
:1097600014331B781BB21B011AB23F4B13431BB2BD
:109770009BB20BE07A68FB68134414331B781BB26E
:109780001B011BB243F440531BB29BB27B817B682D
:109790005A687B689B6819461046FFF775FF00BF43
:1097A0007B681B681846FFF791FF0346002BF7D034
:1097B0007B681A687B891B0A9BB2DBB2194610468C
:1097C000FFF7A5FF00BF7B681B681846FFF76BFF1C
:1097D0000346002BF7D07B681B681846FFF789FF0C
:1097E00000BF7B681B681846FFF770FF0346002B1D
:1097F000F7D07B681B687A89D2B211461846FFF70A
:1098000086FF00BF7B681B681846FFF74CFF0346C6
:10981000002BF7D07B681B681846FFF76AFF7B6850
:109820005A687B689B6819461046FFF71FFF7B68E4
:10983000DA687B681B6919461046FFF725FF00BFF1
:109840007B68DA687B681B6919461046FFF70EFFD4
:10985000FB680133FB60FB68012B7FF77BAF00BF28
:1098600000BF1037BD4680BD00B0FFFF80B582B09D
:1098700000AF78600B46FB701346BB70FB787A68CC
:109880001344BA781A757868FFF754FF00BF083799
:10989000BD4680BD80B483B000AF78607B689B68B4
:1098A00043F001027B689A6000BF0C37BD465DF84B
:1098B000047B704780B483B000AF78607B689B689E
:1098C00043F080427B689A6000BF0C37BD465DF86C
:1098D000047B704780B483B000AF786039600C4A75
:1098E0003B6813441B781A467B6813441B6808497D
:1098F0003A680A44127811467A680A4443F0010330
:10990000136000BF0C37BD465DF8047B704700BF95
:10991000F460010880B483B000AF786039600C4A0D
:109920003B6813441B781A467B6813441B6808493C
:109930003A680A44127811467A680A4423F001030F
:10994000136000BF0C37BD465DF8047B704700BF55
:10995000F460010880B483B000AF786039600A4ACF
:109960003B6813441B781A467B6813441B6803F05A
:109970000103012B0CBF01230023DBB218460C3777
:10998000BD465DF8047B7047F460010880B485B083
:1099900000AFF860B9607A600D4ABB6813441B7869
:1099A0001A46FB6813441B6823F490720849BB688D
:1099B0000B441B781946FB680B4419467B6813431C
:1099C0000B6000BF1437BD465DF8047B704700BFD5
:1099D000F460010880B485B000AFF860B9607A60C7
:1099E0000D4ABB6813441B781A46FB6813441B6876
:1099F00023F400720849BB680B441B781946FB68C6
:109A00000B4419467B6813430B6000BF1437BD46F7
:109A10005DF8047B704700BFF460010880B485B036
:109A200000AFF860B9607A600D4ABB6813441B78D8
:109A30001A46FB6813441B6823F480620849BB681C
:109A40000B441B781946FB680B4419467B6813438B
:109A50000B6000BF1437BD465DF8047B704700BF44
:109A6000F460010880B485B000AFF860B9607A6036
:109A70000D4ABB6813441B781A46FB6813441B68E5
:109A800023F4C0520849BB680B441B781946FB6895
:109A90000B4419467B6813430B6000BF1437BD4667
:109AA0005DF8047B704700BFF460010880B485B0A6
:109AB00000AFF860B9607A600D4ABB6813441B7848
:109AC0001A46FB6813441B6823F4C0420849BB686C
:109AD0000B441B781946FB680B4419467B681343FB
:109AE0000B6000BF1437BD465DF8047B704700BFB4
:109AF000F460010880B485B000AFF860B9607A60A6
:109B00000D4ABB6813441B781A46FB6813445A6815
:109B10000A4B13400849BA680A4412781146FA6899
:109B20000A4411467A6813434B6000BF1437BD46A0
:109B30005DF8047B704700BFF46001080000FFFF80
:109B400080B485B000AFF860B9607A60074ABB683E
:109B500013441B781A46FB6813441A467B68D3608B
:109B600000BF1437BD465DF8047B7047F460010800
:109B700080B485B000AFF860B9607A60074ABB680E
:109B800013441B781A46FB6813441A467B6893609B
:109B900000BF1437BD465DF8047B7047F4600108D0
:109BA00080B483B000AF786039600C4A3B681344DE
:109BB0001B781A467B6813441B6808493A680A44B4
:109BC000127811467A680A4443F01003136000BF0C
:109BD0000C37BD465DF8047B704700BFF460010898
:109BE00080B584B000AFF860B9601346FB71FB68C4
:109BF0001A68FB685B6819461046FFF78BFE00BFCA
:109C0000FB681A68FB685B6819461046FFF7A2FEFE
:109C10000346002BF4D1FB681868FB685B680022E0
:109C20001946FFF7D7FEFB681868FB685B684FF4BE
:109C300080621946FFF7F2FEFB681868FB685B68F4
:109C40004FF400621946FFF70DFFFB681868FB68C8
:109C50005B684FF400521946FFF728FFFB6818684D
:109C6000FB685B68FA791946FFF744FFFB681868E0
:109C7000FB685B68154A1946FFF77AFFFB681868AE
:109C8000FB685B68BA681946FFF75AFFFB681868FB
:109C9000FB685B684FF480721946FFF777FEFB683C
:109CA0001A68FB685B6819461046FFF779FF084899
:109CB000FFF7F0FDFB681A68FB685B681946104601
:109CC000FFF708FE00BF1037BD4680BD4C200140A5
:109CD0000020014080B500AF0248FFF7EBFD00BF58
:109CE00080BD00BF0020014080B485B000AF0346B6
:109CF000FB80FB88052B05D9FB88074A52F82330E7
:109D00001BB200E0054BFB81B7F90E301846143743
:109D1000BD465DF8047B70470C0100200080FFFF0A
:109D200080B485B000AF78607B685B69002B02D19E
:109D30007B685B8900E00023FB817B689B880333A1
:109D40009A087B68DB8803339B081A447B681B896D
:109D500003339B08D118FA8913465B001344DB00D8
:109D600003339B08CA18FB8903339B08134412333F
:109D70009BB29B009BB218461437BD465DF8047B2E
:109D8000704780B588B000AF78600023FB617868C9
:109D9000FFF7C6FF0346BB610023FB757B68DB68EA
:109DA000002B05D07B681B8A1A46BB69934201D9F8
:109DB000002371E07B68DB683B61BA690021386988
:109DC00007F052FC3B69FB613B6910333B61FB6967
:109DD0003A69DA603B6938333B61FB69DB68FB60F9
:109DE000FB683A691A617B689B88033323F003039D
:109DF0003A6913443B61FB683A69DA617B68DB8846
:109E0000033323F003033A6913443B617B685A69C7
:109E1000FB685A627B681A8BFB689A857B681A8B91
:109E2000FB68DA85FB683A695A607B681A89FB68C7
:109E30001A81FB7D002B08D0FB6893F8333043F088
:109E40000403DAB2FB6883F833207B689B7C002B29
:109E500008D0FB6893F8333043F02003DAB2FB6894
:109E600083F833207B689A88FB681A83FB6800229A
:109E70009A82FB680022DA827B68DA88FB685A845F
:109E8000FB68002283F832207B681A68FB681A603E
:109E9000FB6800229A86FB6918462037BD4680BDC4
:109EA00080B584B000AF78600B46FB707B68DB68E0
:109EB000FB60FB681033FA781146184600F082FF09
:109EC000034683F00103DBB2002B08D0FB6893F854
:109ED000333043F00103DAB2FB6883F8332000BF6C
:109EE0001037BD4680BD80B584B000AF78607B6818
:109EF0001B68002B00F083807B68DB68FB60FB68DD
:109F000093F8333003F00203002B55D1FB6893F82C
:109F1000333043F00203DAB2FB6883F83320FB6886
:109F20001B681946786800F076FE45E0FB68103340
:109F3000184600F01FFF0346FB72FB6893F83330AE
:109F400003F00803002B05D0FB7A1946786800F06F
:109F5000EDF92AE0FB6893F832301B2B0CD1FB7A29
:109F60005B2B09D1FB6893F8333043F00803DAB276
:109F7000FB6883F8332018E0FB7A184600F0A2FE55
:109F80000346002B05D0FB7A1946786800F07EFA6C
:109F90000BE0FB7A184600F0B5FE0346002B04D018
:109FA000FB7A1946786800F01FFA786800F00AFD1D
:109FB000FB68FA7A83F83220FB681033184600F009
:109FC000B8FE0346002BB1D1FB6893F8333003F0A1
:109FD0000103002B14D0FB6800221A84FB68DB69A4
:109FE000FA68128C134400221A70FB6893F833301D
:109FF00023F00103DAB2FB6883F8332000E000BFEE
:10A000001037BD4680BD80B584B000AF7860396040
:10A010007B681B68002B38D07B68DB68FB60FB68C3
:10A020009B8E7B81FB6893F8333003F01003002B89
:10A0300002D1786800F0BAFDFB687A899A8639689F
:10A04000786800F0E8FDFB6893F8333003F0100304
:10A05000002B1BD1FB681B681946786800F0DBFDFC
:10A06000FB68DB691946786800F0D5FDFB681A8C3F
:10A07000FB681A86FB689B8E00221946786800F000
:10A08000EBFD786800F09EFC00E000BF1037BD4695
:10A0900080BD000080B588B000AF78607B68002B81
:10A0A00066D0354BFB600023FB770023BB77002392
:10A0B000BB6100237B6147E07B6901337B61BB7F30
:10A0C000002B02D00023BB7729E0FB7C5C2B02D164
:10A0D0000123BB7738E0FB7C222B10D1FB7F002BC8
:10A0E00014BF01230023DBB283F00103DBB2FB7753
:10A0F000FB7F03F00103FB770023FB740FE0FB7F82
:10A1000083F00103DBB2002B09D0FB7C1946F86811
:10A1100007F0B2FA0346002B01D00023FB74FB7C4E
:10A12000002B09D1BB69002B0EDDBB69013B7A68AE
:10A1300013441B78002B07D0BB697A681344FA7C60
:10A140001A70BB690133BB617B697A6813441B7861
:10A15000FB74FB7C002BAFD1BB697A6813440022EF
:10A160001A70BB6901337A68134400221A7000E048
:10A1700000BF2037BD4680BD6853010880B584B05C
:10A1800000AF78600B467B807B881946786800F0CA
:10A1900020FF0346FB81FB894FF6FF72934203D0F9
:10A1A000FB897A68134400E0002318461037BD4647
:10A1B00080BD80B584B000AF78600B467B807B8823
:10A1C0001946786800F005FF0346FB81FB894FF6CE
:10A1D000FF72934203D0FB897A68134400E00023A6
:10A1E00018461037BD4680BD80B485B000AF78609A
:10A1F0007B68002B03D07B681B78002B01D10023E8
:10A2000019E00023FB6001237B81FB687A6813441B
:10A210001B78002B09D1FB6801337A6813441B7843
:10A22000002B06D07B8901337B81FB680133FB6007
:10A23000EBE700BF7B8918461437BD465DF8047B09
:10A240007047000080B586B000AF78600B46FB70A9
:10A250007B68DB683B613B699B89002B5FD0FB78A7
:10A26000002B05D03B695A893B699B899A4256D09D
:10A27000FB7883F00103DBB2002B03D03B695B89E1
:10A28000002B4CD0786800F091FC3B691B681946A4
:10A29000786800F0C0FCFB78002B06D03B695B8936
:10A2A00001339AB23B695A8105E03B695B89013B06
:10A2B0009AB23B695A813B691A1D3B695B89194611
:10A2C000104600F00DFE78617B69002B01D1164B22
:10A2D0007B617869F6F714F80346FB813B69DB691B
:10A2E000FA897969184607F04CFA3B69DA69FB8903
:10A2F000134400221A703B69FA891A843B69DB69AE
:10A300001946786800F087FC3B691A8C3B691A860D
:10A310003B6900229A86786800F054FB00E000BF99
:10A320001837BD4680BD00BF6C53010890B585B09D
:10A3300000AF78600B46FB707B68DB68FB60FB78E6
:10A340003F2B48D9FB787E2B45D8FB6893F83330F8
:10A3500023F00803DAB2FB6883F83320FB78412B43
:10A3600002D0FB78422B09D1FB78412B0CBF012393
:10A370000023DBB219467868FFF764FFFB78432BB4
:10A380000FD1FB689B8E002B0BD0FB689B8E013B93
:10A390009AB2FB689A86124B1B681946786800F0DF
:10A3A0003AFCFB78442B16D1FB689B8E1C46FB685D
:10A3B000DB691846F5F7A4FF03469C420BD2FB6805
:10A3C0009B8E01339AB2FB689A86064B1B6819462E
:10A3D000786800F020FC00BF1437BD4690BD00BF78
:10A3E000104100201441002080B584B000AF786097
:10A3F0000B46FB707B68DB68FB60FB681B8C0233E1
:10A40000FA68528C93423BDAFB68DB691846F5F731
:10A4100077FF0246FB689B8ED31ABB60FB68DA6944
:10A42000BB680133D018FB68DA69BB68D118FB68D8
:10A430009B8E01331A4607F0FDF8FB681B8C013335
:10A440009AB2FB681A84FB681B8E01339AB2FB68D0
:10A450001A86FB68DA69BB681344FA781A70FB68DD
:10A460009B8E002B05D0084B1B681946786800F0BE
:10A47000D2FB7B681B68FA7811467868984700E041
:10A4800000BF1037BD4680BD2041002080B584B09C
:10A4900000AF78600B46FB707B68DB68FB60FB6895
:10A4A00093F832300D2B02D1FB780A2B78D0FB6861
:10A4B00093F832300A2B02D1FB780D2B70D0FB7849
:10A4C0000D2B02D0FB780A2B29D1786800F0DCFA3A
:10A4D000354B1B681946786800F09DFBFB681B8CA8
:10A4E000002B02D0786800F065F8FB6800221A841F
:10A4F000FB68DB69FA68128C134400221A70FB684F
:10A5000000221A86FB6800225A81FB6800229A8684
:10A51000FB681B681946786800F07DFB41E0FB781A
:10A52000082B02D0FB787F2B33D1FB681B8C1A469B
:10A53000FB689B8ED31A002B2BDD1C4B1B68194626
:10A54000786800F068FB1A4B1B681946786800F0C1
:10A5500062FBFB68DB691846F5F7D2FE0246FB6832
:10A560009B8ED31ABB60FB68DA69BB68013BD018CD
:10A57000FB68DA69BB68D118FB689B8E01331A4609
:10A5800007F058F8FB681B8C013B9AB2FB681A84F1
:10A5900007E0FB78092B04D1786800F075FA00E039
:10A5A00000BF1037BD4680BD0C4100201441002083
:10A5B0002441002090B58FB000AF78607B68DB68E5
:10A5C000BB61012387F8373000233B630DE0BB6993
:10A5D000DA693B6B13441B78202B03D0002387F8E8
:10A5E000373008E03B6B01333B63BB691B8C1A4679
:10A5F0003B6B9342EBDB97F83730002B40F0FA804F
:10A60000BB691A1DBB69DB691946104600F004FCE2
:10A610000023FB620023BB62002387F8273000235E
:10A620003B6230E0BB69DA693B6A13441B78FB7517
:10A63000FB7D202B0FD1BB6A002B05D1BB69DA69EA
:10A640003B6A134400221A70FB6A002B18D00123C6
:10A6500087F8273014E0FB6A002B05D1BB69DA6963
:10A660003B6A1344FB620BE0BB6A002B08D197F8EE
:10A670002730002B04D0BB69DA693B6A1344BB6204
:10A680003B6A01333B62BB691B8C1A463B6A9342AF
:10A69000C8DBBB69DA69BB691B8C01331344002238
:10A6A0001A70FB6A002B00F0A7800023FB6172E0A8
:10A6B000BB69596AFA6913465B001344DB000B441B
:10A6C0005B681946F86AF5F7BBFD0346002B5FD1BE
:10A6D000BB69596AFA6913465B001344DB000B44FB
:10A6E0005B69002B5ED0BB69596AFA6913465B004F
:10A6F0001344DB000B441B7B002B02D0B86AFFF72E
:10A70000C9FCBB6993F8333043F01003DAB2BB697C
:10A7100083F83320BB6A002B1AD03949B86AF5F7A1
:10A720008FFD0346002B06D03649B86AF5F788FD41
:10A730000346002B0CD1BB69596AFA6913465B00CA
:10A740001344DB000B441946786800F05DF815E00F
:10A75000BB69596AFA6913465B001344DB000B447A
:10A760005C69BB69596AFA6913465B001344DB00F4
:10A770000B441B691A46B96A7868A047BB6993F80D
:10A78000333023F01003DAB2BB6983F8332034E0AE
:10A79000FB690133FB61BB699B8D1A46FB699342E0
:10A7A00086DB00E000BF7B685B68002B1DD0FB6A86
:10A7B000FB60BB6A3B61BB6993F8333043F0100325
:10A7C000DAB2BB6983F833207B685B6807F10C025F
:10A7D000114678689847BB6993F8333023F010032B
:10A7E000DAB2BB6983F8332007E0F96A786800F0D1
:10A7F0005FFE02E000BF00E000BF3C37BD4690BDF9
:10A80000705301087453010880B582B000AF7860BE
:10A8100039603B689B68002B10D07B681B6809215E
:10A82000786898473B689B681946786800F0F3F9A8
:10A83000044B1B681946786800F0EDF900BF083733
:10A84000BD4680BD0C41002080B58EB000AFF860E1
:10A85000B9607A6000233B610023BB820023FB8246
:10A860007868F5F74DFD7862BB68DB683B623B6A50
:10A870009B8D002B02D07B6A002B08D1FB681A4607
:10A8800007F1100393E8030082E8030095E000233A
:10A890007B6383E03B6A596A7A6B13465B0013441F
:10A8A000DB000B445B68FB61F869F5F729FDB861D3
:10A8B0003B6A9A6A7B6B13441A783B6A996A7B6B92
:10A8C0000B4422F00102D2B21A70BA697B6A9A4232
:10A8D0005ED3012387F833300023FB6210E07A68EF
:10A8E000FB6A13441A78F969FB6A0B441B789A4295
:10A8F00003D0002387F8333006E0FB6A0133FB62A4
:10A90000FA6A7B6A9A42EAD397F8333083F00103FC
:10A91000DBB2002B3ED13B6A9A6A7B6B13441A78F8
:10A920003B6A996A7B6B0B4442F00102D2B21A7007
:10A93000FB8A002B04D0BB8A1A46BB69934202D221
:10A94000BB699BB2BB82FB8A01339BB2FB82FB8A51
:10A95000012B02D1FB693B611DE03B6A1B8CBB6292
:10A9600010E03A69BB6A13441A78F969BB6A0B4470
:10A970001B789A4203D0BB6A9BB2BB820BE0BB6AD6
:10A980000133BB62BB8A1A46BB6A9342E9D302E039
:10A9900000BF00E000BF7B6B01337B633B6A9B8D94
:10A9A0001A467B6B9342FFF675AFFB681A4607F1B8
:10A9B000100393E8030082E80300F8683837BD46C7
:10A9C00080BD000080B588B000AF78607B68DB6830
:10A9D0007B617B6993F8333003F02003002B4AD06E
:10A9E0007B69DA6907F10C0379681846FFF72CFFD9
:10A9F0007B8A002B02D17B691B8C3B82204B1B681E
:10AA00001946786800F007F97B699B8E0122194688
:10AA1000786800F021F97B691B8CFB610BE07B6897
:10AA20001B68F968FA690A441278114678689847F1
:10AA3000FB690133FB613B8A1A46FB699342EED303
:10AA40003B8ABB6107E07B681B68202178689847D8
:10AA5000BB690133BB617B691B8E1A46BB6993429C
:10AA6000F1D33A8A7B691A86064B1B6819467868C7
:10AA700000F0D1F800E000BF2037BD4680BD00BF28
:10AA8000184100201C41002080B588B000AF7860DC
:10AA90007B68DB68BB61BB69DA6907F10C03796825
:10AAA0001846FFF7D1FE7B8A002B78D07B8A012BDA
:10AAB00004D03A8ABB691B8C9A4231D9BB69DB69E5
:10AAC000F9683A8A184606F05CFE7B8A012B09D1A8
:10AAD000BB69DB693A8A134420221A703B8A01332E
:10AAE0009BB23B82BB69DB693A8A134400221A702D
:10AAF000BB69DB69BA69128C1146BA69928E8A1AEF
:10AB000013441946786800F086F83A8ABB691A84BB
:10AB1000BB691A8CBB691A86BB6900229A863FE022
:10AB2000786800F043F80023FB6121E0BB699A6A72
:10AB3000FB6913441B7803F00103002B14D0BB699D
:10AB4000596AFA6913465B001344DB000B445B68E7
:10AB50007B617969786800F05EF8134B1B681946D1
:10AB6000786800F058F800E000BFFB690133FB6132
:10AB7000BB699B8D1A46FB699342D7DBBB691B6897
:10AB80001946786800F047F8BB69DB6919467868B0
:10AB900000F041F8BB691A8CBB691A8600E000BF5F
:10ABA0002037BD4680BD00BF0C41002090B587B066
:10ABB00000AF78607B68DB683B613B691B8E1C469D
:10ABC0003B691B681846F5F79BFB03462344FB6073
:10ABD0007B681B680D217868984700237B6107E03C
:10ABE0007B681B682021786898477B6901337B610B
:10ABF0007A69FB689A42F3D37B681B680D217868F9
:10AC000098473B6900221A863B6900229A8600BF5A
:10AC10001C37BD4690BD80B584B000AF7860396008
:10AC20003868F5F76DFBB8600023FB600BE07B68CC
:10AC30001B683968FA680A441278114678689847A0
:10AC4000FB680133FB60FA68BB689A42EFD300BF30
:10AC500000BF1037BD4680BD80B586B000AF7860BC
:10AC60000B467B8013467B707B88002B20D007F13E
:10AC70000C0300221A605A601A727B78002B04D0F1
:10AC80000D4B1B6802331B7803E00C4B1B6802332F
:10AC90001B78FB757A88FB7D07F10C00084906F0EC
:10ACA00093FB07F10C0319467868FFF7B4FF00E047
:10ACB00000BF1837BD4680BD104100201441002060
:10ACC0007C53010880B483B000AF0346FB71FB796D
:10ACD0000D2B0BD0FB790A2B08D0FB79082B05D064
:10ACE000FB79092B02D0FB797F2B01D1012300E0F6
:10ACF000002303F00103DBB218460C37BD465DF8B4
:10AD0000047B704780B483B000AF0346FB71FB79CE
:10AD10001F2B04D9FB797E2B01D8012300E00023EF
:10AD200003F00103DBB218460C37BD465DF8047B27
:10AD3000704780B483B000AF78607B68DA887B6846
:10AD40009B889A4206D37B68DA887B689B88D31AF3
:10AD50009BB209E07B681A897B689B88D31A9AB2F8
:10AD60007B68DB8813449BB218460C37BD465DF800
:10AD7000047B704780B485B000AF78600023FB731C
:10AD80007B689A887B68DB889A4214D07B681B6852
:10AD90007A68928813441B78FB737B689B88013325
:10ADA0009BB27A681289B3FBF2F101FB02F29B1AA3
:10ADB0009AB27B689A80FB7B18461437BD465DF8D3
:10ADC000047B704780B485B000AF78600B46FB70A1
:10ADD0007B68DB8801339BB27A681289B3FBF2F19E
:10ADE00001FB02F29B1AFB817B689B88FA899A42DD
:10ADF0000BD07B681B687A68D2881344FA781A7083
:10AE00007B68FA89DA80012300E0002318461437B2
:10AE1000BD465DF8047B704780B588B000AF7860B0
:10AE200039603868F5F76CFAB8617B689B881A4618
:10AE3000BB6901339A4201D200234DE0396878683A
:10AE400000F06AF824E07B681B891946786800F0F6
:10AE500047F878617869F5F753FA38617B681B68C1
:10AE60007A69D31A1A463B6913440133FB617B6844
:10AE70009B881A46FB69D31AFB60BB690133FA68E9
:10AE80009A420AD27B681B89013B9AB27B681A817D
:10AE90007B681B89002BD6D100E000BF7B681B8933
:10AEA000002B0AD07B681A68BB690133D0187B6815
:10AEB0001B68FA69194606F0BDFB7B681868BB6918
:10AEC00001331A46396806F05CFC7B681B89013344
:10AED0009AB27B681A81012318462037BD4680BD8F
:10AEE00080B582B000AF78600B467B807B88002BFA
:10AEF00004D07B681B897A889A4201D9002307E035
:10AF00007B681B687A8811461846FFF737F90346B5
:10AF100018460837BD4680BD80B586B000AF786062
:10AF200039603B68002B4CD07B681B89002B48D0D4
:10AF300000237B6101237B8213E07B681B687A8A94
:10AF400011461846FFF735F9786139687869F5F7E1
:10AF500077F90346002B0AD000237B617B8A0133FB
:10AF60007B827B681B897A8A9A42E6D900E000BF1F
:10AF70007B69002B27D07B681B89013B9AB27B68D9
:10AF80001A817A8A7B681B8901339A421DD07869BD
:10AF9000F5F7B6F9F8607B689B881946FB680133C2
:10AFA0007A691A447B681B68D31ACB1ABB60FB68AA
:10AFB00001337A691344BA681946786906F03AFB96
:10AFC00004E000BF02E000BF00E000BF1837BD464C
:10AFD00080BD80B485B000AF78600B467B807B6815
:10AFE000002B02D07B88002B02D14FF6FF7328E0A4
:10AFF0000023FB810123BB81BA897B889A4213D04D
:10B00000FB897A6813441B78002B09D1BB89013373
:10B01000BB81FB8901337A6813441B78002B05D070
:10B02000FB890133FB81E7E700BF00E000BFFB893C
:10B030007A6813441B78002B01D0FB8901E04FF69E
:10B04000FF7318461437BD465DF8047B704780B522
:10B0500086B000AFF860B9607A6000237B6110E0D1
:10B060007B699B00BA6813441B681946F868F5F7BA
:10B07000E7F80346002B01D17B6908E07B690133C7
:10B080007B617A697B689A42EADB4FF0FF331846AE
:10B090001837BD4680BD000080B586B000AFF860AF
:10B0A000B9607A60B868F5F72BF903463B61B96877
:10B0B000F868FFF7B0FD00237B6106E00849F868F7
:10B0C000FFF7A9FD7B6901337B617A683B69D31A7D
:10B0D0007A699A42F2DB00BF00BF1837BD4680BDD7
:10B0E000685301082DE9F04395B000AFF860B960EE
:10B0F0007A60FB68DB687B637B6B9B8D002B0AD1DE
:10B100008C49F868FFF787FD8B4B1B681946F86878
:10B11000FFF781FDBAE1B868FFF766F803467B8662
:10B120007B8E002B40F0F6806B461E462123BB62CF
:10B13000BB6A013B7B62BB6A0022984691464FF096
:10B1400000024FF000034FEA491343EAD8634FEA85
:10B150004812BB6A00221C4615464FF000024FF011
:10B1600000036B0143EAD4636201BB6A9B000733AF
:10B17000DB08DB00ADEB030D6B4603339B089B0044
:10B180003B620023FB640023BB642DE07B6B596AA8
:10B19000BA6C13465B001344DB000B441B68002BA6
:10B1A00009D07B6B596ABA6C13465B001344DB0011
:10B1B0000B441B6800E0614BBB61FA6C396AB869EB
:10B1C000FFF745FF78617B69002B0ADAFA6CBB6AEE
:10B1D0009A4206DAFB6C5A1CFA643A6AB96942F878
:10B1E0002310BB6C0133BB647B6B9B8D1A46BB6C1D
:10B1F0009342CBDB00237B6485E05149F868FFF77D
:10B200000AFD3B6A7A6C53F822301946F868FFF75A
:10B2100002FD4C49F868FFF7FEFC474B1B681946D6
:10B22000F868FFF7F8FC00233B645DE07B6B596A2C
:10B230003A6C13465B001344DB000B441B68002B85
:10B2400009D07B6B596A3A6C13465B001344DB00F0
:10B250000B441B6800E0394BFB613B6A7A6C53F886
:10B2600022301946F869F4F7EBFF0346002B38D17A
:10B270003549F868FFF7CFFC7B6B596A3A6C134687
:10B280005B001344DB000B445B6810221946F8682E
:10B29000FFF702FF2D49F868FFF7BDFC7B6B596A89
:10B2A0003A6C13465B001344DB000B449B68002B95
:10B2B0000DD07B6B596A3A6C13465B001344DB007C
:10B2C0000B449B681946F868FFF7A5FC03E020498A
:10B2D000F868FFF7A0FC184B1B681946F868FFF7E1
:10B2E0009AFC3B6C01333B647B6B9B8D1A463B6C39
:10B2F00093429BDB104B1B681946F868FFF78BFCE9
:10B300007B6C01337B647A6CFB6C9A42FFF675AF01
:10B31000B546BBE07B8E012B40F0AE800121B868C2
:10B32000FEF72CFFF862002387F83F300023BB6351
:10B330008FE000BF845301080C4100209C5301089A
:10B34000AC530108B0530108B4530108BC530108C1
:10B35000C05301087B6B596ABA6B13465B001344F8
:10B36000DB000B445B68F96A1846F4F769FF034693
:10B37000002B6BD1012387F83F304649F868FFF76F
:10B380004AFC7B6B596ABA6B13465B001344DB00C3
:10B390000B445B681946F868FFF73DFC3E4B1B68A1
:10B3A0001946F868FFF737FC3C49F868FFF733FCAB
:10B3B0007B6B596ABA6B13465B001344DB000B448A
:10B3C0001B68002B09D07B6B596ABA6B13465B0074
:10B3D0001344DB000B441B6800E0314B1946F8684E
:10B3E000FFF719FC2C4B1B681946F868FFF713FC94
:10B3F0007B6B596ABA6B13465B001344DB000B444A
:10B400009B68002B17D02749F868FFF704FC7B6B7B
:10B41000596ABA6B13465B001344DB000B449B680C
:10B420001946F868FFF7F7FB1B4B1B681946F868CD
:10B43000FFF7F1FB14E01C49F868FFF7ECFB164B33
:10B440001B681946F868FFF7E6FB09E0BB6B0133A0
:10B45000BB637B6B9B8D1A46BB6B9342FFF67AAF47
:10B4600097F83F3083F00103DBB2002B0ED0F96A6E
:10B47000F86800F01DF809E00C49F868FFF7CBFB0D
:10B48000054B1B681946F868FFF7C5FB5437BD46E6
:10B49000BDE8F083CC5301080C410020D8530108CB
:10B4A0009C530108E4530108C0530108EC53010800
:10B4B00080B582B000AF786039600B497868FFF7DB
:10B4C000AAFB39687868FFF7A6FB08497868FFF798
:10B4D000A2FB074B1B6819467868FFF79CFB00BF6F
:10B4E0000837BD4680BD00BF1C5401083054010818
:10B4F0000C4100200EB480B5C5B000AF07F58873CD
:10B50000A3F58673186007F5907207F58873A3F5A5
:10B5100084731A6007F58873A3F5847307F10C0030
:10B520001B68D7F81C214FF4807105F0E1FFC7F8C4
:10B530000C01D7F80C31002B08DA0D4B1B68DB68C7
:10B540001D2201210B4805F0FBFE09E007F10C026A
:10B5500007F58873A3F5867311461868FEF753FD47
:10B5600007F58A77BD46BDE8804003B0704700BF4D
:10B57000584100206454010880B483B000AF786063
:10B580007B681B6843F001027B681A6000BF0C37C0
:10B59000BD465DF8047B704780B483B000AF78602F
:10B5A0007B68DB6903F00803082B01D1012300E06D
:10B5B000002318460C37BD465DF8047B704780B405
:10B5C00083B000AF78607B68DB6903F02003202B39
:10B5D00001D1012300E0002318460C37BD465DF879
:10B5E000047B704780B483B000AF78607B68DB6910
:10B5F00003F08003802B01D1012300E000231846D3
:10B600000C37BD465DF8047B704780B483B000AF53
:10B6100078607B6808221A6200BF0C37BD465DF86F
:10B62000047B704780B489B000AF78607B68FB60B2
:10B63000FB6853E8003FBB60BB6843F02003FB613D
:10B640007B68FA69BA617B617969BA6941E800236C
:10B650003B613B69002BE9D100BF00BF2437BD46E9
:10B660005DF8047B704780B489B000AF78607B6878
:10B67000FB60FB6853E8003FBB60BB6843F080039E
:10B68000FB617B68FA69BA617B617969BA6941E8F3
:10B6900000233B613B69002BE9D100BF00BF243789
:10B6A000BD465DF8047B704780B489B000AF786018
:10B6B0007B68FB60FB6853E8003FBB60BB6823F01E
:10B6C0008003FB617B68FA69BA617B617969BA6959
:10B6D00041E800233B613B69002BE9D100BF00BF7B
:10B6E0002437BD465DF8047B704780B483B000AF5B
:10B6F00078607B685B6ADBB218460C37BD465DF844
:10B70000047B704780B483B000AF78600B46FB7059
:10B71000FA787B689A6200BF0C37BD465DF8047BFF
:10B72000704780B485B000AFF860B9607A603B6064
:10B73000FB68BA681A60FB687A685A60FB683A6806
:10B740009A60FB6800221A73FB6800225A7300BFDC
:10B750001437BD465DF8047B704780B582B000AFFA
:10B7600078607B681B68002B13D07B685B7B83F061
:10B770000103DBB2002B0CD07B681B681846FFF777
:10B78000FBFE7B681B681846FFF74CFF7B680122B5
:10B790005A7300BF0837BD4680BD80B586B000AF84
:10B7A000F860B9607A6000237B61FB685B7B83F0A3
:10B7B0000103DBB2002B01D0042331E072B600BFDD
:10B7C000FB681B7B83F00103DBB2002B21D0BB683D
:10B7D0001B78FB74FB681B68FA7C11461846FFF760
:10B7E00091FFFB6801221A73FB681B681846FFF77C
:10B7F0003AFF7B6901337B610BE0FB689868BA68AC
:10B800007B6913441B78194600F04CFA7B690133BD
:10B810007B617A697B689A42EFD362B600BF0023EE
:10B8200018461837BD4680BD80B586B000AF786039
:10B830000B46FB7000237B617B685B7B83F001031D
:10B84000DBB2002B01D0042330E020233B613B69B5
:10B8500083F3118800BF7B681B7B83F00103DBB29D
:10B86000002B0FD07B681B68FA7811461846FFF74B
:10B8700049FF7B6801221A737B681B681846FFF733
:10B88000F2FE0CE07B689B68FA781146184600F0DF
:10B8900009FA78617B69002B01D007237B610023C3
:10B8A000FB60FB6883F3118800BF7B69184618377B
:10B8B000BD4680BD0EB480B5A5B000AF78607B6892
:10B8C0005B7B83F00103DBB2002B01D000231FE080
:10B8D00007F1A003BB6007F10C00BB68D7F89C2000
:10B8E000802105F005FEC7F88C00D7F88C30002BBE
:10B8F00003DBD7F88C307F2B01DD002308E0D7F87D
:10B900008C2007F10C0319467868FFF746FF0346C1
:10B9100018469437BD46BDE8804003B0704780B5F7
:10B9200084B000AF78607B681B681846FFF747FE5D
:10B930000346002B11D07B685B7B002B0DD07B680E
:10B940001B681846FFF7D1FE0346FB737B685B68F4
:10B95000FA7B1146184600F0A5F97B681B6818466B
:10B96000FFF71AFE0346002B04D07B681B681846BD
:10B97000FFF74BFE00BF1037BD4680BD80B584B0D9
:10B9800000AF78600023FB607B681B681846FFF7F8
:10B9900029FE0346002B1FD07B685B7B002B1BD04E
:10B9A0007B689B6807F10B021146184600F0C4F94A
:10B9B000F860FB68002B07D17B681B68FA7A114698
:10B9C0001846FFF79FFE07E07B681B681846FFF7E5
:10B9D0006BFE7B6800221A73FB6818461037BD4661
:10B9E00080BD80B485B000AFF860B9607A603B601C
:10B9F000FB68002B0BD0BB68002B08D03B68002BEA
:10BA000005D0BB69002B02D07B68002B01D103233A
:10BA10001EE03B68BA6902FB03F37A689A4201D2DE
:10BA2000072315E0FB68BA681A60FB687A685A60F9
:10BA3000FB68BA699A60FB683A68DA60FB680022C2
:10BA40001A61FB6800225A61FB6800229A61002398
:10BA500018461437BD465DF8047B704780B586B044
:10BA600000AF786039607B68002B03D10121284842
:10BA7000FBF79AFA3B68002B03D102212448FBF71D
:10BA800093FA2023FB60FB6883F3118800BF7B6877
:10BA9000002B02D03B68002B02D103237B612CE0FA
:10BAA000786800F0ABF80346002B02D008237B61D6
:10BAB00023E07B681A687B681B697968896801FBE9
:10BAC00003F313443B617B689B681A463968386905
:10BAD00005F057FE7B681B6901337A68D268B3FBB7
:10BAE000F2F101FB02F29A1A7B681A617B689B698A
:10BAF0005A1C7B689A6100237B610023BB60BB6892
:10BB000083F3118800BF7B6918461837BD4680BD96
:10BB1000FC60010880B588B000AF786039607B6850
:10BB2000002B03D103212948FBF73EFA3B68002B89
:10BB300003D104212548FBF737FA20233B613B69F9
:10BB400083F3118800BF7B68002B02D03B68002B79
:10BB500002D10323FB612EE0786800F039F8034638
:10BB6000002B02D00923FB6125E07B681A687B6803
:10BB70005B697968896801FB03F31344BB613B6827
:10BB80007B617B689B681A46B969786905F0F9FDA5
:10BB90007B685B6901337A68D268B3FBF2F101FB21
:10BBA00002F29A1A7B685A617B689B695A1E7B680D
:10BBB0009A610023FB610023FB60FB6883F311881B
:10BBC00000BFFB6918462037BD4680BDFC600108F8
:10BBD00080B483B000AF78607B68002B01D1012373
:10BBE00006E07B689B69002B0CBF01230023DBB2BE
:10BBF00018460C37BD465DF8047B704780B483B0AF
:10BC000000AF78607B68002B01D1012308E07B68DE
:10BC10009A697B68DB689A420CBF01230023DBB280
:10BC200018460C37BD465DF8047B704780B584B07C
:10BC300000AFF860B9607A60FB68002B03D1012186
:10BC40001748FBF7B1F9BB68002B03D10221144858
:10BC5000FBF7AAF97B68002B03D103211048FBF7FF
:10BC6000A3F9FB68002B05D0BB68002B02D07B68D2
:10BC7000002B01D103230FE0FB68BA681A60FB6850
:10BC80007A685A60FB6800229A60FB680022DA60DA
:10BC9000FB6800221A61002318461037BD4680BD9C
:10BCA0000C61010880B586B000AF78600B46FB7070
:10BCB0007B68002B03D106211E48FBF775F9202372
:10BCC0003B613B6983F3118800BF7B68002B02D185
:10BCD00003237B6122E0786800F098F80346002B8C
:10BCE00002D008237B6119E07B681A687B689B6837
:10BCF0001344FA781A707B689B6801337A6852683B
:10BD0000B3FBF2F101FB02F29A1A7B689A607B683E
:10BD10001B695A1C7B681A6100237B610023FB604E
:10BD2000FB6883F3118800BF7B6918461837BD464E
:10BD300080BD00BF0C61010880B586B000AF78609F
:10BD400039607B68002B03D107212448FBF72CF9CD
:10BD50003B68002B03D108212048FBF725F920235D
:10BD60003B613B6983F3118800BF7B68002B02D0E5
:10BD70003B68002B02D103237B6123E0786800F04D
:10BD80002FF80346002B02D009237B611AE07B6861
:10BD90001A687B68DB6813441A783B681A707B6802
:10BDA000DB6801337A685268B3FBF2F101FB02F2FF
:10BDB0009A1A7B68DA607B681B695A1E7B681A6175
:10BDC00000237B610023FB60FB6883F3118800BFC5
:10BDD0007B6918461837BD4680BD00BF0C6101085D
:10BDE00080B483B000AF78607B68002B01D1012361
:10BDF00006E07B681B69002B0CBF01230023DBB22C
:10BE000018460C37BD465DF8047B704780B483B09C
:10BE100000AF78607B68002B01D1012308E07B68CC
:10BE20001A697B685B689A420CBF01230023DBB26E
:10BE300018460C37BD465DF8047B704780B483B06C
:10BE400000AF786039607B683A689A6100BF0C3750
:10BE5000BD465DF8047B704780B483B000AF786066
:10BE600039603B681A047B689A6100BF0C37BD4695
:10BE70005DF8047B7047000080B485B000AF786047
:10BE800039600023FB730023BB600DE07A68BB6858
:10BE900013441A78FB7B5340DBB21A46084B9B5C79
:10BEA000FB73BB680133BB60BA683B689A42EDD351
:10BEB000FB7B18461437BD465DF8047B704700BF16
:10BEC0002461010880B500AF00F012F900BF80BD09
:10BED0000FB4F0B58FB000AF6B461E467C4B1B68AD
:10BEE0000133DB007A4A13440433FB6297F8503085
:10BEF000002B0BD0282297F85030934206D297F8A7
:10BF00005030744A52F83330002B01D1B546D8E096
:10BF100097F85030DB006F4A1344BB62BB6A1B7951
:10BF2000033387F8273007F154033B60EFF31083A6
:10BF3000BB60BB683B620123FB60FB6883F3108836
:10BF400000BFFB6A1B68C3F30E037B6397F82720CF
:10BF50007B6B13440133C3F30E02FB6A1A60FB6A66
:10BF60005A687B6B1344AA221A707B6B0133C3F3AC
:10BF70000E037B63FB6A5A687B6B134497F8272098
:10BF80001A707B6B0133C3F30E037B63FB6A5A6841
:10BF90007B6B134497F850201A70BB6A1B79FB61C6
:10BFA000BB6A1B79013300221C4615464FF0000284
:10BFB0004FF00003EB0043EA5473E200BB6A1B79C5
:10BFC00001330022184611464FF000024FF00003E3
:10BFD000CB0043EA5073C200BB6A1B7901330733BD
:10BFE000DB08DB00ADEB030D6B460033BB61BB69C7
:10BFF00097F850201A707B6B0133C3F30E037B63F9
:10C00000002387F833301FE03B681A1D3A601B6835
:10C010003B61FB6A5A687B6B13443A69D2B21A706F
:10C02000FB6A5A687B6B1A4497F8333001331178F6
:10C03000BA69D1547B6B0133C3F30E037B6397F86A
:10C040003330013387F83330BB6A1B7997F83320DC
:10C050009A42D9D3BB6A1B7901331946B869FFF7F5
:10C060000BFF0346FB75FB6A5A687B6B1344FA7D32
:10C070001A70FB6A1B68B3F5F84F1BD9144B0122E9
:10C080001A72134B1B68002B09D1114B01221A6045
:10C090000F4B00225A600E4B0022DA6008E00C4B76
:10C0A00000221A600A4B01225A60094B00225A6191
:10C0B00000F012F83B6A7B607B6883F3108800BF56
:10C0C000B5463C37BD46BDE8F04004B0704700BF00
:10C0D000284100202462010880B500AF4FF4806140
:10C0E0000248FFF7B9FE00BF80BD00BF0004024058
:10C0F00080B500AF044B00221A724FF480610348F0
:10C10000FFF79CFE00BF80BD2841002000040240D4
:10C1100080B582B000AFFAF72FFF72B6204B1B68D4
:10C12000002B39D01E4B1B68B3FA83F3C3F12003F5
:10C130007B601C4A7B6852F823303B6062B63B68E8
:10C140001B7C002B03D164211748FAF72DFF3B68B5
:10C15000DA683B689B6819461046FFF7DBFC72B64D
:10C160003B68DB681846FFF733FD0346002B0AD017
:10C170007B68013B012202FA03F3DA43084B1B6898
:10C180001340074A136062B63B685B683A6892687E
:10C19000114638689847C1E7FAF7FEFE72B6BDE768
:10C1A00038DE022040DE02206463010880B485B0DE
:10C1B00000AFF860B9607A603B60FB68BA681A60EB
:10C1C000FB687A685A60FB683A689A60FB68BA69EB
:10C1D000DA6000BF1437BD465DF8047B704700008D
:10C1E00080B582B000AF78600B46FB707B68FA7850
:10C1F0005A74FB781F2B05D8FB780C4A52F8233071
:10C20000002B03D0C8210A48FAF7CEFEFB78074975
:10C210007A6841F823207B681B687A689268114627
:10C220007868984700BF0837BD4680BD40DE0220D1
:10C230006463010880B584B000AF786039607B68C2
:10C24000DB6839681846FFF709FC2023BB60BB6830
:10C2500083F3118800BF7B685B7C013B01229A401D
:10C26000074B1B681343064A13600023FB60FB68FF
:10C2700083F3118800BF00BF1037BD4680BD00BFEB
:10C2800038DE022080B485B000AFF8600B467A60DB
:10C290007B81FB687A891A80FB687A689A60FB6800
:10C2A00000229A81FB680022DA81064B1A68FB683B
:10C2B0005A60044AFB68136000BF1437BD465DF83E
:10C2C000047B7047C4DE022080B485B000AF786084
:10C2D0000B467B8013463B802023BB60BB6883F307
:10C2E000118800BF7B687A889A817B683A88DA81F6
:10C2F0000023FB60FB6883F3118800BF00BF143785
:10C30000BD465DF8047B704780B487B000AF7860AD
:10C310002023FB60FB6883F3118800BF7B689B8947
:10C32000002B14BF01230023FB757B6800229A8138
:10C330007B680022DA8100233B613B6983F311882B
:10C3400000BFFB7D18461C37BD465DF8047B704777
:10C3500080B586B000AF234B1B680133214A1360C0
:10C36000214B1B687B6134E020233B613B6983F3F5
:10C37000118800BF7B699B89002B05D10023FB60DE
:10C38000FB6883F3118821E07B699B89012B11D124
:10C390007B69DA897B699A810023BB60BB6883F380
:10C3A000118800BF7B699B687A6911461846FFF7C0
:10C3B00041FF0BE07B699B89013B9AB27B699A81C3
:10C3C00000237B607B6883F3118800BF7B695B6817
:10C3D0007B617B69002BC7D100BF00BF1837BD460A
:10C3E00080BD00BF3CDE0220C4DE022080B400AF6E
:10C3F000034B1B681846BD465DF8047B704700BFC1
:10C400003CDE022080B582B000AF03460A46FB71D5
:10C410001346BB71BB79FA7976210548FBF79EFE7E
:10C4200003461A46034B9A7200BF0837BD4680BDCB
:10C4300000540040ECDE022080B584B002AF034619
:10C440003960FB711346BB71BB799BB2FA790093DB
:10C450003B6876210548FBF717FF03461A46044B55
:10C460009A7200BF0837BD4680BD00BF005400402F
:10C47000ECDE022080B582B000AFB621E020FFF7ED
:10C48000C1FF0121F220FFF7BDFF1021F520FFF7CA
:10C49000B9FF5721F420FFF7B5FF0023FB71FB1D07
:10C4A000184600F00FF8FB79602B02D0044B0122F4
:10C4B0009A72034B9B7A18460837BD4680BD00BF71
:10C4C000ECDE022080B582B000AF7860012279688E
:10C4D000D020FFF7B1FF034B9B7A18460837BD46C3
:10C4E00080BD00BFECDE022080B588B000AF3B1DF0
:10C4F0001A2219468820FFF79FFF7B791BB21B0287
:10C500001AB23B791BB213431BB29AB2544B1A8036
:10C51000FB791BB21B021AB2BB791BB213431AB2CE
:10C520004F4B5A807B7A1BB21B021AB23B7A1BB26A
:10C5300013431AB24A4B9A80FB7A1BB21B021AB2FF
:10C54000BB7A1BB213431BB29AB2454BDA807B7B9A
:10C550001BB21B021AB23B7B1BB213431AB2404BF5
:10C560001A81FB7B1BB21B021AB2BB7B1BB21343AB
:10C570001AB23B4B5A817B7C1BB21B021AB23B7C2A
:10C580001BB213431AB2364B9A81FB7C1BB21B02BF
:10C590001AB2BB7C1BB213431AB2314BDA817B7DDA
:10C5A0001BB21B021AB23B7D1BB213431AB22C4BB7
:10C5B0001A82FB7D1BB21B021AB2BB7D1BB2134356
:10C5C0001AB2274B5A827B7E1BB21B021AB23B7EE9
:10C5D0001BB213431AB2224B9A82FB7E1BB21B0280
:10C5E0001AB2BB7E1BB213431AB21D4BDA827A7F9A
:10C5F0001B4B1A763B1D07221946E120FFF71CFF53
:10C600007B791BB21B021AB23B791BB213431AB2DD
:10C61000134B5A83BA79124B1A77FB791BB21B0161
:10C620001AB23B7A1BB203F00F031BB213431AB2C8
:10C630000B4BDA837B7A1BB21B011AB23B7A1B09C4
:10C64000DBB21BB213431AB2054B1A84BB7A5AB23F
:10C65000034B83F8222000BF2037BD4680BD00BFBA
:10C66000C8DE022080B584B000AF786007F108030F
:10C6700008221946F720FFF7DFFE3B7A1A037B7A80
:10C680001B011343BA7A1209D2B213431A467B68CC
:10C690005A60FB7A1A033B7B1B0113437A7B120916
:10C6A000D2B213431A467B681A60BB7B1BB21B02D3
:10C6B0001AB2FB7B1BB213431AB27B681A8100BF0C
:10C6C0001037BD4680BD000080B487B000AF7860F1
:10C6D0007B68DA081F4B1B885B00D31A1D4AB2F92E
:10C6E000022002FB03F3DB0A7B617B681B09194A0A
:10C6F00012889B1A7A68120916490988521A02FB95
:10C7000003F31B0B134AB2F9042002FB03F39B0B48
:10C710003B617A693B6913440F4A13600E4B1A68F8
:10C7200013469B00134480331B1207EE903AF8EE39
:10C73000E77AC7ED037AD7ED037A9FED087AC7EE63
:10C74000876AF0EE667AB0EE670A1C37BD465DF880
:10C75000047B7047C8DE0220F8DE02200000C842D9
:10C760002DE9B04FCAB000AFC7F80C01AF4B1B6842
:10C77000DA171C461546B4F5FA3A45F1FF3BC7E90E
:10C7800048ABD7F82421D7F8203103FB02F1D7F8C2
:10C790002421D7F8203102FB03F3CA18D7F820313F
:10C7A000A3FB038902EB09039946A14BB3F91030AF
:10C7B0001BB2DA17C7F8B830C7F8BC20D7E92E018A
:10C7C000034603FB09F20B4608FB03F3134402463E
:10C7D000A8FB0212C7F8C4200A46C7F8C020D7F841
:10C7E000C4201344C7F8C430D7E93034C7E946340D
:10C7F000C7E946348E4BB3F90E301BB2DA17C7F8CF
:10C80000B030C7F8B420D7F82031D7E92C452A46F4
:10C8100002FB03F2D7F82431214601FB03F31A444B
:10C82000D7F820312146A3FB0113C7F804310B468A
:10C83000C7F80031D7F80431D318C7F804314FF0E6
:10C8400000004FF00001D7E940452B46590423462C
:10C8500041EAD33123465804D7E9462314183C64EF
:10C860004B417B64D7E91034C7E94634704BB3F9C8
:10C870000C301BB2DA17C7F8A830C7F8AC204FF05D
:10C8800000004FF00001D7F8A830D9000020D7E908
:10C8900046231418BC634B41FB63D7E90E34C7E948
:10C8A0004634D7F82421D7F8203103FB02F1D7F81A
:10C8B0002421D7F8203102FB03F3CA18D7F820311E
:10C8C000A3FB0313C7F8FC300B46C7F8F830D7F8C2
:10C8D000FC30D318C7F8FC30554BB3F90A301BB203
:10C8E000DA17C7F8A030C7F8A420D7E93E452B4691
:10C8F000D7E92889424602FB03F24B46214601FB59
:10C9000003F3134422464146A2FB0112C7F8F42068
:10C910000A46C7F8F020D7F8F4201344C7F8F430DB
:10C920004FF000004FF00001D7E93C452346180ABC
:10C930002B4640EA03602B4619123D4BB3F90830F1
:10C940001BB2DA17C7F89830C7F89C20D7F8203107
:10C95000D7E926894A4602FB03F2D7F82431444638
:10C9600004FB03F31A44D7F820314446A3FB0443E5
:10C97000C7F8EC302346C7F8E830D7F8EC30D318C6
:10C98000C7F8EC304FF000024FF00003D7E93A89C6
:10C990004C462303444643EA145344462203841876
:10C9A0003C6341EB03037B63D7E90C34C7E94834AC
:10C9B000D7E9482303F50041C7F89410C7F8902041
:10C9C0001B4BDB889BB20022C7F88830C7F88C204D
:10C9D000D7E924452B46D7E92289424602FB03F2D8
:10C9E0004B46214601FB03F3134422464146A2FB7A
:10C9F0000112C7F8E4200A46C7F8E020D7F8E4207F
:10CA00001344C7F8E4304FF000024FF00003D7E9B9
:10CA1000384529464A102946CB17C7E94823D7E9A4
:10CA20004823134308D1DFED037A53E1F8DE0220F7
:10CA3000C8DE022000000000D7F80C31C3F58013D7
:10CA40000022BB62FA62D7E90A34C7E94434D7F856
:10CA500010315B08C7F88430D7F81031DB07C7F80E
:10CA60008030D7E94623D7E920452146891AB9679E
:10CA7000294661EB0303FB67D7E91E4522462B4697
:10CA8000911839625B417B62D7E90823214651182E
:10CA9000B96129464B41FB614FF000024FF00003A2
:10CAA000D7E9068949468B01414643EA91634146ED
:10CAB0008A01414689183961494643EB0101796190
:10CAC0004FF000024FF00003D7E9048949468B007C
:10CAD000414643EA917341468A001046194603468F
:10CAE00022469B18BB600B462A4642EB0303FB60C1
:10CAF0004FF000024FF00003D7E9028949468B004E
:10CB0000414643EA917341468A001046194603465E
:10CB100022469B183B672B460A4642EB03037B6782
:10CB2000D7E94823D7E91C01F3F700FD02460B467D
:10CB3000C7E944236B4BB3F916301BB2DA17BB6657
:10CB4000FA66D7E944234FF000004FF00001500B84
:10CB500040EAC3405913D7E91A452B4600FB03F2BC
:10CB6000234603FB01F313442246A2FB0012C7F83D
:10CB7000DC200A46C7F8D820D7F8DC201344C7F8D1
:10CB8000DC30D7E944234FF000004FF00001500B98
:10CB900040EAC3405913D7E936452B4600FB03F260
:10CBA000234603FB01F313442246A2FB0012C7F8FD
:10CBB000D4200A46C7F8D020D7F8D4201344C7F8A9
:10CBC000D4304FF000024FF00003D7E9344521463E
:10CBD0004A0E294642EAC11229464B16C7E94823A4
:10CBE000404BB3F914301BB2DA173B667A66D7F8BC
:10CBF0001031D7E918452A4602FB03F2D7F8143161
:10CC0000214601FB03F31344D7F810212146A2FB70
:10CC10000112C7F8CC200A46C7F8C820D7F8CC20A4
:10CC20001344C7F8CC304FF000024FF00003D7E9AF
:10CC300032452146CA0C294642EA41322946CB14E4
:10CC4000C7E94623D7E94401D7E948238418BC65DE
:10CC500041EB0303FB65D7E94623D7E91645214697
:10CC600089183965294643EB010179654FF00000C9
:10CC70004FF00001D7E914452346180A2B4640EA35
:10CC800003602B461912174BB3F912301BB2DA1797
:10CC9000BB64FA644FF000024FF00003D7E9128939
:10CCA0004C462301444643EA147344462201841847
:10CCB0003C6041EB03037B60D7E90034C7E94434AF
:10CCC000D7E94401F3F7F4FB06EE900A9FED067AEC
:10CCD000C6EE877AB0EE670A07F59477BD46BDE8E1
:10CCE000B08F00BFC8DE02200000C84680B485B007
:10CCF00000AF0346FB80324B1B68A3F59633FB6005
:10CD0000FB889A032F4BB3F91E301B05D21A2D4B0B
:10CD1000B3F920301946FB6801FB03F3D31A03F57E
:10CD20008043DB13274A92F922201146FA6801FB5F
:10CD300002F292122349097F0846F96800FB01F1CB
:10CD4000C91201F5004101FB02F2921202F5001234
:10CD50001C49B1F91A1001FB02F202F500529213BC
:10CD600002FB03F3FB60FB68DB13FA68D21302FBE0
:10CD700003F3DB11134A127E02FB03F31B11FA6863
:10CD8000D31AFB60FB6823EAE373FB60FB68B3F133
:10CD9000C85FA8BF4FF0C853FB60FB681B1307EECA
:10CDA000903AF8EEE77A9FED087AC7EE876AF0EEE0
:10CDB000667AB0EE670A1437BD465DF8047B7047AB
:10CDC000F8DE0220C8DE02200000804480B582B078
:10CDD00000AF786039607B681B681846FFF774FC09
:10CDE000F0EE407A3B68C3ED007A7B685B681846DA
:10CDF000FFF7B6FCF0EE407A3B68C3ED017A7B6842
:10CE0000B3F908309BB21846FFF770FFF0EE407A96
:10CE10003B68C3ED027A00BF0837BD4680BD000005
:10CE200080B582B000AF78600A4B9B7A012B01D1AC
:10CE3000FFF720FBFFF758FB0648FFF713FC796864
:10CE40000448FFF7C3FF034B9B7A18460837BD46DB
:10CE500080BD00BFECDE022080B582B000AF03468B
:10CE60000A46FB711346BB71BB79FA7977210448F6
:10CE7000FBF774F9034618460837BD4680BD00BF6E
:10CE80000054004080B584B002AF03463960FB71A6
:10CE90001346BB71BB799BB2FA7900933B6877214B
:10CEA0000348FBF7F1F9034618460837BD4680BD35
:10CEB0000054004080B584B000AF0023FB7388228B
:10CEC0000021AA4804F0D0FB1E220021A84804F04B
:10CED000CBFB0122A6490020FFF7D4FF0346FB73DA
:10CEE000A34B00221A70A24B1B7843F01403DAB252
:10CEF0009F4B1A709E4B1B7843F04003DAB29C4B59
:10CF00001A709B4B1B7819461C20FFF7A5FF0122C6
:10CF100097491F20FFF7B6FF954B18221A70944BC4
:10CF20001B7819461F20FFF797FF152290493120E3
:10CF3000FFF7A8FF8E4B5B781BB21B021AB28C4B1B
:10CF40001B781BB213431BB29AB2884B1A80884BD2
:10CF5000DB781BB21B021AB2854B9B781BB21343C2
:10CF60001BB29AB2814B5A80814B1B795AB27F4BCC
:10CF70001A717F4B9B791BB21B021AB27C4B5B79F7
:10CF80001BB213431AB2794BDA80794B1B7A1BB26E
:10CF90001B021AB2764BDB791BB213431AB2734BE6
:10CFA0001A81734B5B7A5AB2704B9A72704B9B7AB0
:10CFB0005AB26E4BDA726E4B1B7B1BB21B021AB25B
:10CFC0006B4BDB7A1BB213431BB29AB2674B9A814D
:10CFD000674B9B7B1BB21B021AB2654B5B7B1BB280
:10CFE00013431BB29AB2614BDA81614BDB7B5AB2BD
:10CFF0005E4B1A745E4B1B7C5AB25C4B5A745C4B92
:10D000009B7C1BB21B021AB2594B5B7C1BB21343B5
:10D010001AB2564B5A82564BDB7C5AB2534B1A7596
:10D02000534B1B7D5AB2514B5A754FF00002514B76
:10D03000C7E900234D4B1B8807EE903AB8EE675BBB
:10D0400097ED006B85EE067B484B83ED067B4FF03A
:10D050000002494BC7E90023444B5B8807EE903A36
:10D06000B8EE675B97ED006B85EE067B3F4B83ED7B
:10D07000087B4FF00002414BC7E900233B4B93F97B
:10D08000043007EE903AB8EEE75B97ED006B85EE63
:10D09000067B364B83ED0A7B4FF00002384BC7E925
:10D0A0000023324BB3F90630A3F5804307EE903AE4
:10D0B000B8EEE75B97ED006B85EE067B2B4B83EDBF
:10D0C0000C7B4FF000022F4BC7E90023274BB3F92D
:10D0D0000830A3F5804307EE903AB8EEE75B97ED92
:10D0E000006B85EE067B214B83ED0E7B4FF000023B
:10D0F000254BC7E900231D4B93F90A3007EE903A00
:10D10000B8EEE75B97ED006B85EE067B174B83ED82
:10D11000107B4FF000021D4BC7E90023134B93F91E
:10D120000B3007EE903AB8EEE75B97ED006B85EEBB
:10D13000067B0E4B83ED127B4FF000024FF07F53C6
:10D14000C7E90023094B9B8907EE903AB8EE675B6D
:10D1500097ED006B85EE067B044B83ED147B4FF05F
:10D1600000020B4BC7E9002314E000BF20DF0220C0
:10D17000FCDE02200000703F0000D0410000F042C1
:10D18000000030410000C0410000F041000040427A
:10D1900000005040484BDB8907EE903AB8EE675BE1
:10D1A00097ED006B85EE067B434B83ED167B4FF0CE
:10D1B0000002424BC7E900233F4B93F9103007EEC2
:10D1C000903AB8EEE75B97ED006B85EE067B3A4B45
:10D1D00083ED187B4FF00002394BC7E90023364B33
:10D1E00093F9113007EE903AB8EEE75B97ED006BDC
:10D1F00085EE067B304B83ED1A7B4FF00002314BFE
:10D20000C7E900232C4BB3F9123007EE903AB8EE81
:10D21000E75B97ED006B85EE067B274B83ED1C7B70
:10D22000254B93F9143007EE903AB8EEE75B97ED93
:10D23000006B85EE067B204B83ED1E7B4FF00002DA
:10D240004FF08843C7E900231B4B93F9153007EED5
:10D25000903AB8EEE75B97ED006B85EE067B164BD8
:10D2600083ED207B1E220021174804F0FDF90122E6
:10D2700015491B20FFF706FE134B1B7843F01303E1
:10D28000DAB2114B1A70104B1B7819461B20FFF7AE
:10D29000E3FD0E49032000F0C4F80C49032000F020
:10D2A000D7F80B4B00221A700A4B01221A70012387
:10D2B00018461037BD4680BD20DF022000007040B8
:10D2C0000000E0400000F042FCDE0220FDDE022013
:10D2D0001ADF0220A8DF022080B582B000AF03462B
:10D2E000FB711E2200211E4804F0BEF901221C49D8
:10D2F0001B20FFF7C7FD1A4B1B7843F01303DAB26C
:10D30000174B1A70164B1B7819461B20FFF7A4FD0C
:10D31000012213490320FFF7B5FDFB791049184698
:10D3200000F026F8034683F00103DBB2002B01D0A6
:10D33000002310E0FB790B49184600F072F8FB79E6
:10D340000849184600F084F8074B00221A70074B72
:10D3500001221A70012318460837BD4680BD00BF60
:10D36000FCDE0220FDDE02201ADF0220A9DF0220FF
:10D3700080B483B000AF03463960FB71FB79032BA7
:10D380002ED0032B45DC002B17D0002B41DB013BBB
:10D39000012B3ED83B681B7803F01003002B07D00D
:10D3A0003B681B7803F02003002B01D0012300E031
:10D3B000002303F00103DBB22DE03B681B7803F090
:10D3C0001003002B07D03B681B7803F04003002BB1
:10D3D00001D0012300E0002303F00103DBB21AE0D7
:10D3E0003B681B7803F01003002B0DD03B681B78C3
:10D3F00003F02003002B07D03B681B7803F04003A9
:10D40000002B01D0012300E0002303F00103DBB275
:10D4100001E000BF002318460C37BD465DF8047BD1
:10D42000704780B582B000AF03463960FB71FB796D
:10D43000002B05D1032239680720FFF723FD04E004
:10D44000062239680420FFF71DFD0837BD4680BD60
:10D4500080B582B000AF03463960FB71FB79032BC6
:10D4600071DC022B43DA002B02D0012B15D06AE0CD
:10D470003B6802331B781A043B6801331B781B029C
:10D4800013433A681278134307EE903AB8EEE77BFD
:10D49000B0EE470B00F05CF856E03B6802331B78B7
:10D4A0001A043B6801331B781B0213433A68127855
:10D4B000134307EE903AB8EEE77BB0EE470B00F06F
:10D4C00079F83B6805331B781A043B6804331B78F2
:10D4D0001B0213433A6803321278134307EE903A63
:10D4E000B8EEE77BB0EE470B00F032F82CE03B687B
:10D4F00002331B781A043B6801331B781B02134369
:10D500003A681278134307EE903AB8EEE77BB0EE34
:10D51000470B00F04FF83B6805331B781A043B6853
:10D5200004331B781B0213433A6803321278134307
:10D5300007EE903AB8EEE77BB0EE470B00F008F844
:10D5400000F006F900E000BF00BF0837BD4680BD0F
:10D5500080B487B000AF87ED000B144B93ED067BD2
:10D5600097ED006B36EE477B87ED047B0F4B93ED19
:10D57000087B97ED046B26EE077B87ED027B97ED2A
:10D58000047B27EE076B094B93ED0A7B26EE076BB6
:10D5900097ED027B36EE077B054B83ED007B00BFEA
:10D5A0001C37BD465DF8047B704700BF20DF0220BA
:10D5B000B0DF022080B48FB000AF87ED000B614B6D
:10D5C00093ED166B604B93ED007B26EE077B87EDAA
:10D5D0000C7B5C4B93ED186B5B4B93ED005B5A4BF4
:10D5E00093ED007B25EE077B26EE077B87ED0A7B1C
:10D5F000544B93ED1A6B544B93ED005B524B93EDF0
:10D60000007B25EE075B504B93ED007B25EE077BFF
:10D6100026EE077B87ED087B4A4B93ED146B97ED65
:10D620000C7B36EE076B97ED0A7B36EE077B97EDAA
:10D63000086B36EE077B87ED067B424B93ED0E6B56
:10D64000414B93ED007B26EE077B87ED0C7B3D4B3A
:10D6500093ED106B3C4B93ED005B3B4B93ED007BEC
:10D6600025EE077B26EE077B87ED0A7B354B93ED96
:10D67000126B354B93ED005B334B93ED007B25EE46
:10D68000075B314B93ED007B25EE077B26EE077B96
:10D6900087ED087B2B4B93ED0C6B97ED0C7B36EEF7
:10D6A000076B97ED0A7B36EE076B97ED087B36EE3E
:10D6B000077B97ED006B26EE077B87ED047B97EDEC
:10D6C000007B27EE077B87ED0C7B1E4B93ED1C6BDD
:10D6D0001C4B93ED1E5B1C4B93ED007B25EE077BF3
:10D6E00036EE077B87ED0A7B97ED0C6B97ED0A7B97
:10D6F00026EE077B87ED087B97ED007B27EE076B17
:10D7000097ED007B26EE076B0E4B93ED207B26EE0C
:10D71000077B97ED086B36EE077B87ED027B97ED75
:10D72000066B97ED047B36EE076B97ED027B36EECA
:10D73000077B064B83ED007B00BF3C37BD465DF8A1
:10D74000047B704720DF0220B0DF0220B8DF022018
:10D7500080B582B000AF1C4B93ED006B9FED145B66
:10D7600086EE057BF7EEC77BC7ED017A97ED017A70
:10D77000DFED166AC7EE267AB7EEE77A9FED0E1B4D
:10D78000B0EE470B05F060FFB0EE407BB7EE006BEC
:10D7900036EE477B9FED0A6B27EE067B0C4B83ED45
:10D7A000007B00BF0837BD4680BD00BFAFF30080DF
:10D7B0000000000000005940EBE2361AC05BC83F91
:10D7C0000000000040A5E540B8DF022000C07B4417
:10D7D000C0DF022080B500AF032000F00BF90F205E
:10D7E00000F006F8F5F732FB0023184680BD000074
:10D7F00080B582B000AF7860124B1A68124B1B786C
:10D8000019464FF47A73B3FBF1F3B2FBF3F3184606
:10D8100000F017F90346002B01D001230EE07B68CE
:10D820000F2B0AD8002279684FF0FF3000F0EDF896
:10D83000064A7B681360002300E00123184608377E
:10D84000BD4680BD0000002048410020444100202A
:10D8500080B400AF064B1B781A46064B1B68134476
:10D86000044A136000BFBD465DF8047B704700BFEB
:10D8700048410020C8DF022080B400AF034B1B6882
:10D880001846BD465DF8047B704700BFC8DF022024
:10D8900080B485B000AF78607B6803F00703FB605D
:10D8A0000B4BDB68BB60BA684FF6FF031340BB60ED
:10D8B000FB681A02BB681A43064B1343BB60044A59
:10D8C000BB68D36000BF1437BD465DF8047B70476A
:10D8D00000ED00E00000FA0580B400AF044BDB6807
:10D8E0001B0A03F007031846BD465DF8047B70472A
:10D8F00000ED00E080B483B000AF03463960FB71F7
:10D9000097F90730002B0ADB3B68DAB20C4997F92C
:10D9100007301201D2B20B4483F800230AE03B68BF
:10D92000DAB20849FB7903F00F03043B1201D2B2CB
:10D930000B441A7600BF0C37BD465DF8047B704778
:10D9400000E100E000ED00E080B489B000AFF860D5
:10D95000B9607A60FB6803F00703FB61FB69C3F100
:10D960000703042B28BF0423BB61FB690433062B88
:10D9700002D9FB69033B00E000237B614FF0FF32DB
:10D98000BB6902FA03F3DA43BB681A407B699A4029
:10D990004FF0FF317B6901FA03F3D9437B680B40F9
:10D9A000134318462437BD465DF8047B70470000DA
:10D9B00080B582B000AF78607B68013BB3F1807FB7
:10D9C00001D301230FE00A4A7B68013B53600F211A
:10D9D0004FF0FF30FFF78EFF054B00229A60044B9B
:10D9E00007221A60002318460837BD4680BD00BFD5
:10D9F00010E000E080B582B000AF78607868FFF793
:10DA000047FF00BF0837BD4680BD80B586B000AF78
:10DA10000346B9607A60FB7300237B61FFF75CFF0C
:10DA200078617A68B9687869FFF78EFF024697F9DE
:10DA30000F3011461846FFF75DFF00BF1837BD468F
:10DA400080BD80B582B000AF78607868FFF7B0FF26
:10DA5000034618460837BD4680BD000080B582B039
:10DA600000AF78607B68002B01D1012354E07B6814
:10DA70005B7FDBB2002B05D17B6800221A777868C8
:10DA8000F5F708FA7B6802225A777B681B79002B2E
:10DA90000CD17B681B68224A5A617B681B689A68B4
:10DAA0007B681B6822F018029A600CE07B6899681A
:10DAB0007B68DB681A46786800F034F80346002B70
:10DAC00001D0012328E07B685B79002B05D17B68BE
:10DAD0001B684FF0FF321A6104E07B681B687A68AC
:10DAE00012691A617B681B689B6823F060017B6880
:10DAF0005A697B681B680A439A607B681B689B684D
:10DB000023F080017B689A697B681B680A439A60EE
:10DB10007B6801225A77002318460837BD4680BD2E
:10DB2000B71DC10480B487B000AFF860B9607A60F7
:10DB30000023FB751F233B61BB6803F00103002B2F
:10DB400002D10123FB7563E000BF3B695A1E3A61B5
:10DB5000002B09D03B6903F01F03BA6822FA03F3D4
:10DB600003F00103002BF0D07B68182B46D801A2EC
:10DB700052F823F003DC0008FDDB0008FDDB0008A1
:10DB8000FDDB0008FDDB0008FDDB0008FDDB000815
:10DB9000FDDB0008F1DB0008FDDB0008FDDB000811
:10DBA000FDDB0008FDDB0008FDDB0008FDDB0008F5
:10DBB000FDDB0008E5DB0008FDDB0008FDDB0008FD
:10DBC000FDDB0008FDDB0008FDDB0008FDDB0008D5
:10DBD000FDDB0008D9DB00083B69062B13D90123C4
:10DBE000FB7510E03B69072B0FD90123FB750CE097
:10DBF0003B690F2B0BD90123FB7508E00123FB7553
:10DC000006E000BF04E000BF02E000BF00E000BF8C
:10DC1000FB7D002B0DD1FB681B68BA685A61FB685D
:10DC20001B689B6823F01801FB681B687A680A432D
:10DC30009A60FB7D18461C37BD465DF8047B704733
:10DC400080B584B000AF78607B68002B01D10123E0
:10DC500043E07B681B684CF6CC421A607B681B680B
:10DC600045F255521A607B681B687A6852685A60A0
:10DC70007B681B687A6892689A60FFF7FDFDF86020
:10DC800011E0FFF7F9FD0246FB68D31A41F60102E5
:10DC9000934208D97B681B68DB6803F00703002BFD
:10DCA00001D0032319E07B681B68DB6803F00703DE
:10DCB000002BE6D17B681B681A697B68DB689A4297
:10DCC00005D07B681B687A68D2681A6104E07B68BB
:10DCD0001B684AF6AA221A60002318461037BD4670
:10DCE00080BD000080B400AF054B1B68044A43F4BC
:10DCF0008073136000BFBD465DF8047B704700BFB2
:10DD00000070004080B400AF054B1B68044A23F448
:10DD10008073136000BFBD465DF8047B704700BF91
:10DD20000070004080B582B000AF00237B60124BD2
:10DD30005B68114A43F4007353600F4B5B680E4AF3
:10DD400043F480735360FFF797FD786009E0FFF7B5
:10DD500093FD02467B68D31AB3F57A7F01D903237A
:10DD600006E0054B5B6803F00803082BEFD10023A6
:10DD700018460837BD4680BD0070004080B582B0AF
:10DD800000AF00237B60124B5B68114A23F40073E1
:10DD900053600F4B5B680E4A43F480735360FFF788
:10DDA0006BFD786009E0FFF767FD02467B68D31AD8
:10DDB000B3F57A7F01D9032306E0054B5B6803F0D6
:10DDC0000803082BEFD0002318460837BD4680BD56
:10DDD0000070004080B582B000AF00237B60234B11
:10DDE0001B6C224A43F080531364204B1B6C03F0DE
:10DDF00080533B603B681E4B1B681D4A43F48033D5
:10DE00001360FFF739FD786009E0FFF735FD024642
:10DE10007B68D31AB3F57A7F01D9032322E0144B30
:10DE20005B6803F48033B3F5803FEED1104B1B6881
:10DE30000F4A43F400331360FFF71EFD786009E0DA
:10DE4000FFF71AFD02467B68D31AB3F57A7F01D932
:10DE5000032307E0064B5B6803F40033B3F5003F90
:10DE6000EED1002318460837BD4680BD0038024079
:10DE70000070004080B586B000AF78600023FB756D
:10DE80007B68002B01D101239BE27B681B6803F0B8
:10DE90000103002B00F08780964B9B6803F00C0376
:10DEA000042B0CD0934B9B6803F00C03082B12D16E
:10DEB000904B5B6803F48003B3F5800F0BD18D4B5F
:10DEC0001B6803F40033002B6CD07B685B68002B6D
:10DED00068D1012375E27B685B68B3F5803F06D1AA
:10DEE000844B1B68834A43F4803313602EE07B68C5
:10DEF0005B68002B0CD17F4B1B687E4A23F4803378
:10DF000013607C4B1B687B4A23F4802313601DE065
:10DF10007B685B68B3F5A02F0CD1764B1B68754A04
:10DF200043F480231360734B1B68724A43F48033BD
:10DF300013600BE06F4B1B686E4A23F48033136051
:10DF40006C4B1B686B4A23F4802313607B685B680F
:10DF5000002B13D0FFF790FC386108E0FFF78CFC32
:10DF600002463B69D31A642B01D9032329E2614B92
:10DF70001B6803F40033002BF0D014E0FFF77CFCA7
:10DF8000386108E0FFF778FC02463B69D31A642B3E
:10DF900001D9032315E2574B1B6803F40033002B10
:10DFA000F0D100E000BF7B681B6803F00203002B88
:10DFB00069D0504B9B6803F00C03002B0BD04D4BEA
:10DFC0009B6803F00C03082B1CD14A4B5B6803F4DD
:10DFD0008003002B16D1474B1B6803F00203002B74
:10DFE00005D07B68DB68012B01D00123E9E1414BBF
:10DFF0001B6823F0F8027B681B69DB003D49134373
:10E000000B6040E07B68DB68002B23D0394B1B683A
:10E01000384A43F001031360FFF72EFC386108E033
:10E02000FFF72AFC02463B69D31A022B01D90323CE
:10E03000C7E1304B1B6803F00203002BF0D02D4BDF
:10E040001B6823F0F8027B681B69DB002949134336
:10E050000B6018E0274B1B68264A23F0010313606E
:10E06000FFF70AFC386108E0FFF706FC02463B694F
:10E07000D31A022B01D90323A3E11E4B1B6803F023
:10E080000203002BF0D17B681B6803F00803002B10
:10E0900038D07B685B69002B19D0164B5B6F154A33
:10E0A00043F001035367FFF7E7FB386108E0FFF730
:10E0B000E3FB02463B69D31A022B01D9032380E11B
:10E0C0000C4B5B6F03F00203002BF0D01AE0094BFE
:10E0D0005B6F084A23F001035367FFF7CDFB3861FC
:10E0E0000AE0FFF7C9FB02463B69D31A022B03D9AA
:10E0F000032366E100380240924B5B6F03F002039A
:10E10000002BEED17B681B6803F00403002B00F0AA
:10E11000A4808C4B1B6C03F08053002B0DD1894BDA
:10E120001B6C884A43F080531364864B1B6C03F0CE
:10E130008053BB60BB680123FB75834B1B6803F4F2
:10E140008073002B18D1804B1B687F4A43F4807387
:10E150001360FFF791FB386108E0FFF78DFB024683
:10E160003B69D31A642B01D903232AE1764B1B6840
:10E1700003F48073002BF0D07B689B68012B06D1E1
:10E18000704B1B6F6F4A43F0010313672DE07B68F0
:10E190009B68002B0CD16B4B1B6F6A4A23F0010369
:10E1A0001367684B1B6F674A23F0040313671CE077
:10E1B0007B689B68052B0CD1624B1B6F614A43F057
:10E1C000040313675F4B1B6F5E4A43F00103136741
:10E1D0000BE05C4B1B6F5B4A23F001031367594B49
:10E1E0001B6F584A23F0040313677B689B68002B5E
:10E1F00015D0FFF741FB38610AE0FFF73DFB02460F
:10E200003B69D31A41F28832934201D90323D8E003
:10E210004C4B1B6F03F00203002BEED014E0FFF712
:10E220002BFB38610AE0FFF727FB02463B69D31A54
:10E2300041F28832934201D90323C2E0414B1B6F64
:10E2400003F00203002BEED1FB7D012B05D13D4BEA
:10E250001B6C3C4A23F0805313647B689B69002B42
:10E2600000F0AE80374B9B6803F00C03082B6DD099
:10E270007B689B69022B4BD1324B1B68314A23F0E0
:10E2800080731360FFF7F8FA386108E0FFF7F4FADB
:10E2900002463B69D31A022B01D9032391E0294B93
:10E2A0001B6803F00073002BF0D17B68DA697B6890
:10E2B0001B6A1A437B685B6A9B011A437B689B6AF3
:10E2C0005B08013B1B041A437B68DB6A1B061A438D
:10E2D0007B681B6B1B071B4913434B60194B1B6867
:10E2E000184A43F080731360FFF7C6FA386108E0FC
:10E2F000FFF7C2FA02463B69D31A022B01D9032366
:10E300005FE0104B1B6803F00073002BF0D057E068
:10E310000C4B1B680B4A23F080731360FFF7ACFAB9
:10E32000386108E0FFF7A8FA02463B69D31A022BCE
:10E3300001D9032345E0034B1B6803F00073002B56
:10E34000F0D13DE000380240007000401F4B5B6898
:10E35000FB607B689B69012B30D0FB6803F4800273
:10E360007B68DB699A4229D1FB6803F03F027B6836
:10E370001B6A9A4222D1FA6847F6C07313407A6842
:10E38000526A9201934219D1FB6803F440327B68D0
:10E390009B6A5B08013B1B049A420FD1FB6803F0A8
:10E3A00070627B68DB6A1B069A4207D1FB6803F048
:10E3B000E0427B681B6B1B079A4201D0012300E0FF
:10E3C000002318461837BD4680BD00BF0038024004
:10E3D00080B584B000AF786039600023FB607B6853
:10E3E000002B01D10123D0E06A4B1B6803F00F031F
:10E3F0003A689A4210D9674B1B6823F00F026549AF
:10E400003B6813430B60634B1B6803F00F033A68D0
:10E410009A4201D00123B8E07B681B6803F0020335
:10E42000002B20D07B681B6803F00403002B05D071
:10E43000594B9B68584A43F4E05393607B681B68D0
:10E4400003F00803002B05D0534B9B68524A43F45A
:10E4500060439360504B9B6823F0F0027B689B689D
:10E460004D4913438B607B681B6803F00103002B4D
:10E4700040D07B685B68012B07D1474B1B6803F4D6
:10E480000033002B15D101237FE07B685B68022BF2
:10E4900007D1414B1B6803F00073002B09D1012306
:10E4A00073E03D4B1B6803F00203002B01D10123F5
:10E4B0006BE0394B9B6823F003027B685B6836494D
:10E4C00013438B60FFF7D8F9F8600AE0FFF7D4F93F
:10E4D0000246FB68D31A41F28832934201D90323E2
:10E4E00053E02D4B9B6803F00C027B685B689B003C
:10E4F0009A42EBD1274B1B6803F00F033A689A420C
:10E5000010D2244B1B6823F00F0222493B681343AF
:10E510000B60204B1B6803F00F033A689A4201D04E
:10E52000012332E07B681B6803F00403002B08D052
:10E53000194B9B6823F4E0527B68DB681649134350
:10E540008B607B681B6803F00803002B09D0124B1B
:10E550009B6823F460427B681B69DB000E49134310
:10E560008B6000F021F802460B4B9B681B0903F0FF
:10E570000F030A49CB5C22FA03F3094A1360094BE3
:10E580001B681846FFF734F9002318461037BD46BC
:10E5900080BD00BF003C024000380240B85B01086B
:10E5A00000000020444100202DE9B04F90B000AFA2
:10E5B00000237B630023FB6300233B630023BB63D7
:10E5C000594B9B6803F00C03082B0DD0082B00F26D
:10E5D000A180002B02D0042B03D09BE0534BBB63E4
:10E5E0009BE0534BBB6398E04F4B5B6803F03F03EA
:10E5F0007B634D4B5B6803F48003002B28D04A4BB0
:10E600005B689B0900223B627A623B6AC3F30800A5
:10E610000021474B03FB01F2002300FB03F31344EB
:10E62000434AA0FB0212FA620A46BA62FA6A13442B
:10E63000FB627B6B0022BB61FA61D7E90623D7E955
:10E640000A01F1F7C3FF02460B461346FB6353E092
:10E65000354B5B689B0900223B617A613B69C3F3E0
:10E66000080A4FF0000B52465B464FF000004FF097
:10E670000001590141EAD261500102460B46B2EB5A
:10E680000A0863EB0B094FF000024FF000034FEA5A
:10E69000891343EA98634FEA8812B2EB080463EBEC
:10E6A00009054FF000024FF00003EB0043EA5473FA
:10E6B000E20014461D4614EB0A033B6045EB0B03D6
:10E6C0007B604FF000024FF00003D7E90045294678
:10E6D0008B02214643EA915321468A02104619468D
:10E6E0007B6B0022BB60FA60D7E90223F1F76EFF73
:10E6F00002460B461346FB630B4B5B681B0C03F097
:10E70000030301335B003B63FA6B3B6BB2FBF3F338
:10E71000BB6302E0054BBB6300BFBB6B18464037D1
:10E72000BD46BDE8B08F00BF003802400024F400B1
:10E7300040787D0180B588B000AF786000237B61B0
:10E7400000233B610023FB600023FB610023BB61CE
:10E750007B681B6803F00103002B12D0694B9B6898
:10E76000684A23F400039360664B9A687B685B6B8E
:10E77000644913438B607B685B6B002B01D10123E1
:10E78000FB617B681B6803F40023002B17D05D4BF3
:10E79000D3F88C3023F440127B68DB6B5949134368
:10E7A000C1F88C307B68DB6BB3F5801F01D101238E
:10E7B000FB617B68DB6B002B01D10123BB617B68B4
:10E7C0001B6803F48013002B17D04E4BD3F88C300A
:10E7D00023F440027B681B6C4A491343C1F88C3018
:10E7E0007B681B6CB3F5800F01D10123FB617B6853
:10E7F0001B6C002B01D10123BB617B681B6803F0FC
:10E800008073002B01D00123FB617B681B6803F040
:10E810002003002B00F08B803A4B1B6C394A43F0ED
:10E8200080531364374B1B6C03F08053BB60BB6891
:10E83000354B1B68344A43F480731360FFF71CF8B0
:10E84000786108E0FFF718F802467B69D31A642B59
:10E8500001D9032358E32C4B1B6803F48073002B6E
:10E86000F0D0284B1B6F03F440733B613B69002BD6
:10E8700035D07B681B6B03F440733A699A422ED003
:10E88000204B1B6F23F440733B611E4B1B6F1D4AD3
:10E8900043F4803313671B4B1B6F1A4A23F48033F6
:10E8A0001367184A3B691367164B1B6F03F001038C
:10E8B000012B14D1FEF7E0FF78610AE0FEF7DCFFE0
:10E8C00002467B69D31A41F28832934201D903236D
:10E8D0001AE30C4B1B6F03F00203002BEED07B6896
:10E8E0001B6B03F44073B3F5407F11D1054B9B685C
:10E8F00023F4F8127B68196B044B0B400149134356
:10E900008B600BE00038024000700040FFFCFF0FFE
:10E91000A84B9B68A74A23F4F8139360A54B1A6F82
:10E920007B681B6BC3F30B03A24913430B677B6824
:10E930001B6803F01003002B10D09E4BD3F88C30D3
:10E940009C4A23F08073C2F88C309A4BD3F88C2009
:10E950007B689B6B97491343C1F88C307B681B68BD
:10E9600003F48043002B0AD0924BD3F8903023F469
:10E9700040327B685B6E8F491343C1F890307B68EF
:10E980001B6803F40043002B0AD08A4BD3F8903065
:10E9900023F440227B689B6E86491343C1F8903074
:10E9A0007B681B6803F48033002B0AD0814BD3F8BB
:10E9B000903023F440127B68DB6E7E491343C1F82C
:10E9C00090307B681B6803F40033002B0AD0794B2E
:10E9D000D3F8903023F440027B681B6F75491343D2
:10E9E000C1F890307B681B6803F04003002B0AD00D
:10E9F000704BD3F8903023F003027B685B6C6D4959
:10EA00001343C1F890307B681B6803F08003002B30
:10EA10000AD0684BD3F8903023F00C027B689B6CD3
:10EA200064491343C1F890307B681B6803F480731A
:10EA3000002B0AD05F4BD3F8903023F030027B6874
:10EA4000DB6C5C491343C1F890307B681B6803F4AE
:10EA50000073002B0AD0574BD3F8903023F0C0023C
:10EA60007B681B6D53491343C1F890307B681B686A
:10EA700003F48063002B0AD04E4BD3F8903023F47C
:10EA800040727B685B6D4B491343C1F890307B68E3
:10EA90001B6803F40063002B0AD0464BD3F8903078
:10EAA00023F440627B689B6D42491343C1F8903068
:10EAB0007B681B6803F48053002B0AD03D4BD3F8CE
:10EAC000903023F440527B68DB6D3A491343C1F820
:10EAD00090307B681B6803F40053002B0AD0354B41
:10EAE000D3F8903023F440427B681B6E31491343C6
:10EAF000C1F890307B681B6803F48003002B0AD0B8
:10EB00002C4BD3F8903023F080627B689B6F2949AF
:10EB10001343C1F890307B681B6803F40013002B8B
:10EB200011D0244BD3F8903023F000627B68DB6F68
:10EB300020491343C1F890307B68DB6FB3F1006F5D
:10EB400001D10123BB617B681B6803F48023002B88
:10EB50000AD0184BD3F8903023F040727B685B6F7B
:10EB600014491343C1F890307B681B6803F4000319
:10EB7000002B0BD00F4BD3F8903023F080527B68E2
:10EB8000D3F880300B491343C1F890307B681B6881
:10EB900003F08063002B0FD0064BD3F8903023F0A6
:10EBA00000527B68D3F8843002491343C1F8903097
:10EBB00002E000BF003802407B681B6803F000637E
:10EBC000002B0BD08A4BD3F88C3023F000727B687B
:10EBD000D3F8883086491343C1F88C307B681B68B2
:10EBE00003F08053002B0BD0814BD3F88C3023F0F3
:10EBF00080627B68D3F88C307D491343C1F88C3038
:10EC0000FB69012B06D07B681B6803F00073002BA7
:10EC100000F0D680764B1B68754A23F08063136042
:10EC2000FEF72AFE786108E0FEF726FE02467B69C1
:10EC3000D31A642B01D9032366E16D4B1B6803F0E3
:10EC40000063002BF0D17B681B6803F00103002BED
:10EC500021D07B685B6B002B1DD1654BD3F88430D2
:10EC60001B0C03F003033B61614BD3F884301B0E94
:10EC700003F00F03FB607B685B689A013B691B0430
:10EC80001A43FB681B061A437B689B681B0758499D
:10EC90001343C1F884307B681B6803F40023002B06
:10ECA00004D07B68DB6BB3F5801F0AD07B681B68E0
:10ECB00003F48013002B2ED07B681B6CB3F5800F00
:10ECC00029D14B4BD3F884301B0C03F003033B6179
:10ECD000474BD3F884301B0F03F00703FB607B68BE
:10ECE0005B689A013B691B041A437B68DB681B065F
:10ECF0001A43FB681B073E491343C1F884303C4B61
:10ED0000D3F88C3023F01F027B685B6A013B3849E3
:10ED10001343C1F88C307B681B6803F08073002BB1
:10ED20001DD0334BD3F884301B0E03F00F033B612F
:10ED30002F4BD3F884301B0F03F00703FB607B6875
:10ED40005B689A017B681B691B041A433B691B06BD
:10ED50001A43FB681B0726491343C1F884307B68BC
:10ED60001B6803F00073002B11D07B685B689A016D
:10ED70007B681B691B041A437B68DB681B061A430C
:10ED80007B689B681B071A491343C1F88430184BF2
:10ED90001B68174A43F080631360FEF76DFD7861CE
:10EDA00008E0FEF769FD02467B69D31A642B01D99E
:10EDB0000323A9E00E4B1B6803F00063002BF0D087
:10EDC000BB69012B40F09F80094B1B68084A23F068
:10EDD00080531360FEF750FD78610BE0FEF74CFDA9
:10EDE00002467B69D31A642B04D903238CE000BF4D
:10EDF00000380240464B1B6803F00053B3F1005F3C
:10EE0000ECD07B681B6803F40023002B03D07B68E5
:10EE1000DB6B002B09D07B681B6803F48013002B8D
:10EE20002ED07B681B6C002B2AD1394BD3F888304D
:10EE30001B0C03F003033B61354BD3F888301B0FE9
:10EE400003F00703FB607B685B699A013B691B0465
:10EE50001A437B689B691B061A43FB681B072C49F6
:10EE60001343C1F888302A4BD3F88C3023F4F8527E
:10EE70007B689B6A013B1B0225491343C1F88C3018
:10EE80007B681B6803F40013002B22D07B68DB6FC8
:10EE9000B3F1006F1DD11E4BD3F888301B0E03F069
:10EEA0000F033B611A4BD3F888301B0F03F00703A5
:10EEB000FB607B685B699A017B681B6A1B041A43D1
:10EEC0003B691B061A43FB681B0711491343C1F832
:10EED00088300F4B1B680E4A43F080531360FEF7D7
:10EEE000CBFC786108E0FEF7C7FC02467B69D31AC9
:10EEF000642B01D9032307E0054B1B6803F0005383
:10EF0000B3F1005FEFD1002318462037BD4680BD26
:10EF10000038024080B483B000AF786039607B680D
:10EF2000DB6A23F470023B681A437B68DA6200BF35
:10EF30000C37BD465DF8047B704780B483B000AFEA
:10EF400078607B689B6803F00103012B0CBF0123F1
:10EF50000023DBB218460C37BD465DF8047B7047D2
:10EF600090B585B000AF786039600023FB731C4812
:10EF7000FFF7E3FF04461B48FFF7DFFF03461C4390
:10EF80001948FFF7DAFF03462343002B20D13B68E3
:10EF90005B68002B12D07B685A68144B13403A68A8
:10EFA00011683A68526811433A68926811433A68A6
:10EFB000D2680A431A437B685A600BE07B685A6840
:10EFC0000A4B13403A6812681A437B685A6001E0A2
:10EFD0000123FB73FB7B18461437BD4690BD00BF71
:10EFE000002001400021014000220140E010FCFF10
:10EFF00080B584B000AF786039600023FB73786817
:10F00000FFF79BFF0346002B15D17B685A680D4B19
:10F0100013403A6811683A6892680A431A437B6859
:10F020005A607B689B6823F400623B685B681A4304
:10F030007B689A6001E00123FB73FB7B1846103765
:10F04000BD4680BDFFFEFFFC80B584B000AF786098
:10F0500039600023FB737868FFF76FFF0346002BCE
:10F0600031D13B685B68002B0CD07B685B6823F474
:10F0700068423B6859683B689B680B431A437B684E
:10F080005A6008E07B685B6823F468423B685B6811
:10F090001A437B685A607B689A680E4B13403A6843
:10F0A000126802F070613A68D26811433A681269D6
:10F0B0000A431A437B689A603B685B681946786824
:10F0C000FFF728FF01E00123FB73FB7B1846103795
:10F0D000BD4680BDFDFCFFC080B489B000AFF860C4
:10F0E000B9607A60FB681A68BB687B617B6993FAD8
:10F0F000A3F33B613B69B3FA83F3DBB25B0003210B
:10F1000001FA03F3DB431A40BB68FB61FB6993FA26
:10F11000A3F3BB61BB69B3FA83F3DBB25B0079682D
:10F1200001FA03F31A43FB681A6000BF2437BD4697
:10F130005DF8047B704780B485B000AFF860B960BB
:10F140007A60FB685A68BB68DB431A40BB68796821
:10F1500001FB03F31A43FB685A6000BF1437BD4636
:10F160005DF8047B704780B489B000AFF860B96087
:10F170007A60FB689A68BB687B617B6993FAA3F34A
:10F180003B613B69B3FA83F3DBB25B00032101FA15
:10F1900003F3DB431A40BB68FB61FB6993FAA3F3FB
:10F1A000BB61BB69B3FA83F3DBB25B00796801FA38
:10F1B00003F31A43FB689A6000BF2437BD465DF82D
:10F1C000047B704780B489B000AFF860B9607A60A2
:10F1D000FB68DA68BB687B617B6993FAA3F33B61E8
:10F1E0003B69B3FA83F3DBB25B00032101FA03F35B
:10F1F000DB431A40BB68FB61FB6993FAA3F3BB6175
:10F20000BB69B3FA83F3DBB25B00796801FA03F3FD
:10F210001A43FB68DA6000BF2437BD465DF8047B03
:10F22000704780B489B000AFF860B9607A60FB685D
:10F230001A6ABB687B617B6993FAA3F33B613B6904
:10F24000B3FA83F3DBB29B000F2101FA03F3DB4334
:10F250001A40BB68FB61FB6993FAA3F3BB61BB690E
:10F26000B3FA83F3DBB29B00796801FA03F31A4324
:10F27000FB681A6200BF2437BD465DF8047B704707
:10F2800080B489B000AFF860B9607A60FB685A6AF0
:10F29000BB681B0A7B617B6993FAA3F33B613B6903
:10F2A000B3FA83F3DBB29B000F2101FA03F3DB43D4
:10F2B0001A40BB681B0AFB61FB6993FAA3F3BB61AD
:10F2C000BB69B3FA83F3DBB29B00796801FA03F3FD
:10F2D0001A43FB685A6200BF2437BD465DF8047BC1
:10F2E000704780B588B000AF786039600023FB615B
:10F2F0000023BB613B681B687B617B6993FAA3F3C6
:10F300003B613B69B3FA83F3DBB2FB6151E03B68DD
:10F310001A680121FB6901FA03F31340BB61BB6961
:10F32000002B43D03B685B68012B03D03B685B68D4
:10F33000022B0ED13B689B681A46B9697868FFF7C3
:10F3400012FF3B6819683B68DB681A467868FFF76C
:10F35000F2FE3B681B691A46B9697868FFF732FF0D
:10F360003B685B68022B1AD1BB69FB60FB6893FAB0
:10F37000A3F3BB60BB68B3FA83F3DBB2072B07D8F8
:10F380003B685B691A46B9697868FFF74AFF06E08F
:10F390003B685B691A46B9697868FFF771FF3B689B
:10F3A0005B681A46B9697868FFF796FEFB69013316
:10F3B000FB613B681A68FB6922FA03F3002BA6D1B4
:10F3C000002318462037BD4680BD80B483B000AF0F
:10F3D00078607B681B6843F001027B681A6000BF9D
:10F3E0000C37BD465DF8047B704780B483B000AF36
:10F3F00078607B681B6823F001027B681A6000BF9D
:10F400000C37BD465DF8047B704780B485B000AF13
:10F41000F860B9607A60FB681B6823F4F8527B6877
:10F420001902BB680B431A43FB681A6000BF14370C
:10F43000BD465DF8047B704780B485B000AFF860CE
:10F44000B9607A60FB689A68064B1340B9687A68BD
:10F450000A431A43FB689A6000BF1437BD465DF843
:10F46000047B704700F8FFFF80B483B000AF786082
:10F470007B689B6843F400427B689A6000BF0C374E
:10F48000BD465DF8047B704780B483B000AF786000
:10F490007B689B6823F400427B689A6000BF0C374E
:10F4A000BD465DF8047B704780B483B000AF7860E0
:10F4B00039607B683A681A6100BF0C37BD465DF859
:10F4C000047B704780B483B000AF786039607B689C
:10F4D0001B6823F440123B681A437B681A6000BF24
:10F4E0000C37BD465DF8047B704780B483B000AF35
:10F4F000786039607B685B6823F400423B681A439C
:10F500007B685A6000BF0C37BD465DF8047B7047CE
:10F5100080B582B000AF786039607868FFF765FF2A
:10F520003B6899683B68DB681A467868FFF76DFFAF
:10F530003B685B6819467868FFF7B6FF7868FFF7A5
:10F5400044FF7868FFF7A0FF3B6819693B689B6937
:10F550001A467868FFF770FF3B681B69002B02D0E2
:10F560007868FFF781FF3B681B6819467868FFF7EA
:10F57000A9FF3B685B6919467868FFF7B6FF00236F
:10F5800018460837BD4680BD80B400AF064B1B68E7
:10F5900003F00203022B0CBF01230023DBB2184649
:10F5A000BD465DF8047B70470038024080B400AF70
:10F5B000064B1B6F03F00203022B0CBF0123002339
:10F5C000DBB21846BD465DF8047B70470038024048
:10F5D00080B400AF044B9B6803F00C031846BD4693
:10F5E0005DF8047B704700BF0038024080B400AF74
:10F5F000044B9B6803F0F0031846BD465DF8047B9E
:10F60000704700BF0038024080B400AF044B9B68D5
:10F6100003F4E0531846BD465DF8047B704700BF15
:10F620000038024080B400AF044B9B6803F4604391
:10F630001846BD465DF8047B704700BF00380240A5
:10F6400080B483B000AF7860064BD3F890207B681D
:10F650001A407B681B04134318460C37BD465DF8FF
:10F66000047B70470038024080B483B000AF7860FC
:10F67000064BD3F890207B681A407B681B04134329
:10F6800018460C37BD465DF8047B704700380240D1
:10F6900080B400AF044B5B6803F480031846BD469A
:10F6A0005DF8047B704700BF0038024080B400AFB3
:10F6B000044B5B689B09C3F308031846BD465DF81D
:10F6C000047B70470038024080B400AF044B5B6895
:10F6D00003F440331846BD465DF8047B704700BF15
:10F6E0000038024080B400AF044B5B6803F03F0376
:10F6F0001846BD465DF8047B704700BF00380240E5
:10F7000080B584B000AF78600023FB607B68032B7A
:10F7100033D17868FFF794FF0346B3F1031F16D087
:10F72000B3F1031F1DD8704A934203D06F4A93422E
:10F7300004D016E000F0F2F9F860CFE0FFF724FF04
:10F740000346002B00F0BB80694BFB60B7E0FFF77E
:10F750002DFF0346002B00F0B4804FF40043FB6004
:10F76000AFE000F0DBF90346184600F0FFF903466E
:10F77000184600F025FAF860B0E07B680C2B33D116
:10F780007868FFF75DFF0346B3F10C1F16D0B3F1A5
:10F790000C1F1DD8574A934203D0574A934204D0B6
:10F7A00016E000F0BBF9F86098E0FFF7EDFE0346C5
:10F7B000002B00F088804E4BFB6084E0FFF7F6FEE4
:10F7C0000346002B00F081804FF40043FB607CE097
:10F7D00000F0A4F90346184600F0C8F9034618469D
:10F7E00000F0DAF9F86079E07B68B3F5406F31D169
:10F7F0007868FFF725FF0346B3F10C2F15D0B3F15E
:10F800000C2F1BD83D4A934203D03D4A934204D06B
:10F8100014E000F083F9F86060E0FFF7B5FE0346FE
:10F82000002B54D0324BFB6051E0FFF7BFFE034684
:10F83000002B4ED04FF40043FB604AE000F06EF91D
:10F840000346184600F092F90346184600F0B8F94E
:10F85000F86043E07B68302B40D17868FFF7F0FE1A
:10F860000346B3F1301F15D0B3F1301F1BD8254A22
:10F87000934203D0244A934204D014E000F04EF99E
:10F88000F8602BE0FFF780FE0346002B23D0184BD7
:10F89000FB6020E0FFF78AFE0346002B1DD04FF4EB
:10F8A0000043FB6019E000F039F90346184600F008
:10F8B0005DF90346184600F06FF9F8600EE000BFEE
:10F8C0000CE000BF0AE000BF08E000BF06E000BF98
:10F8D00004E000BF02E000BF00E000BFFB68184684
:10F8E0001037BD4680BD00BF0100030002000300C9
:10F8F0000024F40004000C0008000C000004000CBC
:10F900000008000C100030002000300080B584B0EA
:10F9100000AF78600023FB607B68C02B33D1786830
:10F92000FFF7A2FE0346B3F1C01F16D0B3F1C01F0C
:10F930001DD8714A934203D0704A934204D016E016
:10F9400000F0ECF8F860D1E0FFF71EFE0346002B54
:10F9500000F0BD806A4BFB60B9E0FFF727FE03466D
:10F96000002B00F0B6804FF40043FB60B1E000F0E4
:10F97000D5F80346184600F0F9F80346184600F09B
:10F980000BF9F860B2E07B68B3F5407F33D178685B
:10F99000FFF76AFE0346B3F1032F16D0B3F1032F2E
:10F9A0001DD8584A934203D0574A934204D016E0D8
:10F9B00000F0B4F8F86099E0FFF7E6FD0346002B8D
:10F9C00000F089804E4BFB6085E0FFF7EFFD0346BA
:10F9D000002B00F082804FF40043FB607DE000F0DC
:10F9E0009DF80346184600F0C1F80346184600F09B
:10F9F000D3F8F8607AE07B68B3F5405F31D178687E
:10FA0000FFF732FE0346B3F1302F15D0B3F1302F9C
:10FA10001BD83E4A934203D03D4A934204D014E09F
:10FA200000F07CF8F86061E0FFF7AEFD0346002BC4
:10FA300055D0334BFB6052E0FFF7B8FD0346002B77
:10FA40004FD04FF40043FB604BE000F067F80346F3
:10FA5000184600F08BF80346184600F09DF8F86051
:10FA600044E07B68B3F5404F40D17868FFF7FCFD78
:10FA70000346B3F1C02F15D0B3F1C02F1BD8254AD0
:10FA8000934203D0244A934204D014E000F046F895
:10FA9000F8602BE0FFF778FD0346002B23D0184BCE
:10FAA000FB6020E0FFF782FD0346002B1DD04FF4E2
:10FAB0000043FB6019E000F031F80346184600F0FF
:10FAC00055F80346184600F067F8F8600EE000BFEE
:10FAD0000CE000BF0AE000BF08E000BF06E000BF86
:10FAE00004E000BF02E000BF00E000BFFB68184672
:10FAF0001037BD4680BD00BF4000C0008000C00080
:10FB00000024F40000010003000200030010003094
:10FB100000200030004000C0008000C080B582B0EE
:10FB200000AF00237B60FFF753FD0346082B0CD08A
:10FB3000082B0ED8002B02D0042B03D009E0094B70
:10FB40007B6009E0084B7B6006E000F04DF87860D0
:10FB500002E0044B7B6000BF7B6818460837BD4657
:10FB600080BD00BF0024F40040787D0180B582B0E4
:10FB700000AF7860FFF73AFD03461B0903F00F035F
:10FB8000044AD35C1A467B68D34018460837BD4602
:10FB900080BD00BFB85B010880B582B000AF78605F
:10FBA000FFF732FD03469B0A044AD35C1A467B6882
:10FBB000D34018460837BD4680BD00BFC85B01086A
:10FBC00080B582B000AF7860FFF72CFD03465B0B79
:10FBD000044AD35C1A467B68D34018460837BD46B2
:10FBE00080BD00BFC85B010890B583B000AF0023A3
:10FBF0007B6000233B60FFF74BFD38603B68002BC8
:10FC000004D03B68B3F5800F03D005E00F4B7B6059
:10FC100005E00F4B7B6002E00C4B7B6000BFFFF701
:10FC200061FD02467B68B3FBF2F4FFF73FFD03463C
:10FC300003FB04F4FFF748FD03461B0C01335B0094
:10FC4000B4FBF3F318460C37BD4690BD0024F40016
:10FC500040787D0180B483B000AF78607B681B681A
:10FC600003F04003402B01D1012300E0002318469C
:10FC70000C37BD465DF8047B704780B483B000AF9D
:10FC8000786039607B685B6823F480523B681A4374
:10FC90007B685A6000BF0C37BD465DF8047B704737
:10FCA00080B483B000AF786039603B689BB21A467D
:10FCB0007B681A6100BF0C37BD465DF8047B704756
:10FCC00080B584B000AF786039600123FB73786839
:10FCD000FFF7C0FF0346002B41D17B681A68254B14
:10FCE00013403A6811683A68526811433A68D2681A
:10FCF00011433A68126911433A68526911433A68EC
:10FD0000926911433A68D26911433A68126A0A4308
:10FD10001A437B681A607B685A68174B13403A682D
:10FD200091683A685269120C0A431A437B685A6018
:10FD30003B689B68B3F5006F04D24FF4805178683C
:10FD4000FFF79BFF3B681B6AB3F5005F05D13B687B
:10FD50005B6A19467868FFF7A3FF0023FB737B6893
:10FD6000DB6923F400627B68DA61FB7B184610379D
:10FD7000BD4680BD4000FFFFFBF0FFFF80B483B0B5
:10FD800000AF786039607B683A689A6200BF0C37D0
:10FD9000BD465DF8047B704780B483B000AF7860E7
:10FDA00039607B683A68DA6200BF0C37BD465DF89F
:10FDB000047B704780B483B000AF786039607B68A3
:10FDC0003A681A6300BF0C37BD465DF8047B704784
:10FDD00080B483B000AF786039607B683A685A635A
:10FDE00000BF0C37BD465DF8047B704780B483B01C
:10FDF00000AF786039607B683A689A6300BF0C375F
:10FE0000BD465DF8047B704780B483B000AF786076
:10FE100039607B683A68DA6300BF0C37BD465DF82D
:10FE2000047B704780B483B000AF786039607B6832
:10FE30003A681A6400BF0C37BD465DF8047B704712
:10FE400080B483B000AF786039607B689A6D064BF0
:10FE500013403A681A437B689A6500BF0C37BD4669
:10FE60005DF8047B704700BF0000FFFF80B483B0E3
:10FE700000AF786039607B683A68DA6500BF0C379C
:10FE8000BD465DF8047B704780B483B000AF7860F6
:10FE90007B685B6943F001027B685A6100BF0C37E5
:10FEA000BD465DF8047B704780B584B000AF7860D4
:10FEB00039607B681B68FB607B683D4A934213D0C6
:10FEC0007B68B3F1804F0FD07B683A4A93420BD0E6
:10FED0007B68394A934207D07B68384A934203D003
:10FEE0007B68374A934206D1FB6823F070023B6877
:10FEF0005B681343FB607B682D4A93422BD07B6881
:10FF0000B3F1804F27D07B682A4A934223D07B6885
:10FF1000294A93421FD07B68284A93421BD07B68B2
:10FF2000274A934217D07B68264A934213D07B68B6
:10FF3000254A93420FD07B68244A93420BD07B68BA
:10FF4000234A934207D07B68224A934203D07B68BE
:10FF5000214A934206D1FB6823F440723B68DB6878
:10FF60001343FB607B68FA681A603B689B6819461C
:10FF70007868FFF711FF3B681B8819467868FFF720
:10FF8000FDFE7B680A4A934203D07B680C4A934289
:10FF900005D13B681B6919467868FFF70BFF786845
:10FFA000FFF772FF002318461037BD4680BD00BF23
:10FFB000000001400004004000080040000C004028
:10FFC000000401400040014000440140004801405D
:10FFD00000180040001C00400020004080B586B0A2
:10FFE00000AFF860B9607A600123FB75BB68B3F5B8
:10FFF000801F45D0BB68B3F5801F48D8BB68B3F5F8
:020000040801F1
:10000000803F36D0BB68B3F5803F40D8BB68B3F5BE
:10001000805F27D0BB68B3F5805F38D8BB68B3F585
:10002000807F18D0BB68B3F5807F30D8BB68012BC8
:1000300003D0BB68102B07D029E07968F86800F07E
:100040002DF80346FB7523E07968F86800F094F812
:100050000346FB751CE07968F86800F0FFF803467A
:10006000FB7515E07968F86800F06AF90346FB75DE
:100070000EE07968F86800F0BDF90346FB7507E00B
:100080007968F86800F008FA0346FB7500E000BFE5
:10009000FB7D18461837BD4680BD000080B586B090
:1000A00000AF786039607B681B6A23F001027B68CF
:1000B0001A627B681B6A7B617B685B683B617B685B
:1000C0009B69FB60FB6823F00303FB60FA68274B26
:1000D00013403A6812681343FB607B6923F0020205
:1000E0003B681B6913437B617B6923F001023B681A
:1000F0005B6813437B617B681D4A934203D07B6836
:100100001C4A93421ED17B6923F008023B685B695D
:100110009B0013437B617B6923F004023B689B686F
:100120009B0013437B613B6923F480723B689B69AE
:1001300013433B613B6923F400723B68DB695B005E
:1001400013433B617B683A695A607B68FA689A613D
:100150003B68DB6819467868FFF73AFE7B687A6986
:100160001A62002318461837BD4680BD8FFFFEFF78
:10017000000001400004014080B586B000AF786007
:1001800039607B681B6A23F010027B681A627B6807
:100190001B6A7B617B685B683B617B689B69FB607A
:1001A000FB6823F44073FB60FA68294B13403A68FC
:1001B000126812021343FB607B6923F020023B6844
:1001C0001B691B0113437B617B6923F010023B68B1
:1001D0005B681B0113437B617B681E4A934203D01B
:1001E0007B681D4A93421FD17B6923F080023B68E4
:1001F0005B699B0113437B617B6923F040023B6891
:100200009B689B0113437B613B6923F480623B68DD
:100210009B699B0013433B613B6923F400623B688D
:10022000DB69DB0013433B617B683A695A607B689A
:10023000FA689A613B68DB6819467868FFF7D6FD73
:100240007B687A691A62002318461837BD4680BD5C
:10025000FF8FFFFE000001400004014080B586B022
:1002600000AF786039607B681B6A23F480727B681A
:100270001A627B681B6A7B617B685B683B617B6899
:10028000DB69FB60FB6823F00303FB60FA68294B22
:1002900013403A6812681343FB607B6923F40072D1
:1002A0003B681B691B0213437B617B6923F48072EB
:1002B0003B685B681B0213437B617B681E4A934269
:1002C00003D07B681D4A93421FD17B6923F40062EF
:1002D0003B685B699B0213437B617B6923F480620B
:1002E0003B689B689B0213437B613B6923F480520C
:1002F0003B689B691B0113433B613B6923F400523C
:100300003B68DB695B0113433B617B683A695A6078
:100310007B68FA68DA613B68DB6819467868FFF742
:1003200073FD7B687A691A62002318461837BD4648
:1003300080BD00BF8FFFFEFF0000014000040140B0
:1003400080B586B000AF786039607B681B6A23F4A3
:1003500080527B681A627B681B6A3B617B685B68C2
:100360007B617B68DB69FB60FB6823F44073FB60A7
:10037000FA681D4B13403A68126812021343FB607F
:100380003B6923F400523B681B691B0313433B6129
:100390003B6923F480523B685B681B0313433B615A
:1003A0007B68124A934203D07B68114A934207D17B
:1003B0007B6923F480423B689B699B0113437B610B
:1003C0007B687A695A607B68FA68DA613B68DB6847
:1003D00019467868FFF726FD7B683A691A620023A0
:1003E00018461837BD4680BDFF8FFFFE0000014054
:1003F0000004014080B584B000AF786039607B684C
:100400001B6A23F480327B681A627B681B6AFB607C
:100410007B685B6DBB60BA681C4B13403A6812681E
:100420001343BB60FB6823F400323B681B691B0469
:100430001343FB60FB6823F480323B685B681B045A
:100440001343FB607B68124A934203D07B68114AD6
:10045000934209D17B685B6823F480323B689B69D7
:100460001B021A437B685A607B68BA685A653B680E
:10047000DB6819467868FFF7E3FC7B68FA681A6264
:10048000002318461037BD4680BD00BF8FFFFEFF1A
:10049000000001400004014080B584B000AF7860E6
:1004A00039607B681B6A23F480127B681A627B6860
:1004B0001B6AFB607B685B6DBB60BA681C4B1340BA
:1004C0003A68126812021343BB60FB6823F40012FF
:1004D0003B681B691B051343FB60FB6823F4801218
:1004E0003B685B681B051343FB607B68114A9342C2
:1004F00003D07B68104A934209D17B685B6823F480
:1005000080223B689B699B021A437B685A607B6828
:10051000BA685A653B68DB6819467868FFF7A6FC3D
:100520007B68FA681A62002318461037BD4680BD02
:10053000FF8FFFFE000001400004014080B483B043
:1005400000AF78607B681B6803F00103012B01D1C9
:10055000012300E0002318460C37BD465DF8047BFC
:10056000704780B483B000AF786039607B685B68A7
:1005700023F440523B681A437B685A6000BF0C3733
:10058000BD465DF8047B704780B483B000AF7860EF
:1005900039607B689B6823F440723B681A437B6830
:1005A0009A6000BF0C37BD465DF8047B704780B48D
:1005B00087B000AFF860B9607A603B607B68B3F5E4
:1005C000004F1AD1BB685A003B685B081A443B686D
:1005D000B2FBF3F39BB27B617A694FF6F073134081
:1005E0003B617B695B089BB203F007033A691343E5
:1005F0003B61FB683A69DA600AE03B685A08BB680D
:100600001A443B68B2FBF3F39BB21A46FB68DA600C
:1006100000BF1C37BD465DF8047B704780B584B0D1
:1006200000AF786039600123FB730023BB607868FA
:10063000FFF784FF0346002B79D17B681A683E4B95
:1006400013403A6851683A68D26811433A681269AF
:1006500011433A6892690A431A437B681A603B68FF
:100660009B6819467868FFF77CFF3B685B69194611
:100670007868FFF789FF7B68304A934204D10320F2
:10068000FFF73EF8B86041E07B682D4A934204D101
:100690000C20FFF735F8B86038E07B68294A9342B0
:1006A00004D13020FFF72CF8B8602FE07B68264A91
:1006B000934204D1C020FFF729F9B86026E07B6897
:1006C000224A934205D14FF44070FFF71FF9B860FA
:1006D0001CE07B681E4A934205D14FF44060FFF74F
:1006E0000FF8B86012E07B681A4A934205D14FF4C4
:1006F0004050FFF70BF9B86008E07B68164A934258
:1007000004D14FF44040FFF701F9B860BB68002BFB
:100710000DD03B681B68002B09D00023FB733B689E
:100720009A693B681B68B9687868FFF740FFFB7BF4
:1007300018461037BD4680BDF369FFEF0010014039
:100740000044004000480040004C00400050004081
:100750000014014000780040007C004080B485B067
:1007600000AF78600F4B1B68FB60FB687B68B3F1E0
:10077000FF3F0CD07B6801337B6008E0094B1B68AE
:1007800003F48033002B02D07B68013B7B607B68E5
:10079000002BF3D100BF00BF1437BD465DF8047BCA
:1007A000704700BF10E000E00A22002100F07AB894
:1007B000242B2DE9F0478646904601D8012B06D11F
:1007C00000F0B2FF162303600020BDE8F087344834
:1007D0000D462A4615F8014B065D16F00806F8D1BD
:1007E0002D2C10D12C780126951C33F0100215D138
:1007F000302C0DD12A7802F0DF02582A08D16C780B
:10080000023510230AE02B2C04BF2C78951CECE752
:10081000002BF6D1302C14BF0A23082306F1004C1C
:100820000CF1FF3C0022BCFBF3F9104603FB19CA94
:10083000A4F13007092F0FD83C46A3421BDD571CFB
:1008400007D0814514D301D1A24511DB00FB034041
:10085000012215F8014BEBE7A4F14107192F01D84C
:10086000373CEAE7A4F16107192F04D8573CE4E7C5
:100870004FF0FF32EDE7531C08D12223CEF80030B1
:100880006046B8F1000FA0D0691E06E006B14042F4
:10089000B8F1000F99D0002AF6D1C8F8001094E7FB
:1008A0006A63010813460A46014602480068FFF7DA
:1008B0007FBF00BF58410020F0B52DED028BB0EE98
:1008C000408B85B017460D9D0C9E18EE902A25F0A2
:1008D0002005002AB6BF2D220022B1EE408B462D06
:1008E0000C461A7004D0452D00D10134022100E0DD
:1008F000032103AB019302AB009322463346B0EED3
:10090000480B00F0D5FF472D14D1FB070AD502197B
:10091000B5EE408BF1EE10FA08BF03923021039B35
:10092000934219D3039B0E9A1B1A136005B0BDECBA
:10093000028BF0BD462D00EB0402E9D10378302B89
:1009400007D1B5EE408BF1EE10FA1CBFC4F10104E3
:10095000346033681A44DBE75C1C03941970DEE7EB
:10096000F7B50029BABF49422D232B23092902706C
:10097000437029DD0DF107031D460A271A46B1FB16
:10098000F7F607FB1614303402F8014C0C46632CC2
:1009900003F1FF333146F1DC3031941E03F8011CC2
:1009A000411C2346AB420AD30DF109039B1AAC420A
:1009B00088BF002302330344181A03B0F0BD13F8B4
:1009C000016B01F8016FEDE7302330318370C170A6
:1009D000031DF1E7000000002DE9F04F8DB00C463B
:1009E000DDF8588016461F46054600F053FED0F845
:1009F00000B05846EFF784FC00230A93D8F8003083
:100A000094F8189022680590073323F0070303F148
:100A10000801C8F8001093ED000B9FED976BB0EE46
:100A2000C07BB4EE467BF1EE10FA84ED120B24DDB0
:100A3000B5EEC00BF1EE10FA02D52D2384F8433049
:100A40008F49904BB9F1470F8CBF8846984622F0EA
:100A500004020323236122604FF0000A009733460B
:100A60000BAA2146284600F0D1F9013040F08980D8
:100A70004FF0FF300DB0BDE8F08FB4EE400BF1EE5B
:100A800010FA09D710EE903A002BBCBF2D2384F842
:100A900043307D497D4BD5E76368591C09F0DF0A77
:100AA00039D10623636042F48062002322600393FD
:100AB0000AABCDE9019309AB009361680DF1230303
:100AC0002846FFF7F9FEBAF1470F0999804629D168
:100AD000C81C02DB6368994241DDA9F102095FFA93
:100AE00089F901394A4604F150000991FFF738FFAE
:100AF0000A9A1318012A8246236102DC2268D2076F
:100B000001D5013323619DF82330002BA6D02D237E
:100B100084F84330A2E7BAF1470FC4D1002BC2D109
:100B20000123BFE7B9F1650FDBD9B9F1660F18D121
:100B3000002963680BDD216113B92268D00702D553
:100B400001330B442361A1654FF0000ADBE713B9C1
:100B50002268D20701D50233F4E70123F2E74FF010
:100B600067090A9B994205DB23682161D807EAD50A
:100B70004B1CE7E70029D4BFC1F102020122134454
:100B8000E0E723685A0507D42369424631462846E0
:100B9000B84701302AD16BE7B9F1650F40F2E08028
:100BA00094ED127BB5EE407BF1EE10FA33D1384A6A
:100BB000012331462846B84701303FF459AFDDE9FB
:100BC0000938434502DB2368D8070FD5059B5A46F1
:100BD00031462846B84701303FF44AAF4FF000098C
:100BE00008F1FF3804F11A0AC84509DC23689B079D
:100BF00000F10781E0680B9B9842B8BF184639E7BF
:100C00000123524631462846B84701303FF430AF01
:100C100009F10109E8E7099B002B3BDC1C4A012391
:100C200031462846B84701303FF422AFDDE90939A3
:100C300059EA030302D12368D907D7D5059B5A4641
:100C400031462846B84701303FF412AF4FF0000A52
:100C500004F11A0B099B5B42534501DC4B4694E7B8
:100C600001235A4631462846B84701303FF400AFC9
:100C70000AF1010AEEE700BFFFFFFFFFFFFFEF7F72
:100C80006E6401086A6401087664010872640108F0
:100C90007A640108A36DDDF828A05345A8BF534628
:100CA000002B994637DC0023079329EAE97904F100
:100CB0001A02A36D07990693A3EB09038B4231DC5B
:100CC000099B9A453BDC2368DA0738D4099BAAEBD9
:100CD0000309069BAAEB03039945A8BF9946B9F1FE
:100CE000000F34DC4FF0000829EAE97904F11A0B0F
:100CF000099BAAEB0303A3EB090343457FF776AFF8
:100D000001235A4631462846B84701303FF4B0AE79
:100D100008F10108ECE7424631462846B847013061
:100D2000C1D1A5E60123314628460692B8470130D5
:100D30003FF49EAE079B069A01330793B9E7059BE4
:100D40005A4631462846B8470130BFD190E6069A48
:100D50004B46424431462846B8470130C2D187E667
:100D6000DDF82890B9F1010F01DCDB0736D501234E
:100D7000424631462846B84701303FF479AE059BDC
:100D80005A4631462846B84701303FF471AE94EDDB
:100D9000127BB5EE407BF1EE10FA09F1FF3918D065
:100DA0004B4608F1010231462846B84701300CD1C4
:100DB0005EE601235A4631462846B84701303FF4E3
:100DC00057AE08F10108C845F3DB534604F1500261
:100DD000DCE64FF0000804F11A0BF4E70123424669
:100DE000E1E701234A4631462846B84701303FF43F
:100DF0003FAE08F10108E3680B995B1A4345F0DC4C
:100E0000F8E64FF0000804F11909F4E72DE9F0477E
:100E1000164698468A680B69DDF820909342B8BF61
:100E20001346336091F8432007460C460AB101335C
:100E300033602368990642BF336802333360256804
:100E400015F0060506D104F1190AE36832689B1A09
:100E5000AB4226DC94F843302268003B18BF0123E4
:100E600092062BD404F1430241463846C84701306C
:100E70001ED02368226903F00603042B02BFE56835
:100E80003368ED1AA3680CBF25EAE5750025934287
:100E9000C4BF9B1AED1800261A34B5421AD100209F
:100EA00008E00123524641463846C847013003D185
:100EB0004FF0FF30BDE8F0870135C6E7E1185A1C56
:100EC000302081F84300224494F8451082F8431002
:100ED0000233C7E70123224641463846C84701305E
:100EE000E6D00136D9E700002DE9FF470F7E0C9EC2
:100EF000782F914680460C469A4601F1430207D866
:100F0000622F0AD8002F00F0D180582F00F0B8804F
:100F100004F1420684F842703AE0A7F16303152B0E
:100F2000F6D801A151F823F0810F0108950F0108AF
:100F3000110F0108110F0108110F0108110F01080D
:100F4000950F0108110F0108110F0108110F010879
:100F5000110F010893100108BF0F01084D1001087F
:100F6000110F0108110F0108B5100108110F010838
:100F7000BF0F0108110F0108110F010855100108DA
:100F800033681A1D1B68326004F1420684F842304F
:100F900001239CE033682068191D3160060601D5E5
:100FA0001D6803E04506FBD5B3F90050002D03DAB8
:100FB0002D236D4284F8433058480A2311E02168FC
:100FC0003368080653F8045B02D4490648BFADB243
:100FD0006F2F5248336014BF0A230823002184F87E
:100FE00043106668A660002E05DB21682E4321F0C1
:100FF000040121604BD01646B5FBF3F103FB1157FA
:10100000C75D06F8017D2F46BB420D46F4D9082B7B
:101010000BD12368DF0708D5236961689942DEBFD9
:10102000302306F8013C06F1FF36921B2261CDF811
:1010300000A04B4603AA21464046FFF7E7FE0130D9
:101040004AD14FF0FF3004B0BDE8F087236843F089
:10105000200323603248782784F84570236831687C
:101060001F0651F8045B02D45F0648BFADB2316081
:10107000D90744BF43F0200323601DB11023ADE71F
:101080002648E9E7236823F020032360F6E71646A5
:10109000BDE7336825686169181D30602E061B683E
:1010A00001D5196002E06806FBD519800023236191
:1010B0001646BCE733681A1D32601E68626800215C
:1010C0003046EFF7CDF808B1801B6060636823619C
:1010D000002384F84330AAE7236932464946404654
:1010E000D0470130ADD023689B0713D4E068039B41
:1010F0009842B8BF1846A6E7012332464946404603
:10110000D04701309DD00135E36803995B1AAB42AB
:10111000F2DCEBE7002504F11906F5E77C64010831
:101120008D640108002310B50446C0E90033C0E90E
:101130000433836081814366C2818361194608223A
:101140005C3000F091FA0D4B63620D4BA3620D4BC6
:10115000E3620D4B23630D4B24629C4206D003F1E6
:101160006802944202D0D0339C4205D104F1580069
:10117000BDE8104000F002BB10BD00BF0D14010817
:101180002F140108671401088B140108CCDF02201A
:10119000024A0349034800F069B800BF4C410020EF
:1011A000193001085C41002041680C4B994210B590
:1011B000044601D001F030FFA168094B994202D0EA
:1011C000204601F029FFE168064B994204D02046F1
:1011D000BDE8104001F020BF10BD00BFCCDF0220F1
:1011E00034E002209CE0022010B50B4B0B4C0C4A63
:1011F0001A60204600220421FFF794FF04F16800E2
:1012000001220921FFF78EFF04F1D0000222BDE880
:1012100010401221FFF786BF04E10220CCDF02203C
:1012200091110108014800F0AABA00BF0DE10220A7
:10123000014800F0A5BA00BF0DE1022010B5044638
:10124000FFF7F0FF236A1BB1BDE81040FFF7F0BFC6
:10125000044B2362044B1B68002BF5D1FFF7C4FF3E
:10126000F2E700BFA911010804E102202DE9F843CB
:101270000746884614460026D4E90195B9F10109CC
:1012800005D52468002CF7D13046BDE8F883AB893A
:10129000012B07D9B5F90E30013303D02946384662
:1012A000C04706436835E9E72DE9F047089C8A46C0
:1012B000904602FB03F9064618B1036A0BB9FFF723
:1012C000BDFF636EDD0705D4A389980502D4A06D28
:1012D00000F055FAA389190716D52369A3B1002593
:1012E0004D451FD0A7681AF80510013F002FA760D1
:1012F00004DAA3699F420FDB0A290DD023685A1C28
:10130000226019700135EBE72146304600F03CF9C8
:101310000028E4D0002505E02246304600F0F6F82B
:101320000130EFD1636EDA0705D4A3899B0502D49F
:10133000A06D00F025FAB5FBF8F0BDE8F0870000DD
:1013400007B5009313460A46014603480068FFF7B5
:10135000ABFF03B05DF804FB584100200CB430B57E
:10136000184B0C1E1D689DB008DA8B232B604FF0C4
:10137000FF301DB0BDE8304002B070474FF402733B
:10138000ADF814304FF000031B9314BF04F1FF338A
:101390002346049307934FF6FF7302900690ADF82F
:1013A0001630209A21AB02A92846019301F0B4FC23
:1013B000431CBCBF8B232B60002CDAD0029B002285
:1013C0001A70D6E7584100200EB410B59DB01FAB7F
:1013D000029006906FF000410A48079104910A4973
:1013E00053F8042B0591002402A9006801931B9473
:1013F00001F092FC029B1C701DB0BDE8104003B0D0
:10140000704700BF584100200802FFFF10B50C468E
:10141000B1F90E1000F064F90028ABBF636DA38929
:101420001B1823F48053ACBF6365A38110BD2DE965
:10143000F0411F468B89DB0505460C46164605D54F
:10144000B1F90E100223002200F038F9A389B4F993
:101450000E1023F48053A38132463B462846BDE854
:10146000F04100F04FB910B50C46B1F90E1000F084
:1014700025F9431CA38915BF606523F4805343F409
:101480008053A38118BFA38110BDB1F90E1000F0E5
:1014900005B930B51446002C9BB005461A4605DA4E
:1014A0008B2303604FF0FF301BB030BD4FF402734D
:1014B000ADF80C304FF00003199314BF04F1FF3363
:1014C0002346029305934FF6FF7300910491ADF804
:1014D0000E3069461E9B01F01FFC431CBCBF8B23D2
:1014E0002B60002CE0D0009B00221A70DCE700008B
:1014F00007B5009313460A46014603480068FFF704
:10150000C8FF03B05DF804FB58410020F8B50E4653
:101510001446054618B1036A0BB9FFF78FFEA3699D
:10152000A360A3891A0701D5236943B92146284638
:1015300000F02AF818B14FF0FF373846F8BD23689D
:101540002269981A6369F6B28342374605DC214660
:10155000284601F061FD0028EDD1A368013BA3609E
:1015600023685A1C22601E706269431C9A4204D090
:10157000A389DB07E1D50A2EDFD12146284601F0F9
:101580004BFD0028D9D0D6E738B5294B0546186859
:101590000C4618B1036A0BB9FFF750FEB4F90C30D2
:1015A000190722D4DA0607D409222A6043F040033F
:1015B000A3814FF0FF3033E0580712D5616B41B182
:1015C00004F14403994202D0284600F0CFFE0023E4
:1015D0006363A38923F02403A38100236360236949
:1015E0002360A38943F00803A38123694BB9A3892E
:1015F00003F42073B3F5007F03D02146284601F0A1
:1016000059FDB4F90C3013F001020AD00022A26097
:1016100062695242A261226942B913F08000C5D1C9
:1016200038BD990758BF6269A260F4E70020F7E768
:1016300058410020884210B501EB020402D98442CF
:10164000234607D8431EA14208D011F8012B03F806
:10165000012FF8E7024401468A4200D110BD13F879
:10166000014D02F8014DF7E702440346934200D1D1
:10167000704703F8011BF9E7C9B20346184613F88F
:10168000012B12B18A42F9D17047002918BF0020FE
:1016900070470000004870479842002038B5064D5A
:1016A0000023044608462B60F1F7C2FC431C02D11C
:1016B0002B6803B1236038BD08E1022038B5074D1F
:1016C00004460846114600222A601A46F1F7D7FC64
:1016D000431C02D12B6803B1236038BD08E102200E
:1016E00038B5074D04460846114600222A601A46BE
:1016F000F1F765FC431C02D12B6803B1236038BDB0
:1017000008E1022038B5074D04460846114600227C
:101710002A601A46F1F770FC431C02D12B6803B112
:10172000236038BD08E10220014B1868704700BFF4
:101730005841002070B50D4D0D4C641BA4100026BF
:10174000A64209D10B4D0C4C02F042FA641BA410C6
:101750000026A64205D170BD55F8043B98470136D6
:10176000EEE755F8043B98470136F2E7987F010809
:10177000987F0108987F01089C7F01087047704797
:1017800070470A44914200F1FF3300D1704710B511
:1017900011F8014B03F8014F9142F9D110BD2DE929
:1017A000F74F03690C69A34207467EDB013C01F158
:1017B0001408A30000F11405009305EB84030193C2
:1017C00058F8243055F8242001339A4208EB840954
:1017D000B2FBF3F62ED34FF0000AC446AE46D34612
:1017E0005CF8043B98B206FB00A0020C1B0C06FB45
:1017F0000323DEF8002080B292B2121A5A44DEF8B7
:1018000000004FEA134A9BB2C3EB224303EB1043A1
:1018100092B242EA0342E1454EF8042B4FEA234BD1
:10182000DED2009BEB582BB9019B043B9D421A462C
:101830002FD33C61384601F00BF9002825DB2946FF
:10184000002058F8042BD1F800C01FFA82FE1FFABE
:101850008CF3A3EB0E030344120CC2EB234202EB06
:101860001C429BB243EA0243C14541F8043B4FEAA4
:101870002240E6D255F8242005EB840322B9043B2C
:101880009D421A460BD33C610136304603B0BDE899
:10189000F08F1268043B002ACBD1013CC6E71268E6
:1018A000043B002AEFD1013CEAE70020EEE700000C
:1018B0002DE9F04F2DED028BC76991B08DED020B34
:1018C00055EC104B1C9E0791814609920D937FB9F0
:1018D000102000F095FD0246C9F81C0020B9A04B6D
:1018E000EF21A04801F054FCC0E901770760C76010
:1018F000D9F81C30196859B15A684A6001239340DD
:101900008B60484600F072FED9F81C3000221A6045
:101910002B1EBBBF23F00043039300230122ACBF67
:1019200033603260904B039EB34310D10D9A42F264
:101930000F731360C6F31303234300F0E6841D9B6B
:101940008A4F002B00F0E884FB1C00F0E3BC9DED07
:10195000028BB5EE408BF1EE10FA0AD10D9A0123FD
:1019600013601D9B13B11D9A814B1360814F00F0D2
:10197000D3BC0EAA0FA94846B0EE480B01F018F9E7
:10198000C6F30A530E9A0190002B45D0B0EE487B67
:1019900018EE901AC1F3130141F07F5141F4401148
:1019A000A3F2FF33002507EE901AB7EE086B9FED08
:1019B000665B37EE467B9FED666BA7EE056B9FED92
:1019C000665B07EE903AB8EEE74BB0EE467BA4EECE
:1019D000057BFDEEC76BB5EEC07BF1EE10FA16EE9F
:1019E000908A08D5B8EEE66BB4EE476BF1EE10FACC
:1019F00018BF08F1FF38B8F1160F2BD85E4901EB7C
:101A0000C80191ED007BB4EEC78BF1EE10FA01D561
:101A100008F1FF3800211EE00F9B134403F232410E
:101A20002029C1BFC1F140018E4003F2124124FAC6
:101A300001F1D6BFC1F12001314304FA01F107EEF3
:101A4000901AB8EE677B013B17EE901A0125A1F1C1
:101A5000F871A8E70121D21A531E069345BFC2F1BF
:101A600001030493002300234CBF06930493B8F1B1
:101A7000000F0C9118DB069BCDF828804344069399
:101A80000023079A092A45D8052AC4BF043A0792B9
:101A9000079AA2F10202CCBF00240124032A44D8F1
:101AA000DFE802F03436170B049B0022A3EB080397
:101AB00004930A92C8F10003E3E701220892099A0D
:101AC00008EB020B0BF1010A5246012AB8BF0122B2
:101AD00006E001220892099A002A29DD93469246DF
:101AE000D9F81C700021042000F11406964226D972
:101AF00079604846059300F039FD059B07460028AC
:101B00003ED11E4B024640F2AF11EAE60022E1E769
:101B10000022D3E701240022CDE907244FF0FF3B48
:101B20000021DA4612220991DAE701220892F5E74C
:101B30004FF0010BDA465A46CDF824B0D0E7013118
:101B40004000D1E7AFF3008061436F63A787D23FC6
:101B5000B3C8608B288AC63FFB799F501344D33F9C
:101B6000AB640108C26401080000F07FA7640108AB
:101B70007B6401087A640108106601081A6501088F
:101B8000D9F81C20BAF10E0F10606ED8002C6CD062
:101B9000B8F1000F40F3B480C84A08F00F0102EB1F
:101BA000C10218F4807F92ED007B4FEA281100F00B
:101BB0009B80C34A92ED086B88EE066B8DED026B3D
:101BC00001F00F010322BE48002940F08F809DEDF7
:101BD000026B86EE077B8DED027B0C999DED027BFF
:101BE000002900F0B380B7EE006BB4EEC67BF1EED7
:101BF00010FA40F1AB80BAF1000F00F0A780BBF102
:101C0000000F30DDB2EE046B27EE067B8DED027B1C
:101C100008F1FF31059101325C469DED026BB1EE9A
:101C20000C5B07EE902AB8EEE77BA7EE065B15EE9D
:101C3000902A51EC150BA2F15071002C40F08A80D3
:101C4000B1EE047B36EE476B41EC170BB4EEC76B7D
:101C5000F1EE10FA00F36A82B1EE477BB4EEC76B87
:101C6000F1EE10FA23D48DED028B0F9A002AC0F208
:101C70002981B8F10E0F00F32581904B03EBC803C7
:101C800093ED006B099B002B80F2C880BAF1000F26
:101C900000F3C4800BD1B1EE047B26EE076B9DED03
:101CA000027BB4EEC76BF1EE10FAC0F23C82002466
:101CB0002546099BDB4305933E464FF0000821462D
:101CC000484600F093FC002D00F0A280B8F1000F10
:101CD00005D0A84503D04146484600F087FC294678
:101CE000484600F083FC93E002226CE7CC0704D561
:101CF00090ED006B013227EE067B4910083063E758
:101D000022D0C8F100016D4A01F00F0002EBC002C1
:101D100092ED007B28EE077B8DED027B6848091170
:101D20000024022229B9002C3FF457AF8DED027B2D
:101D300053E7CE0705D590ED006B0132012427EE65
:101D4000067B49100830EDE7022246E7CDF8148003
:101D5000544662E7594A02EBC40212ED024B089A5C
:101D600041EC170B3C444AB3B6EE003BB7EE002BF8
:101D70003E4683EE045BB2EE043B35EE477BFDEE60
:101D8000C64B14EE902AB8EEE45B303236EE456B6B
:101D9000B4EEC76BF1EE10FA06F8012B38D432EE30
:101DA000465BB4EEC75BF1EE10FA6ED4A6423FF488
:101DB0005AAF27EE037B26EE036BE0E721463E4653
:101DC00027EE047BB2EE043BFDEEC64B14EE902AE8
:101DD000303206F8012BA642B8EEE45B36EE456BD6
:101DE00019D1B6EE005B37EE054BB4EEC46BF1EEE5
:101DF00010FA4ADC35EE475BB4EEC56BF1EE10FA33
:101E00007FF531AF0E46013916F8013C302BF9D081
:101E1000DDF8148027E026EE036BD5E79DED027B0D
:101E2000B2EE044B3E4687EE065BBDEEC55B15EE9B
:101E3000103A303306F8013BF31B9A45B8EEC53B28
:101E4000A3EE467B32D137EE077BB4EEC67BF1EED4
:101E500010FA18DCB4EE467BF1EE10FA03D115EE61
:101E6000103ADB070FD40199484600F0BFFB00236E
:101E70000D9A337008F1010313601D9B002B00F0D5
:101E80004B821E6048E2CDF8148033461E4613F89C
:101E9000012D392A06D19F42F8D1059A01320592C7
:101EA00030223A701A7801321A70B1E727EE047BBB
:101EB000B5EE407BF1EE10FAB5D1D4E7106601081B
:101EC000E86501080899002900F0E98007990129CF
:101ED00000F3CB80002D00F0C48002F23342049E58
:101EE0001C460593049B13440493069B0121134451
:101EF0004846069300F02EFC059B054666B1069AFF
:101F0000002A09DDB2420499A8BF3246891A049119
:101F10000699B61A8A1A06920BB3089A002A00F09C
:101F2000C580002C00F0BF802946224648460B930E
:101F300000F0C8FC019A01460546484600F020FC26
:101F400001990590484600F051FB0B9B1B1B00F0CC
:101F5000B08005991A46484600F0B4FC0190012172
:101F6000484600F0F7FB0A9B0446002B00F0DA819C
:101F70001A460146484600F0A5FC079B012B044683
:101F800000F3A080029B002B40F09680039BC3F3DC
:101F90001302002A40F0928023F00042120D120535
:101FA000002A00F08D80049B01330493069B0133CB
:101FB000069301230B930A9B002B00F0B981226941
:101FC00004EB8202106900F079FBC0F12000069B4F
:101FD000184410F01F0000F08180C0F12002042A94
:101FE00073DD049BC0F11C0003440493069B06446C
:101FF00003440693049B002B05DD01991A464846CD
:1020000000F0BAFC0190069B002B05DD21461A4624
:10201000484600F0B1FC04460C9B002B60D00198B0
:10202000214600F015FD00285ADA08F1FF33059328
:10203000019900230A22484600F0FAFA089B019011
:10204000002B00F07781294600230A22484600F041
:10205000EFFABBF1000F05466EDC079B022B48DC54
:102060006AE00E9AC2F1360239E70AF1FF34A34260
:1020700007DBBAF1000FA3EB04040BDB049E52460E
:102080002FE7E21A0A9B049E13440A935246234602
:10209000002426E7049AA2EB0A06002221E7049E08
:1020A000089D1C462AE7019A059252E701991A46B3
:1020B00051E7059B019352E700237BE7029B79E7F9
:1020C0000B9278E700230B9379E793D0049B1C32A3
:1020D00013440493069B164413448AE70246F5E72B
:1020E000BAF1000FCDF81480D34621DC079B022BF8
:1020F0001EDDBBF1000F7FF4DCAD21465B460522FF
:10210000484600F095FA01460446019800F0A0FC0C
:1021100000287FF7CEAD3E46312306F8013B059BF4
:1021200001330593C9E5CDF8148054462546F2E7FE
:10213000089B002B00F00281002E05DD2946324667
:10214000484600F019FC05460B9B002B58D06968E7
:10215000484600F00BFA064628B9824B024640F288
:10216000EF21FFF7BEBB2A690232920005F10C0194
:102170000C30FFF706FB01223146484600F0FCFB1D
:102180007B1C049307EB0B030993029B03F00103F1
:10219000A84608930546049B0198214603F1FF3B9E
:1021A000FFF7FDFA4146029000F1300A019800F075
:1021B0004FFC2A4606902146484600F065FCC2685E
:1021C0000646FAB90146019800F042FC0246314643
:1021D00048460A9200F00AFA079B0A9A049E42EACD
:1021E0000301089B19430FD1BAF1390F28D0069B80
:1021F000002B02DD029B03F1310A8BF800A05EE5A3
:102200002846BDE70122E2E7069B002B04DB079985
:102210000B4308990B4320D1002AEEDD01990122DE
:10222000484600F0A9FB2146019000F011FC00286F
:1022300003DCE2D11AF0010FDFD0BAF1390FD9D1A6
:1022400039238BF8003033461E46013B16F8012C2B
:10225000392A52D001321A7031E5002A07DDBAF16D
:10226000390FEDD00AF101038BF8003027E5049B0C
:10227000099A03F801AC934229D0019900230A225C
:10228000484600F0D5F9A84501904FF000034FF003
:102290000A024146484607D100F0CAF98046054681
:1022A000049B0133049376E700F0C2F92946804687
:1022B00000230A22484600F0BBF90546F0E7BBF1CF
:1022C000000FCCBF5E4601263E444FF00008019946
:1022D0000122484600F050FB2146019000F0B8FB77
:1022E0000028B0DC02D11AF0010FACD133461E46F3
:1022F00013F8012D302AFAD0E1E49F42A4D1059BC6
:102300000133059331233B70D9E41D9B164F1BB15C
:1023100007F108031D9A1360384611B0BDEC028B1B
:10232000BDE8F08F079B012B7FF72CAE0A9B0B9328
:1023300001204CE6BBF1000F7FF7D8AE3E46019876
:102340002146FFF72CFA00F1300A06F801ABF21B28
:102350009345B4DD019900230A22484600F068F94C
:102360000190ECE71A6501089E64010838B505463E
:10237000002941D051F8043C0C1F002BB8BFE418D1
:1023800000F0E8F81D4A136833B96360146028460A
:10239000BDE8384000F0E4B8A34208D9206821180D
:1023A0008B4201BF19685B6809182160EDE71A4686
:1023B0005B680BB1A342FAD911685018A0420BD147
:1023C00020680144501883421160E0D118685B68AE
:1023D000536008441060DAE702D90C232B60D6E77B
:1023E000206821188B4204BF19685B68636004BFD2
:1023F000091821605460CAE738BD00BF14E102200B
:10240000024B0146186800F025B800BF5841002073
:1024100070B50F4E0C463168054611B900F0A8FEA4
:1024200030602146284600F0A3FE431C03D14FF044
:10243000FF34204670BDC41C24F00304A042F8D031
:10244000211A284600F094FE0130F2D1EFE700BFD8
:1024500010E102202DE9F843CD1C25F003050835D5
:102460000C2D38BF0C25002D064601DBA94204D9EE
:102470000C2333600020BDE8F883DFF8D48000F03F
:1024800069F8D8F800301C4644BB29463046FFF7AF
:10249000BFFF431C044658D1D8F800402746002F00
:1024A00043D1002C4BD023683946304604EB030956
:1024B00000F05EFE814542D121686D1A2946304602
:1024C000FFF7A6FF01303AD023682B442360D8F8E9
:1024D00000305A6862BBC8F800700FE02268521BD7
:1024E00020D40B2A17D96119A342256018BF59605F
:1024F000636808BFC8F8001062514B60304600F0B6
:102500002FF804F10B00231D20F00700C21A1CBF96
:102510001B1AA350AFE76268A3420CBFC8F80020A3
:102520005A60EBE723466468AEE73C467F68B6E74F
:102530001A465B68A342FBD100235360DEE70C23FD
:102540003360304600F00CF894E70560D6E700BF32
:1025500014E102200148FFF712B900BF0CE102208C
:102560000148FFF70DB900BF0CE1022070B5C66944
:1025700004460D4676B91020FFF742FF0246E0619F
:1025800020B9184B18486B2100F002FEC0E9016623
:102590000660C660E669F36883B1E369DB6853F8F7
:1025A0002500B8B9012101FA05F6721D92002046F6
:1025B00000F00CFE60B1C0E901560EE021220421BA
:1025C000204600F003FEE369F060DB68002BE4D1F5
:1025D000002070BD026843F825200023C0E90333C2
:1025E000F7E700BFAB6401082B65010870B5C66949
:1025F00005460C4676B91020FFF702FF0246E86157
:1026000020B9094B09488F2100F0C2FDC0E90166DD
:102610000660C6603CB1EB696268DB6853F8221063
:10262000216043F8224070BDAB6401082B650108AE
:102630002DE9F0410D6907460C461E4601F1140CC8
:102640000020DCF8003099B202FB01611E0C0B0C7B
:1026500002FB063389B2013001EB034185424CF89D
:10266000041B4FEA1346ECDC0EB3A368AB4219DC43
:10267000616838460131FFF779FF804628B9024684
:102680000C4B0D48BA2100F083FD2269023204F19F
:102690000C0192000C30FFF774F821463846FFF722
:1026A000A5FF444604EB850301355E6125612046A4
:1026B000BDE8F0811A6501082B650108B0F5803F7F
:1026C000034636BF030400201020B3F1807F3CBFD7
:1026D0001B020830B3F1805F3CBF1B010430B3F133
:1026E000804F3CBF9B000230002B05DB13F0804F76
:1026F00000F1010008BF202070470368024613F074
:1027000007000BD0D90721D4980749BF5B089B0865
:10271000012013605CBF13600220704799B209B9B1
:102720001B0C1020D9B209B908301B0A190704BFC5
:102730001B090430990704BF9B080230D90703D452
:102740005B0800F1010003D0136070470020704760
:102750002020704710B50C460121FFF707FF024605
:1027600028B9054B054840F2451100F011FD012341
:102770004461036110BD00BF1A6501082B650108A3
:102780002DE9F04F17460A693B699A42A8BF3B46BC
:102790008946A4BF0F4699463D69D9F810A0BB6889
:1027A000796805EB0A06B34285B0B8BF0131FFF77F
:1027B000DDFE30B90246414B41484FF4B17100F0A3
:1027C000E7FC00F1140404EB860E23460022734557
:1027D00020D307F1140809F1140108EB850501EB7A
:1027E0008A030293EB1B153B23F0030304331537D5
:1027F000BD4238BF04230193029B03918B420CD846
:10280000002E03DD5EF8043D002B55D0066105B0B7
:10281000BDE8F08F43F8042BD9E7B1F800A0BAF176
:10282000000F1FD0C446A14600275CF8042BD9F83E
:1028300000301FFA82FB9BB20AFB0B333B44D9F8F2
:102840000070120C3F0C0AFB027202EB13429BB2A7
:1028500043EA0243654549F8043B4FEA1247E4D88E
:10286000019BE750039BB3F802900431B9F1000FCC
:1028700020D023684746A4464FF0000AB7F800B0BE
:10288000BCF8022009FB0B2252449BB243EA0243EC
:102890004CF8043B57F8043B4FEA134ABCF80030AD
:1028A00009FB0A3303EB1243BD424FEA134AE5D852
:1028B000019AA35004349FE7013EA1E71A6501087D
:1028C0002B6501082DE9F843154612F0030207466F
:1028D0000E4607D0254C013A002354F82220FFF77A
:1028E000A7FE0646AD103DD0FC697CB91020FFF76D
:1028F00087FD0246F86128B91D4B1E4840F2B3110E
:1029000000F046FCC0E901440460C460D7F81C80B4
:10291000D8F808404CB940F271213846FFF71AFF49
:102920000023C8F80800044603604FF00009EB07D5
:102930000AD5314622463846FFF722FF3146804607
:102940003846FFF753FE46466D100BD0206838B965
:10295000224621463846FFF713FF2060C0F800905A
:102960000446E4E73046BDE8F88300BFDC650108B3
:10297000AB6401082B6501082DE9F0470C46496856
:10298000236903EB6218A368074691464FEA621A6F
:1029900008F10106B3420BDB3846FFF7E7FD0546B9
:1029A00048B90246284B29484FF4EF7100F0F0FB7C
:1029B00001315B00EEE7002300F1140100F1100289
:1029C0001846534533DB20692AEAEA7A04F11403F6
:1029D00019F01F0901EB8A0103EB800C2BD0C9F120
:1029E000200E8A460022186800FA09F010434AF8BF
:1029F000040B53F8042B9C4522FA0EF2F3D8ACEBEF
:102A00000403153B23F00303043304F11500604570
:102A100088BF0423CA500AB108F10206013E3846B5
:102A20002E612146FFF7E2FD2846BDE8F08742F817
:102A3000040F0133C5E7043953F8042B41F8042F80
:102A40009C45F9D8EAE700BF1A6501082B65010823
:102A50000A6903460069801A30B50ED11433143167
:102A600003EB820401EB820154F8045D51F8042D5C
:102A7000954203D005D24FF0FF3030BDA342F3D3CF
:102A8000FBE70120F9E700002DE9F74F89460646EC
:102A9000114648461446FFF7DBFF051E12D12946B2
:102AA0003046FFF763FD024628B93F4B40F237211D
:102AB0003E4800F06DFB0123C0E90435104603B029
:102AC000BDE8F08FBCBF4B46A1463046D9F8041094
:102AD000BABF1C4601250025FFF748FD024618B97C
:102AE000314B40F24521E3E7D9F810702669C56003
:102AF00009F1100309F1140504F1140E00F1140B8F
:102B000005EB87080EEB86060193D9464FF0000CC3
:102B1000019B5EF8040B53F804AF01931FFA8AF38C
:102B2000194683B2CB1A000C6344C0EB1A4000EB89
:102B300023409BB243EA0043764549F8043B4FEA01
:102B4000204CE5D8331B153B23F003031534043325
:102B5000A64238BF04231D445B441E462C46444510
:102B60000ED308F10301491B21F00301033DA845E1
:102B700038BF00210B4453F8041D91B117619DE744
:102B800054F8041BE646080C1CFA81FC714400EB67
:102B90002C4089B241EA004146F8041B4FEA204C20
:102BA000DDE7013FE7E700BF1A6501082B65010873
:102BB0002DE9F7430F46012159EC108B1646FFF71C
:102BC000D5FC044630B90246234B244840F20F316D
:102BD00000F0DEFAC9F30A55C9F313030DB143F44B
:102BE00080130193B8F1000323D068460093FFF7E8
:102BF00084FDDDE90012D0B1C0F1200302FA03F335
:102C00000B43C24063610192019BA361002B0CBF87
:102C1000012202222261A5B1A5F2334505443D609F
:102C2000C0F135003060204603B0BDE8F08361613B
:102C3000EAE701A8FFF761FD019B636120300122F3
:102C4000E8E704EB8203A0F2324038601869FFF72E
:102C500035FDC0EB4210E5E71A6501082B65010858
:102C60002DE9F0478E681F46BE420B6882460C462F
:102C700090462DD8B1F90C2012F4906F26D06569DA
:102C8000096905EB4505A3EB010905EBD5757B1C2F
:102C90004B446D109D4238BF1D46530527D529462C
:102CA000FFF7D8FB064660B321694A46FEF769FD87
:102CB000A38923F4906343F08003A38126616561B7
:102CC0004E44A5EB09052660A5603E46BE4200D9EC
:102CD0003E46206832464146FEF7ACFCA3689B1B8B
:102CE000A3602368334423600020BDE8F0872A46B0
:102CF00000F092FA06460028E0D121695046FFF71D
:102D000035FB0C23CAF80030A38943F04003A381AC
:102D10004FF0FF30E9E700002DE9F04F98468B892E
:102D20001B069DB007460D46144610D50B6973B9B6
:102D30004021FFF78FFB2860286130B90C233B60EE
:102D40004FF0FF301DB0BDE8F08F40236B610023D2
:102D5000099320238DF82930CDF80C803023DFF83B
:102D60009C818DF82A304FF0010923469A4613F8CA
:102D7000012B0AB1252AF9D1BAEB040B0BD05B4623
:102D8000224629463846FFF76BFF013000F0A78046
:102D9000099A5A4409929AF80030002B00F09F805B
:102DA00000234FF0FF32CDE905230AF1010A049315
:102DB00007938DF853301A935446052214F8011BDB
:102DC0004E48EDF74DFA049AD8B9D00644BF2023F7
:102DD0008DF85330110744BF2B238DF853309AF8E8
:102DE00000302A2B15D0079A544600204FF00A0CC9
:102DF000214611F8013B303B092B4BD9B0B107926A
:102E000014E0A0EB080309FA03F313430493A2466A
:102E1000D2E7039B191D1B680391002BBBBF5B42CC
:102E200042F0020207930793B8BF049223782E2B37
:102E30000AD163782A2B32D1039B1A1D1B68039297
:102E400043EAE37302340593DFF8C0A0217803223C
:102E50005046EDF705FA38B1049BA0EB0A0040227A
:102E6000824013430134049314F8011B24488DF865
:102E700028100622EDF7F4F9002836D0214B1BBBB1
:102E8000039B073323F0070308330393099B334461
:102E900009936AE70CFB02320C460120A8E70023E5
:102EA0000134059319464FF00A0C204610F8012B07
:102EB000303A092A03D9002BC6D00591C4E70CFB90
:102EC000012104460123F0E703AB00932A460E4B91
:102ED00004A93846FDF780FD421C0646D6D1AB89D1
:102EE0005B063FF52DAF09982CE703AB00932A460C
:102EF000054B04A93846FDF7F7FFEDE784650108A7
:102F00008E650108D9090108612C01088A6501084C
:102F1000B1F90C202DE9F041160705460C4654D4B2
:102F20004B68002B02DC0B6C002B48DDE66A002EA0
:102F300045D0002312F480522F68216A2B6030D0D4
:102F4000626DA389590705D56368D21A636B0BB10B
:102F5000236CD21A0023E66A216A2846B047431C34
:102F6000A38906D129681D292BD82A4ACA40D60729
:102F700027D500226260D9042269226004D5421C50
:102F800001D12B6803B96065616B2F60B9B104F1A1
:102F90004403994202D02846FFF7E8F9002363630F
:102FA0000DE001232846B0470246501CC9D12B68CA
:102FB000002BC6D01D2B01D0162B1ED12F60002058
:102FC00022E043F040031BB21BE00F69002FF6D054
:102FD00093070E6808BF4B690F6018BF0023A6EB6C
:102FE00007088B60B8F1000FE9DD216AA66A434645
:102FF0003A462846B047002808DCB4F90C3043F0C4
:103000004003A3814FF0FF30BDE8F0810744A8EBF7
:103010000008E7E70100402038B50B6905460C467B
:1030200013B90025284638BD18B1036A0BB9FEF75D
:1030300005F9B4F90C30002BF3D0626ED00704D43C
:10304000990502D4A06DFEF79AFB28462146FFF7AA
:103050005FFF636EDA070546E4D4A3899B05E1D4DC
:10306000A06DFEF78DFBDDE770B50C46B1F90E10D3
:10307000002996B015461E460DDAA38913F0800F7D
:103080004FF0000114BF40234FF4806300203160F3
:103090002B6016B070BD6A4600F048F80028ECDBE3
:1030A000019901F47041A1F50053594259414FF47F
:1030B0008063EBE78B89F7B59D0706460C4607D57D
:1030C00004F14703236023610123636103B0F0BD72
:1030D00001AB6A46FFF7C8FF009F054639463046F8
:1030E000FFF7B8F948B9B4F90C309A05EED423F0DB
:1030F000030343F00203A381E2E7A389206043F0C6
:103100008003A381019BC4E904075BB1B4F90E10ED
:10311000304600F01DF828B1A38923F0030343F0E3
:103120000103A381A3891D43A581CFE738B5074DCE
:1031300000230446084611462B60EFF785FF431C29
:1031400002D12B6803B1236038BD00BF08E1022023
:1031500038B5064D0023044608462B60EFF784FF80
:10316000431C02D12B6803B1236038BD08E1022063
:1031700038B5064D0023044608462B60EFF78CFF58
:10318000431C02D12B6803B1236038BD08E1022043
:103190001FB514461A46094B1B680546D8684CB142
:1031A000074B0091CDE9013406492B4600F070F839
:1031B00000F080F8044B1C46F3E700BF58410020A4
:1031C0009F650108AC650108DA65010870B5A1FBCF
:1031D000025434B92946FFF73DF9064628B930466E
:1031E00070BD0C2202600026F9E72A462146FEF750
:1031F0003BFAF4E782B001B901A942B14BB11378AF
:103200000B601278101E18BF012002B070471046E4
:10321000FBE76FF00100F8E72DE9F041074614469F
:103220000D4621B9BDE8F0411146FFF713B92AB99F
:10323000FFF79CF825462846BDE8F08100F041F8EC
:103240008442064602D8B4EB500FF4D821463846E3
:10325000FFF700F9804608B94546ECE7B44222463C
:10326000294628BF3246FEF78CFA29463846FFF732
:103270007DF8F1E70346084641B1FF2A04D98A22C6
:103280001A604FF0FF3070470A700120704700004D
:103290000EB403B5014603AB054853F8042B006890
:1032A000019300F03FF802B05DF804EB03B0704703
:1032B0005841002008B5062000F074F90120EFF70E
:1032C00073FE51F8043C181F002BBCBF0B58C018EC
:1032D00070479368013B002B10B4936008DA94693F
:1032E000A34201DB0A2903D15DF8044BFEF70EB9B6
:1032F0001368581C1060197008465DF8044B70473D
:10330000F8B506460F461446D518AC4201D1002048
:1033100007E014F8011B3A463046FFF7DAFF431C7A
:10332000F3D1F8BD2DE9F04F0D469DB014469846F7
:10333000064618B1036A0BB9FDF780FF6B6ED9071B
:1033400005D4AB899A0502D4A86DFEF718FAAB89AB
:103350001B0701D52B699BB929463046FEF714F9A6
:1033600070B16B6EDC0704D54FF0FF301DB0BDE8C7
:10337000F08FAB899805F7D4A86DFEF701FAF3E753
:103380000023099320238DF82930CDF80C803023B9
:10339000DFF8AC818DF82A304FF0010923469A46B8
:1033A00013F8012B0AB1252AF9D1BAEB040B0BD083
:1033B0005B46224629463046FFF7A2FF013000F067
:1033C000A780099A5A4409929AF80030002B00F01D
:1033D0009F8000234FF0FF32CDE905230AF1010A57
:1033E000049307938DF853301A935446052214F82A
:1033F000011B5348ECF734FF049AD8B9D10644BFF7
:1034000020238DF85330130744BF2B238DF85330FE
:103410009AF800302A2B15D0079A544600204FF016
:103420000A0C214611F8013B303B092B4BD9B0B1B6
:10343000079214E0A0EB080309FA03F31343049383
:10344000A246D2E7039B191D1B680391002BBBBF4B
:103450005B4242F0020207930793B8BF04922378BD
:103460002E2B0AD163782A2B32D1039B1A1D1B689D
:10347000039243EAE37302340593DFF8D4A0217882
:1034800003225046ECF7ECFE38B1049BA0EB0A0097
:103490004022824013430134049314F8011B29484D
:1034A0008DF828100622ECF7DBFE00283FD0264BD3
:1034B0001BBB039B073323F0070308330393099BCC
:1034C0003B4409936AE70CFB02320C460120A8E753
:1034D00000230134059319464FF00A0C204610F8DA
:1034E000012B303A092A03D9002BC6D00591C4E735
:1034F0000CFB012104460123F0E703AB00932A46AD
:10350000124B04A93046FDF767FA0746781CD6D15E
:103510006B6ED90705D4AB899A0502D4A86DFEF766
:103520002FF9AB895B063FF51FAF09981EE703AB88
:1035300000932A46054B04A93046FDF7D5FCE4E785
:10354000846501088E650108D90901080133010865
:103550008A6501081F2938B505460C4604D916238B
:1035600003604FF0FF3038BDC26B12B152F821300A
:103570004BB9284600F030F8224601462846BDE8FF
:10358000384000F017B8012B0AD0591C03D116237C
:1035900003600120E7E7002142F824102046984705
:1035A0000020E0E7024B01461868FFF7D3BF00BFD9
:1035B0005841002038B5074D0023044608461146FF
:1035C0002B60EFF7E1FC431C02D12B6803B12360B1
:1035D00038BD00BF08E10220EFF7CEBCC1F30A52AC
:1035E00040F2FE339A4270B52ADD40F233439A42EC
:1035F00024DC9B1AA3F120064FF0FF3202FA03F4F9
:1036000002FA06F6C3F1200522FA05F534432C43ED
:103610009A4020EA020221EA04042243A3F1200492
:10362000C3F120020CD1D84001FA02F31843E14063
:10363000084300F00100D0F1020070BD0220FCE759
:103640000020FAE7000000002DE9F04F10EE904A4C
:103650002DED0A8B4FEA145811EE90AA08F1FF32B3
:1036600040F2FD739A4210EE105A11EE100A87B024
:10367000C4464FEA1A5606D8C6F30A03A3F2BE336D
:103680007F2B40F2578102184AEB0A016FF0010BC1
:10369000571E41F1FF336FF4001EBB457EEB030361
:1036A00042D252EA01034FF000030CD16D1984F4A9
:1036B00000246441AB42A3F58013A341C0F08F8086
:1036C000B7EE000B2BE0D44EB44208BF9D4209D1A7
:1036D00000188AF4002A4AEB0A0A8342CF4B73EBA4
:1036E0000A03EBE76D19CE486441AB4270EB040668
:1036F00075D3814208BF9A4271D1CA4A944208BF29
:103700009D42DDD094426FEA0A0A34BF00240124AE
:103710004FEADA7A544540F0DC8121EE010B07B024
:10372000BDEC0A8BBDE8F08F6F1944EB04097A1EDB
:1037300069F1000393457EEB030325D220EE000BD5
:10374000002C13DA5146FFF749FF01280ED1B1EEE4
:10375000400B57EA09090BD1BAF1000FDFDA07B0C5
:10376000BDEC0A8BBDE8F04F00F0EEB90020F0E7A9
:10377000BAF1000FD3DAB7EE006B86EE007B8DED69
:10378000007B9DED000BCAE7002C2BDA5146FFF7BA
:1037900025FF30B907B0BDEC0A8BBDE8F04F00F053
:1037A000EBB9411E48424841800424F00044C8F36C
:1037B0000A0CC6F30A02A2F2BE337F2B2DD9964B18
:1037C00000209C4208BF85423FF47AAF40F2BD31F1
:1037D0008A420CD8B7EE000BA842A34104D231EEC6
:1037E000000B9CE70020E4E730EE410B97E7012D4A
:1037F00074EB030340F2FF7234BF012300239642AF
:103800008CBF00260126B34200F09C8007B0BDECBF
:103810000A8BBDE8F04F00F08FB9BCF1000F0AD160
:103820009FED797B20EE077B53EC172B23F00044B0
:103830001546A4F150747C4ABFEE006B2244131568
:1038400003EE103A794BC2F346316FF3130203EBE8
:103850004116A71A03EB411292ED125B96ED187B0D
:103860002E1E47EC146B92ED162BA4EE056B93ED18
:10387000005BB8EEC33BA3EE052B93ED025B36EE87
:10388000024B32EE442BA3EE057B93ED045B32EE4C
:10389000062B37EE027B26EE055B26EE050B34EE9B
:1038A000008BB0EE409B34EE484B96EE059B34EE19
:1038B00000AB93ED065B26EE00BB37EE097B93ED84
:1038C000084B37EE0A7B93ED0C3BA6EE045B93EDC1
:1038D0000A4B93ED10CBA6EE034B93ED0E3BA6EEF9
:1038E0000C3BA0EE034BA0EE045BABEE057B38EE89
:1038F000074B21EE046B16EE903AB0EE465BC3F335
:103900000A566FF47272B2183E2A91EE045B38EEDA
:10391000448B38EE078BA1EE085B1BD9002A0BDA2B
:10392000B7EE000B36EE000B00283FF4F8AEB1EE18
:10393000400BF4E600207EE7B6F5816F09D9002B35
:10394000BFF664AF07B0BDEC0A8BBDE8F04F00F0E6
:10395000EBB80026364991ED024B91ED003BB0EEFD
:10396000447BA6EE037B17EE105A37EE447B91EDB5
:10397000044B05F07F03A7EE046B91ED064BDC18BA
:1039800004F10F0301EBC404A7EE046B91ED0A3BB5
:1039900035EE065B25EE056B94ED1C7B91ED084B37
:1039A00035EE077B01EBC302A5EE034B91ED0E3B19
:1039B000A6EE047B26EE066B91ED0C4B51F833C05E
:1039C000D2F804E0A5EE034B4019002717EB0C02D8
:1039D0000EEB4033A6EE047B002E75D1BD4229DBF1
:1039E00003F1404101F57001104641EC100BA7EEC8
:1039F000000B9FED077B20EE070B07B0BDEC0A8B99
:103A0000BDE8F04F00F0D0B80000000000003043E7
:103A1000000000000000007F0000F03F0000F0FF09
:103A20000000E0FF0000E07FAB6A19C0D866010823
:103A30002077010803F17F5101F50011104641EC98
:103A4000150BB7EE003B27EE056B35EE067BB0EEAF
:103A5000C74BB4EEC34BF1EE10FA9FED1F0B2AD506
:103A6000B5EEC07B35EE475BF1EE10FA35EE065B46
:103A7000BFEE004B58BFB0EE434B37EE043B34EE85
:103A8000436B36EE076B36EE056B36EE036B36EEA8
:103A9000447BB5EE407BF1EE10FA04D1324601F0E2
:103AA000004343EC172B8DED020B9DED026B26EED0
:103AB000006B8DED046B27EE000B07B0BDEC0A8B9D
:103AC000BDE8F04F00F067B843EC102BA7EE000BF9
:103AD00025E69FED030B22E6000000000000100029
:103AE000000000000000000010B52DED028BB0EECC
:103AF000408B0446FDF718FEB0EE480BBDEC028B80
:103B0000046010BD82B058B1B1EE407B8DED007BFA
:103B10009DED007B222020EE070B02B0FFF7E4BFF3
:103B2000B0EE407BF2E700009FED010BFFF7EABF2C
:103B300000000000000000109FED010BFFF7E2BF46
:103B4000000000000000007082B00028BFEE006B93
:103B5000B7EE007B07FE067B8DED007B9DED000B35
:103B60009FED037B222080EE070B02B0FFF7BCBF66
:103B70000000000000000000B0EE407BB4EE477B88
:103B8000F1EE10FA30EE406B86EE060B02D62120E5
:103B9000FFF7AABF7047B5EE400BF1EE10FA02D165
:103BA0002220FFF7A1BF70479FED076BB0EEC07BEF
:103BB000B4EE467BF1EE10FA02DD2220FFF794BF4F
:103BC000704700BFAFF30080FFFFFFFFFFFFEF7FF5
:103BD000F8B500BFF8BC08BC9E467047F8B500BFFA
:083BE000F8BC08BC9E467047CA
:103BE8004652414D20697320656D7074790D0A0045
:103BF8000000000042756666657220646174612089
:103C0800696E206865783A0D0A0000002530325840
:103C1800200000000D0A0000556C74697300000054
:103C280068656C70000000005072696E74206C69E1
:103C38007374206F6620616C6C20617661696C61B9
:103C4800626C6520434C4920636F6D6D616E6473CF
:103C5800205B4669726D776172653A20315D0000BC
:103C6800636C7300436C6561722074686520636FD0
:103C78006E736F6C65206F757470757420736372E2
:103C880065656E0072657365740000005065726644
:103C98006F726D204D435520736F6674776172653E
:103CA80020726573657400004E5443006E74635F40
:103CB8006765745F74656D7000000000526561642B
:103CC8002074656D70657261747572652076616CBB
:103CD80075652066726F6D204E54432073656E7350
:103CE8006F72205B63683A20302D372C20613D616C
:103CF8006C6C5D00505752007077725F35765F7359
:103D0800657400005475726E204F4E2F4F46462042
:103D1800355620706F77657220737570706C7920D6
:103D28005B303A4F4646202F20313A4F4E5D000017
:103D38007077725F35765F676574000052656164FD
:103D48002063757272656E74207374617465206F78
:103D58006620355620706F77657220737570706CA9
:103D680079000000544543007465635F696E6974A7
:103D780000000000496E697469616C697A652054B5
:103D880045432064726976657220666F722073708D
:103D980065636966696564206368616E6E656C2039
:103DA8005B302D332C20613D616C6C5D00000000A0
:103DB8007465635F70726F66696C655F766F6C744B
:103DC8005F736574000000005365742070726F663D
:103DD800696C6520766F6C7461676520666F722008
:103DE800544543206368616E6E656C3A2074656360
:103DF8005F766F6C74205B3530307E323530306DD5
:103E0800565D00007465635F70726F66696C655F0C
:103E1800766F6C745F6765740000000047657420F6
:103E280063757272656E742070726F66696C652056
:103E3800766F6C74616765206F6620544543205B1C
:103E4800302D332C20613D616C6C5D007465635FBF
:103E580070726F66696C655F736574007265676917
:103E6800737465722054656320666F722070726F78
:103E780066696C653A20302F3120302F3120302F81
:103E88003120302F31205D007465635F70726F667A
:103E9800696C655F67657400676574207468652080
:103EA8007465632070726F66696C65205D00000040
:103EB8007465635F6D616E5F766F6C745F73657454
:103EC8000000000053657420544543206F757470DA
:103ED8007574203A207465635F69647820432F48BD
:103EE80020766F6C74616765000000007465635F1D
:103EF8006D616E5F6F75747075745F7365740000C3
:103F080053657420544543206F7574707574203A56
:103F1800207465635F69647820454E2F44495300D7
:103F28007465635F6F76725F7365740053657420A0
:103F38005445435F6F76657272696465206F757466
:103F4800707574207769746820666F726D61743A51
:103F5800207465635F6F76725F736574205B696E4A
:103F680074657276616C5F6D535D205B69645D207A
:103F78005B766F6C745F6D565D0000007465635FFF
:103F88006F76725F737461727400000053657420F9
:103F98005445435F6F7665727269646520656E612A
:103FA800626C65007465635F6F76725F73746F70BF
:103FB80000000000536574205445435F6F766572B6
:103FC800726964652064697361626C650000000051
:103FD8007465635F6F76725F676574004765742008
:103FE8005445435F6F7665727269646520737461C6
:103FF8007475730048656174657200006874725F57
:1040080070726F66696C655F647574795F736574E7
:104018000000000053657420647574792063796327
:104028006C6520666F7220686561746572205B300C
:104038002D335D3A205B307E313030255D00000045
:104048006874725F70726F66696C655F64757479A5
:104058005F676574000000005265616420637572D3
:1040680072656E742064757479206379636C652059
:1040780073657474696E67206F662068656174651E
:1040880072205B302D332C20613D616C6C5D00002B
:104098006874725F70726F66696C655F73657400CF
:1040A80072656769737465722068656174657220EA
:1040B800666F722070726F66696C653A20302F31B6
:1040C80020302F3120302F3120302F31205D00005B
:1040D8006874725F70726F66696C655F676574009B
:1040E80067657420746865206865617465722070FE
:1040F800726F66696C65205D00000000526566009D
:104108007265665F74656D705F73657400000000AA
:10411800536574207265666572656E6365207465A3
:104128006D706572617475726520666F7220636F59
:104138006E74726F6C206C6F6769632028C2B0431D
:10414800290000007265665F74656D705F6765744D
:1041580000000000526561642063757272656E74B8
:10416800207265666572656E63652074656D70653D
:104178007261747572652073657474696E67000086
:104188007265665F6E74635F7365740053656C6512
:104198006374204E5443206368616E6E656C2075AD
:1041A80073656420666F722074656D7065726174E2
:1041B80075726520666565646261636B205B707209
:1041C800695F6964785D205B7365635F6964785DC6
:1041D800000000007265665F6E74635F6765740057
:1041E8004765742063757272656E746C79207365A7
:1041F8006C6563746564204E5443206368616E6E19
:10420800656C20666F7220636F6E74726F6C00004D
:104218007265665F74656D705F6C696D5F736574F8
:1042280000000000536574206D696E20616E642083
:104238006D61782074656D7020666F722061757489
:104248006F206D6F6465205B6D61785D205B6D69C3
:104258006E5D00007265665F74656D705F6C696D98
:104268005F67657400000000476574206D696E2003
:10427800616E64206D61782074656D7020666F7260
:10428800206175746F206D6F646500004175746FEF
:10429800000000006175746F5F636F6E74726F6CFD
:1042A8005F73746172740000737461727420617555
:1042B800746F20636F6E74726F6C206D6F6465002D
:1042C8006175746F5F636F6E74726F6C5F73746F18
:1042D8007000000073746F70206175746F20636FD5
:1042E8006E74726F6C206D6F646500007365745F27
:1042F8006175746F5F7265636F76657200000000A8
:10430800736574206175746F207265636F7665726A
:10431800205B302F315D00006765745F6175746FD5
:104328005F7265636F7665720000000067657420D0
:104338006175746F207265636F7665722000000086
:104348004C617365720000006C617365725F696E21
:10435800745F7365745F63757272656E74000000D4
:10436800666F726D61743A206C617365725F696E15
:10437800745F7365745F63757272656E74205B70C9
:10438800657263656E745D006C617365725F6578F4
:10439800745F7365745F63757272656E7400000094
:1043A800666F726D61743A206C617365725F6578CF
:1043B800745F7365745F63757272656E7420205BD9
:1043C80070657263656E745D000000006C617365F2
:1043D800725F6765745F63757272656E7400000062
:1043E800666F726D61743A206C617365725F6765A0
:1043F800745F63757272656E74205B302F315D0077
:104408006C617365725F696E745F737769746368F2
:104418005F6F6E00666F726D61743A206C617365D0
:10442800725F696E745F7377697463685F6F6E201B
:104438005B706F735D0000006C617365725F657817
:10444800745F7377697463685F6F6E00666F726D0F
:1044580061743A206C617365725F6578745F737715
:10446800697463685F6F6E205B706F735D00000036
:104478006C617365725F696E745F73776974636882
:104488005F6F666600000000666F726D61743A20A7
:104498006C617365725F696E745F73776974636862
:1044A8005F6F6666000000006C617365725F657817
:1044B800745F7377697463685F6F666600000000F5
:1044C800666F726D61743A206C617365725F6578AE
:1044D800745F7377697463685F6F666600000000D5
:1044E8004578706572696D656E7400006578705FF7
:1044F8007365745F70726F66696C6500666F726D64
:1045080061743A206578705F7365745F70726F6666
:10451800696C652073616D706C696E675F72617438
:104528006520706F73206C617365725F706572636C
:10453800656E74207072655F74696D65206578704A
:104548006572696D656E745F74696D6520706F73EF
:10455800745F74696D6500006578705F6765745F86
:1045680070726F66696C6500666F726D61743A206F
:104578006578705F6765745F70726F66696C6500F7
:104588006578705F73746172745F6D65617375725D
:10459800696E6700666F726D61743A206578705F46
:1045A80073746172745F6D6561737572696E6700AB
:1045B8006578705F72616D5F72656164000000000C
:1045C800666F726D61743A206578705F72616D5FB5
:1045D80072656164205B616464726573735D205BFE
:1045E8006E756D5F73616D706C655D205B6D6F647A
:1045F800655D00006578705F646174615F74726105
:104608006E73666572000000666F726D61743A20A1
:104618006578705F646174615F7472616E736665FA
:10462800720000005445535400000000636C65613B
:10463800725F6672616D0000726561645F667261C7
:104648006D00000074657374000000001B5B324A43
:1046580000000000636F6D6D616E64207265717596
:10466800697265206F6E6520617267756D656E741D
:104678000D0A00006E74635B25645D203D20455281
:10468800524F520D0A0000006E74635B25645D2072
:104698003D20256420430D0A0000000057726F6E0C
:1046A8006720617267756D656E74730D0A0000008E
:1046B80053797374656D20697320696E2061757410
:1046C8006F206D6F64652C206368616E6765207468
:1046D8006F206D616E75616C206D6F646520626519
:1046E800666F726520636F6E74726F6C6C696E674B
:1046F80020706F7765720D0A000000004F4B0D0A9D
:10470800000000004552524F520D0A0063616E20AE
:104718006E6F7420696E697420544543206D616E14
:1047280075616C6C7920696E204155544F206D6F0E
:1047380064652C20706C65617365206368616E67C1
:104748006520746F204D414E55414C206D6F646556
:104758000D0A00007465635B25645D20696E6974E9
:1047680065640D0A000000007465635B25645D20C4
:10477800696E6974206661696C65640D0A000000E1
:1047880072657175697265203120766F6C74616726
:10479800652076616C756520666F722034207465BB
:1047A80063730D0A000000007465635B25645D2077
:1047B800766F6C74616765206973206F7574206FFC
:1047C800662072616E676520283530306D562D334E
:1047D8003030306D56290D0A0000000070726F6687
:1047E800696C6520736574706F696E74206F6620DC
:1047F800544543203D202564206D560D0A000000D5
:104808007265717569726520342076616C756520F2
:10481800666F72203420746563732028302F312925
:104828000D0A0000617267756D656E74202564203D
:104838006E65656420746F20626520696E20726100
:104848006E676520302F31200D0A00007465635BA8
:1048580025645D2072656769737465726564206993
:104868006E206F7672206D6F64650D0A000000007F
:104878007465635B25645D2072656769737465722E
:1048880065640D0A000000007465635B25645D20A3
:10489800756E726567697374657265640D0A0000E8
:1048A8004E6F7420696E206D616E75616C206D6F3E
:1048B80064652C2063616E206E6F74207365740DBF
:1048C8000A000000666F726D61743A20636F6D6D47
:1048D800616E64207465635F6964207465635F64F6
:1048E800697220766F6C745F6D560D0A00000000C7
:1048F800617267313A20746563206964206F75744A
:10490800206F662072616E67652028302D33290D6F
:104918000A000000617267323A2064697220697384
:1049280020434F4F4C5B305D206F72204845415407
:104938005B315D0D0A000000617267333A20766FC3
:104948006C74616765206973206F7574206F6620C9
:1049580072616E67652028302D333030306D5629EE
:104968000D0A0000666F726D61743A20636F6D6D99
:10497800616E64207465635F696420302F310D0AAD
:1049880000000000666F726D61743A207465635FA1
:104998006F76725F736574205B696E746572766199
:1049A8006C5F6D535D205B69645D205B766F6C7432
:1049B8005F6D565D0D0A00005468652074696D6569
:1049C80020696E74657276616C2069732067726500
:1049D80061746572207468616E2031206D696E752E
:1049E80074650D0A00000000746563206F767220FC
:1049F8006D6F6465206973206F66660D0A0000009C
:104A08007465635B25645D2072656769737465729C
:104A1800656420696E206175746F206D6F64650D23
:104A28000A0000007465635B25645D207265676930
:104A380073746572656420696E206F7672206D6F7D
:104A4800646520776974682025646D560D0A000036
:104A58007265717569726520312064757479207684
:104A6800616C756520666F722034206865617465B5
:104A7800720D0A00726571756972652064757479C2
:104A880020696E2072616E6765206F6620302D3157
:104A980030300D0A0000000068656174657220708E
:104AA800726F66696C652064757479203D20256491
:104AB8000D0A00007265717569726520342076618F
:104AC8006C756520666F7220342068656174657244
:104AD8002028302F31290D0A000000006865617414
:104AE80065725B25645D20726567697374657265BC
:104AF800640D0A006865617465725B25645D2075E4
:104B08006E726567697374657265640D0A000000EA
:104B1800726571756972652032206172673A206D1D
:104B2800696E2026206D61782074656D70657261EC
:104B3800747572652028323531206D65616E2032BA
:104B4800352E31290D0A00006D61785F74656D702E
:104B5800206F7574206F662072616E676520283C2F
:104B680031303030206D65616E203130302E304369
:104B7800290D0A006D696E5F74656D70206F75741C
:104B8800206F662072616E676520283E2D313030B7
:104B980030206D65616E202D3130302E3043290D67
:104BA8000A0000004D61782074656D70657261744B
:104BB800757265206C696D3A202564202A430D0AB8
:104BC800000000004D696E2074656D706572617437
:104BD800757265206C696D3A202564202A430D0A98
:104BE8000000000072657175697265203120746576
:104BF8006D70657261747572652028323531206D6B
:104C080065616E2032352E31290D0A0052656665C0
:104C180072656E63652054656D7065726174757236
:104C2800653A202564202A430D0A000072657175D3
:104C38006972652032204E544320696E6465780D90
:104C48000A0000007072695F6E746320696E6465A3
:104C580078206F7574206F662072616E67652028F2
:104C6800302D37290D0A00007365635F6E74632069
:104C7800696E646578206F7574206F662072616E46
:104C880067652028302D37290D0A00007072695F8A
:104C98006E7463207265662069732025640D0A00AE
:104CA8007365635F6E74632072656620697320257F
:104CB800640D0A0072657175697265203120617230
:104CC800672028312F30290D0A0000006175746FA4
:104CD8005F7265636F766572207374617475732093
:104CE8006F7574206F662072616E67652028302D9D
:104CF80031290D0A000000006F6E00006F66660023
:104D08004175746F207265636F7665722073746184
:104D18007475733A2025730D0A000000666F726D72
:104D280061743A206C617365725F7365745F637553
:104D38007272656E742070657263656E74200D0AF8
:104D480000000000617267756D656E742031206F18
:104D58007574206F662072616E67652C28302D315E
:104D68003030290D0A000000666F726D61743A20B8
:104D78006C617365725F7365745F63757272656E7B
:104D88007420302F312070657263656E742028306E
:104D980020666F7220696E7465726E616C2C2031AA
:104DA80020666F722065787465726E616C0D0A00FA
:104DB8006C617365725F63757272656E745B696E40
:104DC800745D3A202564206D410D0A6C617365722B
:104DD8005F63757272656E745B6578745D3A2025E1
:104DE80064206D410D0A00006C617365725F637524
:104DF8007272656E745B696E745D3A202564206D0D
:104E0800410D0A006C617365725F63757272656E3D
:104E1800745B6578745D3A202564206D410D0A0045
:104E2800666F726D61743A206C617365725F696E4A
:104E3800745F7377697463685F6F6E205B706F73FC
:104E48005D0D0A00617267756D656E742031206FA3
:104E58007574206F662072616E67652C28312D335A
:104E680036290D0A00000000666F726D61743A20E1
:104E78006C617365725F6578745F73776974636872
:104E88005F6F6E205B706F735D0D0A0061726775EE
:104E98006D656E742031206F7574206F66207261A5
:104EA8006E67652C28312D38290D0A00666F726DE2
:104EB80061743A206578705F7365745F70726F66AD
:104EC800696C65205B73616D706C696E675F726198
:104ED80074655D205B706F735D205B6C61736572D8
:104EE8005F70657263656E745D205B7072655F7478
:104EF800696D655D205B6578706572696D656E7456
:104F08005F74696D655D205B706F73745F74696D44
:104F1800655D0D0A0000000073616D706C696E6755
:104F28002072617465206F7574206F662072616EDF
:104F380067652028314B2D3830304B290D0A000089
:104F4800706F73206F7574206F662072616E67656D
:104F58002028312D3336290D0A0000007065726350
:104F6800656E74206F7574206F662072616E676558
:104F78002028302D313030290D0A00007072655F0D
:104F880074696D652073686F756C64206265206C48
:104F98006172676572207468616E20300D0A0000C6
:104FA80073616D706C652074696D652073686F75C9
:104FB8006C64206265206C61726765722074686138
:104FC8006E20300D0A000000706F73745F74696D95
:104FD800652073686F756C64206265206C61726708
:104FE8006572207468616E20300D0A00746F7461F8
:104FF8006C2073616D706C65206D757374206265CB
:10500800206C657373207468616E20323034384BBD
:10501800200D0A0073616D706C696E675F72617450
:10502800653A20256420487A0D0A706F736974699F
:105038006F6E20202020203A2025640D0A706572AA
:1050480063656E742020202020203A2025642025C6
:105058000D0A7072655F74696D6520202020203A02
:10506800202564206D730D0A73616D706C655F7423
:10507800696D6520203A202564206D730D0A706FD4
:1050880073745F74696D65202020203A20256420A0
:105098006D730D0A6E756D5F73616D706C652020A0
:1050A800203A202564206B53616D706C650D0A00F1
:1050B80057726F6E672070726F66696C652C20700E
:1050C8006C6561736520636865636B200D0A000079
:1050D800666F726D61743A206578705F72616D5F9A
:1050E80072656164205B616464726573735D205BE3
:1050F8006E756D5F73616D706C655D205B6D6F645F
:10510800655D0D0A0000000045585020697320694C
:105118006E2073616D706C696E672070726F636565
:105128007373210D0A000000616464726573732053
:105138006F7574206F662072616E67652028302D48
:1051480032303937313531206E73616D706C65736B
:10515800290D0A006E756D2073616D706C65732082
:105168006F7574206F662072616E6765202835310F
:10517800322D25642073616D706C6573290D0A00EA
:105188006D6F646520666F726D617420697320307D
:105198003A207072696E742062792061736369695C
:1051A8002C20313A207072696E742062792062690D
:1051B8006E6172790D0A0000706C65617365207507
:1051C800736520277374617274206D6561737572DD
:1051D8006527206669727374210D0A0072657175FE
:1051E800697265642073697A65203D202564200A08
:1051F8000D0000004558502024200000FC510108F3
:1052080000044000000100002C590020008001002B
:1052180000000000000000000D0A3D3D3D3D3D3D01
:105228003D3D3D3D3D3D3D3D3D3D3D3D3D3D3D3DA6
:105238003D3D3D3D3D3D3D3D3D3D3D3D3D3D3D3D96
:105248003D3D0D0A000000002020202020202020C5
:1052580020204558504552494D454E5420424F4113
:105268005244200D0A000000202020202020202069
:1052780020202020202020202056313230200D0AE6
:10528800000000003D3D3D3D3D3D3D3D3D3D3D3D3A
:105298003D3D3D3D3D3D3D3D3D3D3D3D3D3D3D3D36
:1052A8003D3D3D3D3D3D3D3D3D3D3D3D0D0A000003
:1052B8003031323334353637383941424344454644
:1052C800000000003D57000888D900206CD9002054
:1052D8003E20424D4520483A202573202525524836
:1052E8000A0D00003E20424D5020503A20257320E0
:1052F8006850612C20543A20257320430A0D000081
:105308003E204E544320000025643A2025642C207A
:10531800000000000A0D0000256C6400596F0008A9
:1053280078DA002080DA00202564202000000000C0
:1053380000000000F4080000F2080000F00400007B
:105348000D0A00001B5B43001B5B44001B5B7300E2
:105358001B5B75001B5B40001B5B50003E20000080
:1053680020000000000000002D6800002D2D686559
:105378006C7000001B5B25752563000048656C7028
:10538800206973206E6F7420617661696C61626C4C
:1053980065000000556E63617465676F72697A65B0
:1053A800640000005B0000005D0000002020202059
:1053B800000000007C200000286E6F2068656C707B
:1053C80029000000436F6D6D616E643A2000000093
:1053D80043617465676F72793A20000048656C70A4
:1053E8003A200000436F6D6D616E64202268656C21
:1053F8007022207265636569766573206F6E65201B
:105408006F72207A65726F20617267756D656E7450
:1054180073000000556E6B6E6F776E20636F6D6D55
:10542800616E643A20220000222E2057726974654A
:10543800202268656C702220666F722061206C697A
:105448007374206F6620617661696C61626C652097
:10545800636F6D6D616E6473000000004572726F5A
:105468007220666F726D617474696E672074686506
:1054780020737472696E670D0A00000054696D65C7
:105488003A20446179202531642C202531643A255D
:1054980031643A253164000054656D706572617439
:1054A8007572653A204E54435B2531645D3A202578
:1054B8003264000054656D70657261747572653A86
:1054C800205365742074656D7065726174757265BA
:1054D8002070726F66696C653A20546172676574F2
:1054E8005F74656D703A202532642C204D696E5FBB
:1054F80074656D703A202532642C204D61785F7494
:10550800656D703A202532642C204E54435F7072CA
:10551800696D6172793A202531642C204E54435FBD
:105528007365636F6E646172793A202531642C204B
:105538002020202020202020094175746F5F72658B
:10554800636F7665723A202531642C205445435F99
:105558006D61736B3A202531642C20486561746550
:10556800725F6D61736B3A202531642C205445437A
:105578005F766F6C3A202532642C2048656174652B
:10558800725F647574793A202531640054656D70D2
:10559800657261747572653A204D414E55414C20D3
:1055A8006D6F64650000000054656D70657261740C
:1055B8007572653A204155544F206D6F646500003F
:1055C80054656D70657261747572653A20434F4F0A
:1055D8004C494E470000000054656D706572617457
:1055E8007572653A2048454154494E47000000000D
:1055F80054656D70657261747572653A20455252D2
:105608004F522C205072696D617279204E5443209C
:105618003D20253164205365636F6E646172792083
:105628004E5443203D2025316400000054656D70C0
:10563800657261747572653A2053657420544543E8
:10564800206F766572726964652070726F66696C26
:10565800653A20496E74657276616C3A2025326429
:105668002C205445435B2531645D3A202532642063
:105678006D56000054656D70657261747572653A97
:1056880020544543206F76657272696465204F4ED9
:105698000000000054656D70657261747572653A3A
:1056A80020544543206F76657272696465204F46C1
:1056B800460000005445433A204D414E55414C2088
:1056C8006D6F64653A205445435B2531645D204F16
:1056D8004E0000005445433A204D414E55414C2060
:1056E8006D6F64653A205445435B2531645D204FF6
:1056F800464600005445433A204155544F206D6FAB
:1057080064653A20544543204F4E207769746820D9
:105718002532646D560000005445433A20415554E3
:105728004F206D6F64653A20544543204F4646002C
:105738004865617465723A204D414E55414C206D63
:105748006F64653A204865617465725B2531645DF4
:10575800204F4E004865617465723A204D414E55A0
:10576800414C206D6F64653A204865617465725BD1
:105778002531645D204F464600000000486561748D
:1057880065723A204155544F206D6F64653A204840
:105798006561746572204F4E20776974682064755E
:1057A80074792025316400004865617465723A2077
:1057B8004155544F206D6F64653A204865617465A2
:1057C80072204F4646000000496E7465726E616C27
:1057D800206C617365723A204D414E55414C206DE5
:1057E8006F64653A20537769746368204F4E3A2096
:1057F800496E6465783A202531642C2043757272AD
:10580800656E743A2025316400000000496E7465A5
:10581800726E616C206C617365723A204D414E5511
:10582800414C206D6F64653A205377697463682032
:105838004F464600496E7465726E616C206C6173E8
:1058480065723A2053414D504C494E47206D6F6464
:10585800653A20537769746368204F4E3A20496E41
:105868006465783A202531642C2043757272656E20
:10587800743A202531640000496E7465726E616C5B
:10588800206C617365723A2053414D504C494E4724
:10589800206D6F64653A20537769746368204F46BA
:1058A8004600000045787465726E616C206C617307
:1058B80065723A204D414E55414C206D6F64653AF2
:1058C80020537769746368204F4E3A20496E6465A7
:1058D800783A202531642C2043757272656E743ACB
:1058E800202531640000000045787465726E616C93
:1058F800206C617365723A204D414E55414C206DC4
:105908006F64653A20537769746368204F46460090
:1059180045787465726E616C206C617365723A20AB
:1059280053414D504C494E47206D6F64653A2053A2
:105938007769746368204F4E3A20496E6465783AF7
:10594800202531642C2043757272656E743A2025C7
:105958003164000045787465726E616C206C617307
:1059680065723A2053414D504C494E47206D6F6443
:10597800653A20537769746368204F4646000000F3
:1059880050686F746F3A2053414D504C494E472030
:105998006D6F64653A20537769746368204F4E3A97
:1059A80020496E6465783A202531640050686F7428
:1059B8006F3A2053414D504C494E47206D6F6465F6
:1059C8003A20537769746368204F46460000000008
:1059D8004578706572696D656E743A2053657420F8
:1059E80070686F746F2070726F66696C653A2053C7
:1059F800616D706C655F726174653A20253464204E
:105A08002873616D706C652F73292C205072655F47
:105A18006475726174696F6E3A2025326420286D4E
:105A280053292C2020202020090953616D706C65B2
:105A38005F6475726174696F6E3A2025326420283C
:105A48006D53292C20506F73745F6475726174698B
:105A58006F6E3A2025326420286D5329000000001B
:105A68004578706572696D656E743A205365742067
:105A78006C6173657220696E74656E736974793AC6
:105A880020253164000000004578706572696D65F5
:105A98006E743A20536574206C6173657226706861
:105AA8006F746F20696E6465783A20253164000050
:105AB8004578706572696D656E743A2053746172C9
:105AC800740000004578706572696D656E743A20DF
:105AD80053746F700000000053797374656D3A2039
:105AE8005265736574204F544100000053797374F4
:105AF800656D3A205365742074696D653A20446178
:105B0800793A202531642C20486F75723A20253166
:105B1800642C204D696E7574653A202531642C20FB
:105B28005365636F6E643A20253164005472616E68
:105B3800736D69743A2053656E642070686F746F72
:105B4800206368756E6B5B2531645D2064617461E8
:105B5800000000005472616E736D69743A205365D9
:105B68006E64206C617365722063757272656E7401
:105B780020646174610000005472616E736D697411
:105B88003A2053656E64206C6F672064617461000D
:105B9800102840587088A0B8000000000404043C95
:105BA8003C00000000000800000008000800000099
:105BB80000000000000000000102030406070809B5
:105BC80000000000010203041C00000000000000A7
:105BD8000000000000000000000000001D000000A0
:105BE80000000000000000000000000000000000AD
:105BF8002400000000000000000000000000000079
:105C0800000000002200000000000000000000006A
:105C18000000000000000000230000000000000059
:105C2800000000000000000000000000203C010807
:105C3800283C0108303C010800000000000000007A
:105C4800E5B00008203C0108683C01086C3C0108EC
:105C58000000000000000000A9370008203C0108EF
:105C68008C3C0108943C0108000000000000000082
:105C7800DD370008B03C0108B43C0108C43C010809
:105C88000100000000000000ED370008FC3C01089E
:105C9800003D01080C3D0108010000000000000063
:105CA800DD380008FC3C0108383D0108443D010886
:105CB8000000000000000000613900086C3D010888
:105CC800703D01087C3D0108010000000000000053
:105CD800A53900086C3D0108B83D0108D03D010810
:105CE8000100000000000000B93A00086C3D0108FE
:105CF8000C3E0108243E01080100000000000000DD
:105D08003D3B00086C3D0108543E0108643E010813
:105D18000100000000000000753B00086C3D010810
:105D2800903E0108A03E01080100000000000000AC
:105D3800713C00086C3D0108B83E0108CC3E0108E2
:105D48000100000000000000D93C00086C3D01087B
:105D5800F43E0108083F01080100000000000000AF
:105D6800DD3D00086C3D0108283F0108343F01086B
:105D78000100000000000000AD3E00086C3D010875
:105D8800843F0108943F0108010000000000000062
:105D9800ED3F00086C3D0108AC3F0108BC3F01081D
:105DA8000100000000000000114000086C3D0108DF
:105DB800D83F0108E43F010801000000000000008E
:105DC80035400008FC3F0108044001081C40010858
:105DD80001000000000000008D400008FC3F0108A1
:105DE8004840010860400108010000000000000070
:105DF80005410008FC3F010898400108A840010837
:105E080001000000000000003D410008FC3F0108BF
:105E1800D8400108E8400108010000000000000027
:105E28000542000804410108084101081841010819
:105E3800010000000000000061430008044101085F
:105E48004C4101085C41010801000000000000000D
:105E5800C54300080441010888410108944101082C
:105E68000100000000000000FD4300080441010893
:105E7800DC410108E84101080100000000000000C1
:105E8800A144000804410108184201082C420108F5
:105E980001000000000000006942000804410108F8
:105EA8005C42010870420108010000000000000087
:105EB80015430008944201089C420108B0420108B9
:105EC8000100000000000000AD45000894420108F0
:105ED800C8420108DC42010801000000000000007F
:105EE800DD45000894420108F4420108084301080E
:105EF8000100000000000000ED4400089442010881
:105F0800204301083443010801000000000000009C
:105F180065450008484301085043010868430108E3
:105F280001000000000000000D4600084843010879
:105F380090430108A8430108010000000000000088
:105F48008946000848430108D4430108E84301088A
:105F58000100000000000000054700084843010850
:105F6800084401081C44010801000000000000006A
:105F7800C147000848430108404401085444010847
:105F880001000000000000003D48000848430108E7
:105F98007844010890440108010000000000000056
:105FA800B948000848430108B0440108C84401083A
:105FB8000100000000000000DD480008E844010876
:105FC800F444010804450108010000000000000035
:105FD8000D490008E84401086045010870450108BA
:105FE8000100000000000000DD4A0008E844010844
:105FF800884501089C4501080100000000000000D8
:10600800354B0008E8440108B8450108C8450108AF
:106018000100000000000000854B0008E84401086A
:10602800FC450108104601080100000000000000BE
:10603800894C00082C46010834460108F83B010841
:106048000100000000000000613600082C4601082D
:1060580040460108F83B010801000000000000006C
:10606800E13600082C4601084C460108F83B0108B7
:106078000100000000000000493600087368656CE4
:106088006C0000000100000003000000090000008F
:10609800102840587088A0B81F00000000000000B9
:1060A80000000000000000000000000020000000C8
:1060B80000000000000000000000000000000000D8
:1060C80021000000000000000000000000000000A7
:1060D80000000000102840587088A0B810284058C8
:1060E8007088A0B8102840587088A0B81028405868
:1060F8007088A0B863697263756C61725F62756657
:106108006665720063697263756C61725F6368616A
:10611800725F6275666665720000000000070E090E
:106128001C1B1215383F363124232A2D70777E79AF
:106138006C6B6265484F464154535A5DE0E7EEE99F
:10614800FCFBF2F5D8DFD6D1C4C3CACD90979E998F
:106158008C8B8285A8AFA6A1B4B3BABDC7C0C9CE7F
:10616800DBDCD5D2FFF8F1F6E3E4EDEAB7B0B9BE6F
:10617800ABACA5A28F88818693949D9A2720292E5F
:106188003B3C35321F18111603040D0A5750595E4F
:106198004B4C45426F68616673747D7A898E87803F
:1061A80095929B9CB1B6BFB8ADAAA3A4F9FEF7F02F
:1061B800E5E2EBECC1C6CFC8DDDAD3D4696E67601F
:1061C80075727B7C51565F584D4A4344191E17100F
:1061D80005020B0C21262F283D3A33344E494047FF
:1061E80052555C5B7671787F6A6D64633E393037EF
:1061F80022252C2B0601080F1A1D1413AEA9A0A7DF
:10620800B2B5BCBB9691989F8A8D8483DED9D0D7CE
:10621800C2C5CCCBE6E1E8EFFAFDF4F300000000DC
:10622800000000008454010804000000A054010884
:1062380003000000BC5401080E000000945501083A
:1062480000000000B055010800000000C855010812
:1062580000000000E055010800000000F8550108A2
:106268000200000034560108050000007C560108B1
:10627800000000009C56010800000000BC56010800
:1062880001000000DC56010801000000FC5601086E
:1062980002000000205701080000000038570108DC
:1062A800010000005C570108010000008457010844
:1062B80001000000B057010800000000D057010895
:1062C8000200000014580108000000003C580108B2
:1062D800020000008058010800000000AC580108C6
:1062E80002000000F05801080000000018590108D9
:1062F800020000005C5901080000000088590108EC
:1063080001000000B459010800000000D859010834
:106318000A000000685A010801000000905A0108AC
:1063280001000000B85A010800000000CC5A01081A
:1063380000000000E05A010800000000F45A0108BB
:1063480004000000345B0108010000005C5B0108E8
:1063580000000000805B01080000000073737430C7
:10636800000020202020202020202028282828283D
:106378002020202020202020202020202020202015
:10638800202088101010101010101010101010106D
:10639800101004040404040404040404101010106D
:1063A8001010104141414141410101010101010128
:1063B8000101010101010101010101010110101098
:1063C80010101042424242424202020202020202FB
:1063D800020202020202020202020202021010106B
:1063E8001020000000000000000000000000000075
:1063F8000000000000000000000000000000000095
:106408000000000000000000000000000000000084
:106418000000000000000000000000000000000074
:106428000000000000000000000000000000000064
:106438000000000000000000000000000000000054
:106448000000000000000000000000000000000044
:106458000000000000000000000000000000000034
:106468000000494E4600696E66004E414E006E615E
:106478006E003000303132333435363738394142E6
:106488004344454600303132333435363738396184
:10649800626364656600496E66696E697479004E68
:1064A800614E005245454E54206D616C6C6F6320FF
:1064B800737563636565646564002F6275696C64F0
:1064C8002F676E752D746F6F6C732D666F722D73D9
:1064D800746D33325F31332E332E72656C312E3248
:1064E800303234303932362D313731352F737263CB
:1064F8002F6E65776C69622F6E65776C69622F6C99
:106508006962632F7374646C69622F64746F612E9F
:10651800630042616C6C6F632073756363656564C7
:106528006564002F6275696C642F676E752D746FD2
:106538006F6C732D666F722D73746D33325F3133E8
:106548002E332E72656C312E323032343039323679
:106558002D313731352F7372632F6E65776C696211
:106568002F6E65776C69622F6C6962632F73746430
:106578006C69622F6D707265632E6300232D302B5A
:106588002000686C4C00656667454647004300502C
:106598004F534958002E002C2066756E6374696F3E
:1065A8006E3A2000617373657274696F6E202225DC
:1065B8007322206661696C65643A2066696C65209F
:1065C800222573222C206C696E652025642573258D
:1065D800730A000005000000190000007D0000009B
:1065E8000080E03779C34143176E05B5B5B89346C7
:1065F800F5F93FE9034F384D321D30F94877825A93
:106608003CBF737FDD4F1575000000000000F03FB0
:106618000000000000002440000000000000594075
:106628000000000000408F40000000000088C340C8
:1066380000000000006AF8400000000080842E413D
:1066480000000000D01263410000000084D7974189
:106658000000000065CDCD41000000205FA002428F
:10666800000000E876483742000000A2941A6D4204
:10667800000040E59C30A2420000901EC4BCD642F7
:1066880000003426F56B0C430080E03779C34143A2
:1066980000A0D8855734764300C84E676DC1AB4318
:1066A800003D9160E458E143408CB5781DAF154436
:1066B80050EFE2D6E41A4B4492D54D06CFF0804411
:1066C800F64AE1C7022DB544B49DD9794378EA4426
:1066D8000038FAFE422EE63F3067C79357F32E3D47
:1066E800000000000000E0BF605555555555E5BF56
:1066F800060000000000E03F4E5559999999E93F7E
:106708007AA429555555E5BFE945489B5B49F2BF31
:10671800C33F268B2B00F03F0000000000A0F63F8F
:10672800000000000000000000C8B9F2822CD6BFAB
:106738008056372824B4FA3C000000000080F63F59
:106748000000000000000000000858BFBDD1D5BF00
:1067580020F7E0D808A51CBD000000000060F63F47
:106768000000000000000000005845177776D5BFEC
:106778006D50B6D5A46223BD000000000040F63F6E
:10678800000000000000000000F82D87AD1AD5BFFA
:10679800D567B09EE484E6BC000000000020F63F08
:1067A8000000000000000000007877955FBED4BFAD
:1067B800E03E2993691B04BD000000000000F63F7D
:1067C800000000000000000000601CC28B61D4BF04
:1067D800CC844C482FD8133D0000000000E0F53F62
:1067E800000000000000000000A886863004D4BF26
:1067F8003A0B82EDF342DC3C0000000000C0F53F9C
:106808000000000000000000004869554CA6D3BFF6
:1068180060945186C6B1203D0000000000A0F53FFD
:1068280000000000000000000080989ADD47D3BFF8
:106838009280C5D44D59253D000000000080F53FE9
:1068480000000000000000000020E1BAE2E8D2BF2A
:10685800D82BB7991E7B263D000000000060F53F4D
:1068680000000000000000000088DE135A89D2BF33
:106878003FB0CFB614CA153D000000000060F53FD8
:1068880000000000000000000088DE135A89D2BF13
:106898003FB0CFB614CA153D000000000040F53FD8
:1068A80000000000000000000078CFFB4129D2BFA3
:1068B80076DA5328245A16BD000000000020F53F60
:1068C8000000000000000000009869C198C8D1BF0E
:1068D8000454E768BCAF1FBD000000000000F53F8E
:1068E800000000000000000000A8ABAB5C67D1BF4F
:1068F800F0A88233C61F1F3D0000000000E0F43FEF
:1069080000000000000000000048AEF98B05D1BF70
:10691800665A05FDC4A826BD0000000000C0F43F6B
:106928000000000000000000009073E224A3D0BF24
:106938000E03F47EEE6B0CBD0000000000A0F43FD7
:10694800000000000000000000D0B4942540D0BF33
:106958007F2DF49EB836F0BC0000000000A0F43F84
:10696800000000000000000000D0B4942540D0BF13
:106978007F2DF49EB836F0BC000000000080F43F84
:10698800000000000000000000405E6D18B9CFBF95
:10699800873C99AB2A570D3D000000000060F43F8A
:1069A80000000000000000000060DCCBADF0CEBFAE
:1069B80024AF869CB7262B3D000000000040F43F22
:1069C800000000000000000000F02A6E0727CEBF7C
:1069D80010FF3F544F2F17BD000000000020F43F68
:1069E800000000000000000000C04F6B215CCDBF1C
:1069F8001B68CABB91BA213D000000000000F43FAB
:106A0800000000000000000000A09AC7F78FCCBF6C
:106A180034849F684F79273D000000000000F43F50
:106A2800000000000000000000A09AC7F78FCCBF4C
:106A380034849F684F79273D0000000000E0F33F51
:106A4800000000000000000000902D7486C2CBBF3B
:106A58008FB78B31B04E193D0000000000C0F33FE6
:106A6800000000000000000000C0804EC9F3CABF4B
:106A78006690CD3F634EBA3C0000000000A0F33F93
:106A8800000000000000000000B0E21FBC23CABFE5
:106A9800EAC146DC648C25BD0000000000A0F33F7D
:106AA800000000000000000000B0E21FBC23CABFC5
:106AB800EAC146DC648C25BD000000000080F33F7D
:106AC80000000000000000000050F49C5A52C9BFAA
:106AD800E3D4C104D9D12ABD000000000060F33F0F
:106AE800000000000000000000D02065A07FC8BFA3
:106AF80009FADB7FBFBD2B3D000000000040F33FDB
:106B0800000000000000000000E0100289ABC7BFD1
:106B1800584A537290DB2B3D000000000040F33FC1
:106B2800000000000000000000E0100289ABC7BFB1
:106B3800584A537290DB2B3D000000000020F33FC1
:106B4800000000000000000000D019E70FD6C6BF03
:106B580066E2B2A36AE410BD000000000000F33F43
:106B680000000000000000000090A77030FFC5BFC3
:106B78003950109F439E1EBD000000000000F33FE7
:106B880000000000000000000090A77030FFC5BFA3
:106B98003950109F439E1EBD0000000000E0F23FE8
:106BA800000000000000000000B0A1E3E526C5BF1A
:106BB8008F5B07908BDE20BD0000000000C0F23F15
:106BC80000000000000000000080CB6C2B4DC4BF0B
:106BD8003C783561C10C173D0000000000C0F23F51
:106BE80000000000000000000080CB6C2B4DC4BFEB
:106BF8003C783561C10C173D0000000000A0F23F51
:106C0800000000000000000000901E20FC71C3BFBF
:106C18003A54274D8678F13C000000000080F23F8E
:106C2800000000000000000000F01FF85295C2BFED
:106C380008C47117308D24BD000000000060F23FC9
:106C4800000000000000000000602FD52AB7C1BF77
:106C580096A31118A4802EBD000000000060F23F2A
:106C6800000000000000000000602FD52AB7C1BF57
:106C780096A31118A4802EBD000000000040F23F2A
:106C880000000000000000000090D07C7ED7C0BF4C
:106C9800F45BE88896690A3D000000000040F23F76
:106CA80000000000000000000090D07C7ED7C0BF2C
:106CB800F45BE88896690A3D000000000020F23F76
:106CC800000000000000000000E0DB3191ECBFBFD5
:106CD800F233A35C547525BD000000000000F23FAC
:106CE800000000000000000000002B6E0727BEBF58
:106CF8003C00F02A2C342A3D000000000000F23F3E
:106D0800000000000000000000002B6E0727BEBF37
:106D18003C00F02A2C342A3D0000000000E0F13F3E
:106D2800000000000000000000C05B8F545EBCBF84
:106D380006BE5F58570C1DBD0000000000C0F13FA3
:106D4800000000000000000000E04A3A6D92BABF5F
:106D5800C8AA5BE83539253D0000000000C0F13FB6
:106D6800000000000000000000E04A3A6D92BABF3F
:106D7800C8AA5BE83539253D0000000000A0F13FB6
:106D8800000000000000000000A031D645C3B8BFD5
:106D980068562F4D297C133D0000000000A0F13FEC
:106DA800000000000000000000A031D645C3B8BFB5
:106DB80068562F4D297C133D000000000080F13FEC
:106DC80000000000000000000060E58AD2F0B6BFB5
:106DD800DA7333C9379726BD000000000060F13F21
:106DE80000000000000000000020063F071BB5BFA0
:106DF800575EC6615B021F3D000000000060F13F66
:106E080000000000000000000020063F071BB5BF7F
:106E1800575EC6615B021F3D000000000040F13F65
:106E2800000000000000000000E01B96D741B3BF3F
:106E3800DF13F9CCDA5E2C3D000000000040F13F82
:106E4800000000000000000000E01B96D741B3BF1F
:106E5800DF13F9CCDA5E2C3D000000000020F13F82
:106E680000000000000000000080A3EE3665B1BFFE
:106E780009A38F765E7C143D000000000000F13FFE
:106E88000000000000000000008011C0300AAFBF01
:106E9800918E36839E592D3D000000000000F13F81
:106EA8000000000000000000008011C0300AAFBFE1
:106EB800918E36839E592D3D0000000000E0F03F82
:106EC800000000000000000000801971DD42ABBF27
:106ED8004C70D6E57A821C3D0000000000E0F03FCF
:106EE800000000000000000000801971DD42ABBF07
:106EF8004C70D6E57A821C3D0000000000C0F03FCF
:106F0800000000000000000000C032F65874A7BF5F
:106F1800EEA1F23446FC2CBD0000000000C0F03F9A
:106F2800000000000000000000C032F65874A7BF3F
:106F3800EEA1F23446FC2CBD0000000000A0F03F9A
:106F4800000000000000000000C0FEB9879EA3BF3B
:106F5800AAFE26F5B702F53C0000000000A0F03FAD
:106F6800000000000000000000C0FEB9879EA3BF1B
:106F7800AAFE26F5B702F53C000000000080F03FAD
:106F880000000000000000000000780E9B829FBFF8
:106F9800E4097E7C268029BD000000000080F03FC7
:106FA80000000000000000000000780E9B829FBFD8
:106FB800E4097E7C268029BD000000000060F03FC7
:106FC80000000000000000000080D5071BB997BF33
:106FD80039A6FA93548D28BD000000000040F03F08
:106FE80000000000000000000000FCB0A8C08FBF37
:106FF8009CA6D3F67C1EDFBC000000000040F03FDA
:1070080000000000000000000000FCB0A8C08FBF16
:107018009CA6D3F67C1EDFBC000000000020F03FD9
:1070280000000000000000000000106B2AE07FBF95
:10703800E440DA0D3FE219BD000000000020F03FF7
:1070480000000000000000000000106B2AE07FBF75
:10705800E440DA0D3FE219BD000000000000F03FF7
:107068000000000000000000000000000000000018
:107078000000000000000000000000000000F03FD9
:1070880000000000000000000000000000000000F8
:1070980000000000000000000000000000C0EF3FFA
:1070A8000000000000000000000089751510803FF6
:1070B800E82B9D996BC710BD000000000080EF3FD2
:1070C8000000000000000000008093585620903F08
:1070D800D2F7E2065BDC23BD000000000040EF3F72
:1070E80000000000000000000000C9282549983F62
:1070F800340C5A32BAA02ABD000000000000EF3F4D
:1071080000000000000000000040E7895D41A03F4A
:1071180053D7F15CC011013D0000000000C0EE3FF4
:10712800000000000000000000002ED4AE66A43F5E
:1071380028FDBD7573162CBD000000000080EE3FD1
:10714800000000000000000000C09F14AA94A83F9F
:107158007D265AD0957919BD000000000040EE3F09
:10716800000000000000000000C0DDCD73CBAC3F84
:107178000728D847F2681ABD000000000020EE3F3B
:10718800000000000000000000C006C031EAAE3F69
:107198007B3BC94F3E110EBD0000000000E0ED3FF3
:1071A8000000000000000000006046D13B97B13F9E
:1071B8009B9E0D565D3225BD0000000000A0ED3FEE
:1071C800000000000000000000E0D1A7F5BDB33FBB
:1071D800D74EDBA55EC82C3D000000000060ED3FE7
:1071E800000000000000000000A0974D5AE9B53FDC
:1071F8001E1D5D3C06692CBD000000000040ED3FEF
:10720800000000000000000000C0EA0AD300B73FF9
:1072180032ED9DA98D1EEC3C000000000000ED3F02
:1072280000000000000000000040595D5E33B93FD7
:10723800DA47BD3A5C11233D0000000000C0EC3F76
:1072480000000000000000000060AD8DC86ABB3F70
:10725800E568F72B809013BD0000000000A0EC3F0C
:1072680000000000000000000040BC015888BC3F3E
:10727800D3AC5AC6D146263D000000000060EC3F62
:10728800000000000000000000200A8339C7BE3F4C
:10729800E045E6AF68C02DBD000000000040EC3FAF
:1072A800000000000000000000E0DB3991E8BF3F6B
:1072B800FD0AA14FD63425BD000000000000EC3FB8
:1072C800000000000000000000E027828E17C13F88
:1072D800F2072DCE78EF213D0000000000E0EB3FE3
:1072E800000000000000000000F0237E2BAAC13F30
:1072F800349938448EA72C3D0000000000A0EB3FD5
:1073080000000000000000000080860C61D1C23F30
:10731800A1B481CB6C9D033D000000000080EB3FD1
:107328000000000000000000009015B0FC65C33F9D
:1073380089724B23A82FC63C000000000040EB3F99
:10734800000000000000000000B033833D91C43FFE
:1073580078B6FD547983253D000000000020EB3FFE
:10736800000000000000000000B0A1E4E527C53FD0
:10737800C77D69E5E833263D0000000000E0EA3FEC
:10738800000000000000000000108CBE4E57C63FF1
:10739800782E3C2C8BCF193D0000000000C0EA3F3E
:1073A80000000000000000000070758B12F0C63F5E
:1073B800E1219CE58D1125BD0000000000A0EA3FF9
:1073C8000000000000000000005044858D89C73F80
:1073D8000543917010661CBD000000000060EA3F84
:1073E8000000000000000000000039EBAFBEC83FFD
:1073F800D12CE9AA543D07BD000000000040EA3F37
:1074080000000000000000000000F7DC5A5AC93FE5
:107418006FFFA05828F2073D000000000000EA3F77
:10742800000000000000000000E08A3CED93CA3F25
:1074380069215650437228BD0000000000E0E93F72
:10744800000000000000000000D05B57D831CB3F9F
:10745800AAE1AC4E8D350CBD0000000000C0E93F2C
:10746800000000000000000000E03B3887D0CB3F60
:10747800B6125459C44B2DBD0000000000A0E93FCE
:1074880000000000000000000010F0C6FB6FCC3FB9
:10749800D22B96C572ECF1BC000000000060E93FF9
:1074A80000000000000000000090D4B03DB1CD3FC6
:1074B80035B015F72AFF2ABD000000000040E93F5B
:1074C80000000000000000000010E7FF0E53CE3F50
:1074D80030F441602712C23C000000000020E93F60
:1074E80000000000000000000000DDE4ADF5CE3F24
:1074F800118EBB651521CABC000000000000E93FE1
:10750800000000000000000000B0B36C1C99CF3FE1
:1075180030DF0CCAECCB1B3D0000000000C0E83F88
:10752800000000000000000000584D603871D03F96
:10753800914EED16DB9CF83C0000000000A0E83FEF
:107548000000000000000000006061672DC4D03F0B
:10755800E9EA3C168B18273D000000000080E83F50
:10756800000000000000000000E827828E17D13FCD
:107578001CF0A5630E212CBD000000000060E83F50
:10758800000000000000000000F8ACCB5C6BD13FAD
:107598008116A5F7CD9A2B3D000000000040E83F7A
:1075A800000000000000000000685A6399BFD13F46
:1075B800B7BD4751EDA62C3D000000000020E83F74
:1075C800000000000000000000B80E6D4514D23F16
:1075D800EABA46BADE870A3D0000000000E0E73F4D
:1075E80000000000000000000090DC7CF0BED23FEC
:1075F800F404504AFA9C2A3D0000000000C0E73F0E
:1076080000000000000000000060D3E1F114D33F47
:10761800B83C21D37AE228BD0000000000A0E73F73
:1076280000000000000000000010BE76676BD33F2A
:10763800C877F1B0CD6E113D000000000080E73F33
:1076480000000000000000000030337752C2D33F32
:107658005CBD06B6543B183D000000000060E73FE3
:10766800000000000000000000E8D523B419D43F52
:107678009DE090EC36E4083D000000000040E73F44
:10768800000000000000000000C871C28D71D43FE6
:1076980075D66709CE272FBD000000000020E73F00
:1076A80000000000000000000030179EE0C9D43F31
:1076B800A4D80A1B89202EBD000000000000E73F67
:1076C800000000000000000000A03807AE22D53FEF
:1076D80059C7648170BE2E3D0000000000E0E63FFF
:1076E800000000000000000000D0C853F77BD53F21
:1076F800EF405DEEEDAD1F3D0000000000C0E63F2D
:107708000000000000000000006059DFBDD5D53F33
:10771800DC65A4082A0B0ABDFE822B654715674065
:1077280000000000000038430000FAFE422E76BF39
:107738003A3B9EBC9AF70CBDBDFDFFFFFFFFDF3F44
:107748003C5455555555C53F912B17CF5555A53F19
:1077580017D0A4671111813F000000000000C84243
:10776800EF39FAFE422EE63F24C482FFBDBFCE3F6A
:10777800B5F40CD7086BAC3FCC5046D2ABB2833FC4
:10778800843A4E9BE0D7553F0000000000000000FF
:10779800000000000000F03F6EBF881A4F3B9B3C82
:1077A8003533FBA93DF6EF3F5DDCD89C136071BC17
:1077B8006180773E9AECEF3FD16687107A5E90BC85
:1077C800857F6EE815E3EF3F13F6673552D28C3CA0
:1077D800748515D3B0D9EF3FFA8EF92380CE8BBCD0
:1077E800DEF6DD296BD0EF3F61C8E6614EF7603CFD
:1077F800C89B751845C7EF3F99D3335BE4A3903C0A
:1078080083F3C6CA3EBEEF3F6D7B835DA69A973C65
:107818000F89F96C58B5EF3FFCEFFD921AB58E3C15
:10782800F747722B92ACEF3FD19C2F703DBE3E3C88
:10783800A2D1D332ECA3EF3F0B6E908934036ABC1C
:107848001BD3FEAF669BEF3F0EBD2F2A525695BC49
:10785800515B12D00193EF3F55EA4E8CEF8050BC3C
:10786800CC316CC0BD8AEF3F16F4D5B923C991BCA1
:10787800E02DA9AE9A82EF3FAF555CE9E3D3803C97
:10788800518EA5C8987AEF3F4893A5EA151B80BC8E
:107898007B517D3CB872EF3F3D32DE55F01F8FBC07
:1078A800EA8D8C38F96AEF3FBF53133F8C898B3CC4
:1078B80075CB6FEB5B63EF3F26EB11769CD996BCDB
:1078C800D45C0484E05BEF3F602F3A3EF7EC9A3CCF
:1078D800AAB968318754EF3F9D3886CB82E78FBCC1
:1078E8001DD9FC22504DEF3F8DC3A644416F8A3C01
:1078F800D68C62883B46EF3F7D04E4B0057A803C35
:1079080096DC7D91493FEF3F94A8A8E3FD8E963C15
:107918003862756E7A38EF3F7D4874F2185E873C9E
:107928003FA6B24FCE31EF3FF2E71F982B47803C7E
:10793800DD7CE265452BEF3F5E08713F7BB896BC66
:107948008163F5E1DF24EF3F31AB096DE1F7823C5C
:10795800E1DE1FF59D1EEF3FFABF6F1A9B213DBC6C
:1079680090D9DAD07F18EF3FB40A0C7282378B3C7B
:107978000B03E4A68512EF3F8FCBCE8992146E3CA1
:10798800562F3EA9AF0CEF3FB6ABB04D754D833CBB
:1079980015B7310AFE06EF3F4C74ACE20142863C53
:1079A80031D84CFC7001EF3F4AF8D35D39DD8F3C8C
:1079B800FF1664B208FCEE3F045B8E3B80A386BCD6
:1079C800F19F925FC5F6EE3F68504BCCED4A92BCF2
:1079D800CBA93A37A7F1EE3F8E2D511BF80799BC7A
:1079E80066D8056DAEECEE3FD236943EE8D171BC58
:1079F800F79FE534DBE7EE3F151BCEB3191999BCA9
:107A0800E5A813C32DE3EE3F6D4C2AA7489F853C9C
:107A18002234124CA6DEEE3F8A69287A601293BCA3
:107A28001C80AC0445DAEE3F5B8917488FA758BC29
:107A38002A2EF7210AD6EE3F1B9A49679B2C7CBC5D
:107A480097A850D9F5D1EE3F11ACC260ED63433C25
:107A58002D89616008CEEE3FEF64063B0966963CCF
:107A680057001DED41CAEE3F7903A1DAE1CC6E3C27
:107A7800D03CC1B5A2C6EE3F30120F3F8EFF933CFB
:107A8800DED3D7F02AC3EE3FB0AF7ABBCE90763CB8
:107A9800272A36D5DABFEE3F77E054EBBD1D933C7D
:107AA8000DDDFD99B2BCEE3F8EA3710034948FBCFE
:107AB800A72C9D76B2B9EE3F49A393DCCCDE87BCF8
:107AC8004266CFA2DAB6EE3F5F380FBDC6DE78BC9D
:107AD800824F9D562BB4EE3FF65C7BEC461286BC7B
:107AE8000F925DCAA4B1EE3F8ED7FD180535933CC1
:107AF800DA27B53647AFEE3F059B8A2FB7987B3C10
:107B0800FDC797D412ADEE3F09541CE2E163903CE7
:107B1800295448DD07ABEE3FEAC6195085C7343C07
:107B2800B746598A26A9EE3F35C0642BE632943C05
:107B38004821AD156FA7EE3F9F7699614AE48CBC4A
:107B480009DC76B9E1A5EE3FA84DEF3BC5338CBC07
:107B580085553AB07EA4EE3FAEE92B89785384BCB4
:107B680020C3CC3446A3EE3F58585678DDCE93BC9C
:107B78002522558238A2EE3F64197E80AA10573C10
:107B880073A94CD455A1EE3F28225EBFEFB393BC36
:107B9800CD3B7F669EA0EE3F82B93487AD126ABCAA
:107BA800BFDA0B7512A0EE3FEEA96DB8EF6763BCA4
:107BB8002F1A653CB29FEE3F5188E0543DDC80BCF3
:107BC800849451F97D9FEE3FCF3E5A7E641F78BC66
:107BD800745FECE8759FEE3FB07D8BC04AEE86BCC3
:107BE8007481A5489A9FEE3F8AE6551E321986BCD5
:107BF800C9674256EB9FEE3FD3D4095ECB9C903CBD
:107C08003F5DDE4F69A0EE3F1DA54DB9DC327BBC60
:107C18008701EB7314A1EE3F6BC06754FDEC943CF5
:107C280032C13001EDA1EE3F556CD6ABE1EB653CBE
:107C3800624ECF36F3A2EE3F42CFB32FC5A188BC28
:107C4800121A3E5427A4EE3F34373BF1B66993BC71
:107C580013CE4C9989A5EE3F1EFF193A845E80BC6D
:107C6800ADC723461AA7EE3F6E5772D850D494BCBE
:107C7800ED92449BD9A8EE3F008A0E5B67AD903C1D
:107C880099668AD9C7AAEE3FB4EAF0C12FB78D3CEE
:107C9800DBA02A42E5ACEE3FFFE7C59C60B665BCB9
:107CA8008C44B51632AFEE3F445FF35983F67B3C04
:107CB80036771599AEB1EE3F833D1EA71F0993BCD9
:107CC800C6FF910B5BB4EE3F291E6C8BB8A95DBC57
:107CD800E5C5CDB037B7EE3F59B9907CF9236CBCF8
:107CE8000F52C8CB44BAEE3FAAF9F422434392BCE0
:107CF800504EDE9F82BDEE3F4B8E66D76CCA85BC68
:107D0800BA07CA70F1C0EE3F27CE912BFCAF713C89
:107D180090F0A38291C4EE3FBB730AE135D26D3C6B
:107D28002323E31963C8EE3F6322622204C587BC9C
:107D380065E55D7B66CCEE3FD531E2E3861C8B3C86
:107D4800332D4AEC9BD0EE3F15BBBCD3D1BB91BCC5
:107D58005D253EB203D5EE3FD231EE9C31CC903C4E
:107D680058B330139ED9EE3FB35A736E8469843C7E
:107D7800BFFD79556BDEEE3FB49D8E97CDDF82BC9B
:107D88007AF3D3BF6BE3EE3F8733CB92771A8C3C01
:107D9800ADD35A999FE8EE3FFAD9D14A8F7B90BC70
:107DA80066B68D2907EEEE3FBAAEDC56D9C355BC90
:107DB800FB154FB8A2F3EE3F40F6A63D0EA490BCCB
:107DC8003A59E58D72F9EE3F3493AD38F4D668BC74
:107DD800475EFBF276FFEE3F358A586BE2EE91BCC8
:107DE8004A06A130B005EF3FCDDD5F0AD7FF743CEE
:107DF800D2C14B901E0CEF3FAC9892FAFBBD91BCE0
:107E0800091ED75BC212EF3FB30CAF30AE6E733CA6
:107E18009C5285DD9B19EF3F94FD9F5C32E38E3CBD
:107E28007AD0FF5FAB20EF3FAC5909D18FE0843C9B
:107E38004BD1572EF127EF3F671A4E38AFCD633C31
:107E4800B5E706946D2FEF3F6819926C2C6B673C71
:107E58006990EFDC2037EF3FD2B5CC83188A80BC1D
:107E6800FAC35D550B3FEF3F6FFAFF3F5DAD8FBC27
:107E78007C89074A2D47EF3F49A97538AE0D90BC5C
:107E8800F2890D08874FEF3FA7073DA685A3743CED
:107E980087A4FBDC1858EF3F0F2240209E9182BC3C
:107EA8009883C916E360EF3FAC92C1D5505A8E3C17
:107EB8008532DB03E669EF3F4B6B01AC593A843CF2
:107EC80060B401F32173EF3F1F3EB40721D582BC94
:107ED8005F9B7B33977CEF3FC90D473BB92A89BC31
:107EE80029A1F5144686EF3FD3883A6004B6743C5E
:107EF800F63F8BE72E90EF3F71729D51ECC5833CA6
:107F0800834CC7FB519AEF3FF091D38F12F78FBC88
:107F1800DA90A4A2AFA4EF3F7D7423E298AE8DBCA3
:107F2800F1678E2D48AFEF3F0820AA41BCC38E3CB5
:107F3800275A61EE1BBAEF3F32EBA9C3942B843C5E
:107F480097BA6B372BC5EF3FEE85D131A9648A3CD0
:107F580040456E5B76D0EF3FEDE33BE4BA378EBC2D
:107F680014BE9CADFDDBEF3F9DCD914D3B89773C29
:107F7800D8909E81C1E7EF3F89CC6041C105533C51
:087F8800F1718F2BC2F3EF3FF2
:087F9000B082FE7F0100000039
:047F980025020008B6
:047F9C0001020008D6
:107FA0000024F4004C44002090D9002088130000E5
:107FB00090D900206C430020C84300206C4300206F
:107FC000006402400400000000380040000000008F
:107FD00000000000006002400100000000000000FE
:107FE0000000000000000000000000000000000091
:107FF0000000000000000000010000006C430020B1
:1080000000540140000C0240800000000064024067
:108010000500000006000000000000020000000053
:108020000000000000000000000000000000000050
:10803000000000000100000000000000000000003F
:108040000000000000000000AA0000000000000086
:1080500014A208001600000001000000000000004B
:108060000B00000002000000FF01000009000000FA
:1080700003000000000000000900000004000000F0
:10808000000000FF20000000050000000F000000BD
:1080900004000000060000000000000004000000D2
:1080A0000700000000000000070000008AFCFFFF3E
:1080B000AFFCFFFFD4FCFFFFF0FCFFFF06FDFFFF5E
:1080C00018FDFFFF28FDFFFF36FDFFFF43FDFFFF0B
:1080D0004EFDFFFF58FDFFFF62FDFFFF6AFDFFFF42
:1080E00073FDFFFF7AFDFFFF82FDFFFF88FDFFFFAD
:1080F0008FFDFFFF95FDFFFF9BFDFFFFA1FDFFFF34
:10810000A6FDFFFFABFDFFFFB0FDFFFFB5FDFFFFCD
:10811000BAFDFFFFBEFDFFFFC3FDFFFFC7FDFFFF71
:10812000CBFDFFFFCFFDFFFFD3FDFFFFD7FDFFFF1F
:10813000DAFDFFFFDEFDFFFFE2FDFFFFE5FDFFFFD4
:10814000E8FDFFFFECFDFFFFEFFDFFFFF2FDFFFF8E
:10815000F5FDFFFFF8FDFFFFFBFDFFFFFEFDFFFF4D
:1081600000FEFFFF03FEFFFF06FEFFFF09FEFFFF0D
:108170000BFEFFFF0EFEFFFF10FEFFFF13FEFFFFD3
:1081800015FEFFFF18FEFFFF1AFEFFFF1CFEFFFF9C
:108190001FFEFFFF21FEFFFF23FEFFFF25FEFFFF67
:1081A00027FEFFFF2AFEFFFF2CFEFFFF2EFEFFFF34
:1081B00030FEFFFF32FEFFFF34FEFFFF36FEFFFF03
:1081C00038FEFFFF3AFEFFFF3CFEFFFF3DFEFFFFD4
:1081D0003FFEFFFF41FEFFFF43FEFFFF45FEFFFFA7
:1081E00046FEFFFF48FEFFFF4AFEFFFF4CFEFFFF7B
:1081F0004DFEFFFF4FFEFFFF51FEFFFF52FEFFFF50
:1082000054FEFFFF56FEFFFF57FEFFFF59FEFFFF24
:108210005AFEFFFF5CFEFFFF5DFEFFFF5FFEFFFFFC
:1082200060FEFFFF62FEFFFF63FEFFFF65FEFFFFD4
:1082300066FEFFFF68FEFFFF69FEFFFF6BFEFFFFAC
:108240006CFEFFFF6DFEFFFF6FFEFFFF70FEFFFF86
:1082500072FEFFFF73FEFFFF74FEFFFF76FEFFFF5F
:1082600077FEFFFF78FEFFFF79FEFFFF7BFEFFFF3B
:108270007CFEFFFF7DFEFFFF7FFEFFFF80FEFFFF16
:1082800081FEFFFF82FEFFFF84FEFFFF85FEFFFFF2
:1082900086FEFFFF87FEFFFF88FEFFFF8AFEFFFFCF
:1082A0008BFEFFFF8CFEFFFF8DFEFFFF8EFEFFFFAC
:1082B0008FFEFFFF90FEFFFF92FEFFFF93FEFFFF8A
:1082C00094FEFFFF95FEFFFF96FEFFFF97FEFFFF68
:1082D00098FEFFFF99FEFFFF9AFEFFFF9BFEFFFF48
:1082E0009CFEFFFF9EFEFFFF9FFEFFFFA0FEFFFF25
:1082F000A1FEFFFFA2FEFFFFA3FEFFFFA4FEFFFF04
:10830000A5FEFFFFA6FEFFFFA7FEFFFFA8FEFFFFE3
:10831000A9FEFFFFAAFEFFFFABFEFFFFACFEFFFFC3
:10832000ADFEFFFFAEFEFFFFAFFEFFFFB0FEFFFFA3
:10833000B1FEFFFFB1FEFFFFB2FEFFFFB3FEFFFF86
:10834000B4FEFFFFB5FEFFFFB6FEFFFFB7FEFFFF67
:10835000B8FEFFFFB9FEFFFFBAFEFFFFBBFEFFFF47
:10836000BCFEFFFFBCFEFFFFBDFEFFFFBEFEFFFF2A
:10837000BFFEFFFFC0FEFFFFC1FEFFFFC2FEFFFF0B
:10838000C3FEFFFFC3FEFFFFC4FEFFFFC5FEFFFFEE
:10839000C6FEFFFFC7FEFFFFC8FEFFFFC9FEFFFFCF
:1083A000C9FEFFFFCAFEFFFFCBFEFFFFCCFEFFFFB3
:1083B000CDFEFFFFCDFEFFFFCEFEFFFFCFFEFFFF96
:1083C000D0FEFFFFD1FEFFFFD1FEFFFFD2FEFFFF79
:1083D000D3FEFFFFD4FEFFFFD5FEFFFFD5FEFFFF5C
:1083E000D6FEFFFFD7FEFFFFD8FEFFFFD9FEFFFF3F
:1083F000D9FEFFFFDAFEFFFFDBFEFFFFDCFEFFFF23
:10840000DCFEFFFFDDFEFFFFDEFEFFFFDFFEFFFF06
:10841000DFFEFFFFE0FEFFFFE1FEFFFFE2FEFFFFEA
:10842000E2FEFFFFE3FEFFFFE4FEFFFFE4FEFFFFCF
:10843000E5FEFFFFE6FEFFFFE7FEFFFFE7FEFFFFB3
:10844000E8FEFFFFE9FEFFFFE9FEFFFFEAFEFFFF98
:10845000EBFEFFFFECFEFFFFECFEFFFFEDFEFFFF7C
:10846000EEFEFFFFEEFEFFFFEFFEFFFFF0FEFFFF61
:10847000F0FEFFFFF1FEFFFFF2FEFFFFF2FEFFFF47
:10848000F3FEFFFFF4FEFFFFF4FEFFFFF5FEFFFF2C
:10849000F6FEFFFFF6FEFFFFF7FEFFFFF8FEFFFF11
:1084A000F8FEFFFFF9FEFFFFFAFEFFFFFAFEFFFFF7
:1084B000FBFEFFFFFCFEFFFFFCFEFFFFFDFEFFFFDC
:1084C000FEFEFFFFFEFEFFFFFFFEFFFF00FFFFFFC0
:1084D00000FFFFFF01FFFFFF01FFFFFF02FFFFFFA4
:1084E00003FFFFFF03FFFFFF04FFFFFF05FFFFFF89
:1084F00005FFFFFF06FFFFFF06FFFFFF07FFFFFF70
:1085000008FFFFFF08FFFFFF09FFFFFF09FFFFFF55
:108510000AFFFFFF0BFFFFFF0BFFFFFF0CFFFFFF3B
:108520000CFFFFFF0DFFFFFF0EFFFFFF0EFFFFFF22
:108530000FFFFFFF0FFFFFFF10FFFFFF11FFFFFF08
:1085400011FFFFFF12FFFFFF12FFFFFF13FFFFFFEF
:1085500014FFFFFF14FFFFFF15FFFFFF15FFFFFFD5
:1085600016FFFFFF16FFFFFF17FFFFFF18FFFFFFBC
:1085700018FFFFFF19FFFFFF19FFFFFF1AFFFFFFA3
:108580001AFFFFFF1BFFFFFF1BFFFFFF1CFFFFFF8B
:108590001DFFFFFF1DFFFFFF1EFFFFFF1EFFFFFF71
:1085A0001FFFFFFF1FFFFFFF20FFFFFF20FFFFFF59
:1085B00021FFFFFF22FFFFFF22FFFFFF23FFFFFF3F
:1085C00023FFFFFF24FFFFFF24FFFFFF25FFFFFF27
:1085D00025FFFFFF26FFFFFF26FFFFFF27FFFFFF0F
:1085E00027FFFFFF28FFFFFF29FFFFFF29FFFFFFF6
:1085F0002AFFFFFF2AFFFFFF2BFFFFFF2BFFFFFFDD
:108600002CFFFFFF2CFFFFFF2DFFFFFF2DFFFFFFC4
:108610002EFFFFFF2EFFFFFF2FFFFFFF2FFFFFFFAC
:1086200030FFFFFF30FFFFFF31FFFFFF31FFFFFF94
:1086300032FFFFFF32FFFFFF33FFFFFF33FFFFFF7C
:1086400034FFFFFF34FFFFFF35FFFFFF35FFFFFF64
:1086500036FFFFFF36FFFFFF37FFFFFF37FFFFFF4C
:1086600038FFFFFF38FFFFFF39FFFFFF39FFFFFF34
:108670003AFFFFFF3AFFFFFF3BFFFFFF3BFFFFFF1C
:108680003CFFFFFF3CFFFFFF3DFFFFFF3DFFFFFF04
:108690003EFFFFFF3EFFFFFF3FFFFFFF3FFFFFFFEC
:1086A00040FFFFFF40FFFFFF41FFFFFF41FFFFFFD4
:1086B00042FFFFFF42FFFFFF42FFFFFF43FFFFFFBD
:1086C00043FFFFFF44FFFFFF44FFFFFF45FFFFFFA6
:1086D00045FFFFFF46FFFFFF46FFFFFF47FFFFFF8E
:1086E00047FFFFFF48FFFFFF48FFFFFF49FFFFFF76
:1086F00049FFFFFF49FFFFFF4AFFFFFF4AFFFFFF60
:108700004BFFFFFF4BFFFFFF4CFFFFFF4CFFFFFF47
:108710004DFFFFFF4DFFFFFF4EFFFFFF4EFFFFFF2F
:108720004EFFFFFF4FFFFFFF4FFFFFFF50FFFFFF19
:1087300050FFFFFF51FFFFFF51FFFFFF52FFFFFF01
:1087400052FFFFFF52FFFFFF53FFFFFF53FFFFFFEB
:1087500054FFFFFF54FFFFFF55FFFFFF55FFFFFFD3
:1087600056FFFFFF56FFFFFF56FFFFFF57FFFFFFBC
:1087700057FFFFFF58FFFFFF58FFFFFF59FFFFFFA5
:1087800059FFFFFF59FFFFFF5AFFFFFF5AFFFFFF8F
:108790005BFFFFFF5BFFFFFF5CFFFFFF5CFFFFFF77
:1087A0005CFFFFFF5DFFFFFF5DFFFFFF5EFFFFFF61
:1087B0005EFFFFFF5FFFFFFF5FFFFFFF5FFFFFFF4A
:1087C00060FFFFFF60FFFFFF61FFFFFF61FFFFFF33
:1087D00062FFFFFF62FFFFFF62FFFFFF63FFFFFF1C
:1087E00063FFFFFF64FFFFFF64FFFFFF64FFFFFF06
:1087F00065FFFFFF65FFFFFF66FFFFFF66FFFFFFEF
:1088000066FFFFFF67FFFFFF67FFFFFF68FFFFFFD8
:1088100068FFFFFF69FFFFFF69FFFFFF69FFFFFFC1
:108820006AFFFFFF6AFFFFFF6BFFFFFF6BFFFFFFAA
:108830006BFFFFFF6CFFFFFF6CFFFFFF6DFFFFFF94
:108840006DFFFFFF6DFFFFFF6EFFFFFF6EFFFFFF7E
:108850006FFFFFFF6FFFFFFF6FFFFFFF70FFFFFF67
:1088600070FFFFFF71FFFFFF71FFFFFF71FFFFFF51
:1088700072FFFFFF72FFFFFF73FFFFFF73FFFFFF3A
:1088800073FFFFFF74FFFFFF74FFFFFF74FFFFFF25
:1088900075FFFFFF75FFFFFF76FFFFFF76FFFFFF0E
:1088A00076FFFFFF77FFFFFF77FFFFFF78FFFFFFF8
:1088B00078FFFFFF78FFFFFF79FFFFFF79FFFFFFE2
:1088C0007AFFFFFF7AFFFFFF7AFFFFFF7BFFFFFFCB
:1088D0007BFFFFFF7BFFFFFF7CFFFFFF7CFFFFFFB6
:1088E0007DFFFFFF7DFFFFFF7DFFFFFF7EFFFFFF9F
:1088F0007EFFFFFF7EFFFFFF7FFFFFFF7FFFFFFF8A
:1089000080FFFFFF80FFFFFF80FFFFFF81FFFFFF72
:1089100081FFFFFF81FFFFFF82FFFFFF82FFFFFF5D
:1089200083FFFFFF83FFFFFF83FFFFFF84FFFFFF46
:1089300084FFFFFF84FFFFFF85FFFFFF85FFFFFF31
:1089400086FFFFFF86FFFFFF86FFFFFF87FFFFFF1A
:1089500087FFFFFF87FFFFFF88FFFFFF88FFFFFF05
:1089600088FFFFFF89FFFFFF89FFFFFF8AFFFFFFEF
:108970008AFFFFFF8AFFFFFF8BFFFFFF8BFFFFFFD9
:108980008BFFFFFF8CFFFFFF8CFFFFFF8CFFFFFFC4
:108990008DFFFFFF8DFFFFFF8DFFFFFF8EFFFFFFAE
:1089A0008EFFFFFF8FFFFFFF8FFFFFFF8FFFFFFF98
:1089B00090FFFFFF90FFFFFF90FFFFFF91FFFFFF82
:1089C00091FFFFFF91FFFFFF92FFFFFF92FFFFFF6D
:1089D00092FFFFFF93FFFFFF93FFFFFF94FFFFFF57
:1089E00094FFFFFF94FFFFFF95FFFFFF95FFFFFF41
:1089F00095FFFFFF96FFFFFF96FFFFFF96FFFFFF2C
:108A000097FFFFFF97FFFFFF97FFFFFF98FFFFFF15
:108A100098FFFFFF98FFFFFF99FFFFFF99FFFFFF00
:108A200099FFFFFF9AFFFFFF9AFFFFFF9AFFFFFFEB
:108A30009BFFFFFF9BFFFFFF9BFFFFFF9CFFFFFFD5
:108A40009CFFFFFF9CFFFFFF9DFFFFFF9DFFFFFFC0
:108A50009EFFFFFF9EFFFFFF9EFFFFFF9FFFFFFFA9
:108A60009FFFFFFF9FFFFFFFA0FFFFFFA0FFFFFF94
:108A7000A0FFFFFFA1FFFFFFA1FFFFFFA1FFFFFF7F
:108A8000A2FFFFFFA2FFFFFFA2FFFFFFA3FFFFFF69
:108A9000A3FFFFFFA3FFFFFFA4FFFFFFA4FFFFFF54
:108AA000A4FFFFFFA5FFFFFFA5FFFFFFA5FFFFFF3F
:108AB000A6FFFFFFA6FFFFFFA6FFFFFFA7FFFFFF29
:108AC000A7FFFFFFA7FFFFFFA8FFFFFFA8FFFFFF14
:108AD000A8FFFFFFA9FFFFFFA9FFFFFFA9FFFFFFFF
:108AE000AAFFFFFFAAFFFFFFAAFFFFFFAAFFFFFFEA
:108AF000ABFFFFFFABFFFFFFABFFFFFFACFFFFFFD5
:108B0000ACFFFFFFACFFFFFFADFFFFFFADFFFFFFBF
:108B1000ADFFFFFFAEFFFFFFAEFFFFFFAEFFFFFFAA
:108B2000AFFFFFFFAFFFFFFFAFFFFFFFB0FFFFFF94
:108B3000B0FFFFFFB0FFFFFFB1FFFFFFB1FFFFFF7F
:108B4000B1FFFFFFB2FFFFFFB2FFFFFFB2FFFFFF6A
:108B5000B3FFFFFFB3FFFFFFB3FFFFFFB3FFFFFF55
:108B6000B4FFFFFFB4FFFFFFB4FFFFFFB5FFFFFF40
:108B7000B5FFFFFFB5FFFFFFB6FFFFFFB6FFFFFF2B
:108B8000B6FFFFFFB7FFFFFFB7FFFFFFB7FFFFFF16
:108B9000B8FFFFFFB8FFFFFFB8FFFFFFB9FFFFFF00
:108BA000B9FFFFFFB9FFFFFFB9FFFFFFBAFFFFFFEC
:108BB000BAFFFFFFBAFFFFFFBBFFFFFFBBFFFFFFD7
:108BC000BBFFFFFFBCFFFFFFBCFFFFFFBCFFFFFFC2
:108BD000BDFFFFFFBDFFFFFFBDFFFFFFBEFFFFFFAC
:108BE000BEFFFFFFBEFFFFFFBEFFFFFFBFFFFFFF98
:108BF000BFFFFFFFBFFFFFFFC0FFFFFFC0FFFFFF83
:108C0000C0FFFFFFC1FFFFFFC1FFFFFFC1FFFFFF6D
:108C1000C1FFFFFFC2FFFFFFC2FFFFFFC2FFFFFF59
:108C2000C3FFFFFFC3FFFFFFC3FFFFFFC4FFFFFF43
:108C3000C4FFFFFFC4FFFFFFC5FFFFFFC5FFFFFF2E
:108C4000C5FFFFFFC5FFFFFFC6FFFFFFC6FFFFFF1A
:108C5000C6FFFFFFC7FFFFFFC7FFFFFFC7FFFFFF05
:108C6000C8FFFFFFC8FFFFFFC8FFFFFFC8FFFFFFF0
:108C7000C9FFFFFFC9FFFFFFC9FFFFFFCAFFFFFFDB
:108C8000CAFFFFFFCAFFFFFFCBFFFFFFCBFFFFFFC6
:108C9000CBFFFFFFCBFFFFFFCCFFFFFFCCFFFFFFB2
:108CA000CCFFFFFFCDFFFFFFCDFFFFFFCDFFFFFF9D
:108CB000CEFFFFFFCEFFFFFFCEFFFFFFCEFFFFFF88
:108CC000CFFFFFFFCFFFFFFFCFFFFFFFD0FFFFFF73
:108CD000D0FFFFFFD0FFFFFFD0FFFFFFD1FFFFFF5F
:108CE000D1FFFFFFD1FFFFFFD2FFFFFFD2FFFFFF4A
:108CF000D2FFFFFFD2FFFFFFD3FFFFFFD3FFFFFF36
:108D0000D3FFFFFFD4FFFFFFD4FFFFFFD4FFFFFF20
:108D1000D5FFFFFFD5FFFFFFD5FFFFFFD5FFFFFF0B
:108D2000D6FFFFFFD6FFFFFFD6FFFFFFD7FFFFFFF6
:108D3000D7FFFFFFD7FFFFFFD7FFFFFFD8FFFFFFE2
:108D4000D8FFFFFFD8FFFFFFD9FFFFFFD9FFFFFFCD
:108D5000D9FFFFFFD9FFFFFFDAFFFFFFDAFFFFFFB9
:108D6000DAFFFFFFDBFFFFFFDBFFFFFFDBFFFFFFA4
:108D7000DBFFFFFFDCFFFFFFDCFFFFFFDCFFFFFF90
:108D8000DDFFFFFFDDFFFFFFDDFFFFFFDDFFFFFF7B
:108D9000DEFFFFFFDEFFFFFFDEFFFFFFDFFFFFFF66
:108DA000DFFFFFFFDFFFFFFFDFFFFFFFE0FFFFFF52
:108DB000E0FFFFFFE0FFFFFFE1FFFFFFE1FFFFFF3D
:108DC000E1FFFFFFE1FFFFFFE2FFFFFFE2FFFFFF29
:108DD000E2FFFFFFE2FFFFFFE3FFFFFFE3FFFFFF15
:108DE000E3FFFFFFE4FFFFFFE4FFFFFFE4FFFFFF00
:108DF000E4FFFFFFE5FFFFFFE5FFFFFFE5FFFFFFEC
:108E0000E6FFFFFFE6FFFFFFE6FFFFFFE6FFFFFFD6
:108E1000E7FFFFFFE7FFFFFFE7FFFFFFE8FFFFFFC1
:108E2000E8FFFFFFE8FFFFFFE8FFFFFFE9FFFFFFAD
:108E3000E9FFFFFFE9FFFFFFE9FFFFFFEAFFFFFF99
:108E4000EAFFFFFFEAFFFFFFEBFFFFFFEBFFFFFF84
:108E5000EBFFFFFFEBFFFFFFECFFFFFFECFFFFFF70
:108E6000ECFFFFFFECFFFFFFEDFFFFFFEDFFFFFF5C
:108E7000EDFFFFFFEEFFFFFFEEFFFFFFEEFFFFFF47
:108E8000EEFFFFFFEFFFFFFFEFFFFFFFEFFFFFFF33
:108E9000EFFFFFFFF0FFFFFFF0FFFFFFF0FFFFFF1F
:108EA000F1FFFFFFF1FFFFFFF1FFFFFFF1FFFFFF0A
:108EB000F2FFFFFFF2FFFFFFF2FFFFFFF2FFFFFFF6
:108EC000F3FFFFFFF3FFFFFFF3FFFFFFF4FFFFFFE1
:108ED000F4FFFFFFF4FFFFFFF4FFFFFFF5FFFFFFCD
:108EE000F5FFFFFFF5FFFFFFF5FFFFFFF6FFFFFFB9
:108EF000F6FFFFFFF6FFFFFFF6FFFFFFF7FFFFFFA5
:108F0000F7FFFFFFF7FFFFFFF8FFFFFFF8FFFFFF8F
:108F1000F8FFFFFFF8FFFFFFF9FFFFFFF9FFFFFF7B
:108F2000F9FFFFFFF9FFFFFFFAFFFFFFFAFFFFFF67
:108F3000FAFFFFFFFAFFFFFFFBFFFFFFFBFFFFFF53
:108F4000FBFFFFFFFCFFFFFFFCFFFFFFFCFFFFFF3E
:108F5000FCFFFFFFFDFFFFFFFDFFFFFFFDFFFFFF2A
:108F6000FDFFFFFFFEFFFFFFFEFFFFFFFEFFFFFF16
:108F7000FEFFFFFFFFFFFFFFFFFFFFFFFFFFFFFF02
:108F8000FFFFFFFF000000000000000000000000E5
:108F900001000000010000000100000001000000CD
:108FA00002000000020000000200000002000000B9
:108FB00003000000030000000300000003000000A5
:108FC0000400000004000000040000000400000091
:108FD000050000000500000005000000050000007D
:108FE0000600000006000000060000000700000068
:108FF0000700000007000000070000000800000054
:10900000080000000800000008000000090000003F
:109010000900000009000000090000000A0000002B
:109020000A0000000A0000000A0000000B00000017
:109030000B0000000B0000000B0000000C00000003
:109040000C0000000C0000000C0000000D000000EF
:109050000D0000000D0000000D0000000E000000DB
:109060000E0000000E0000000E0000000F000000C7
:109070000F0000000F0000001000000010000000B2
:10908000100000001000000011000000110000009E
:10909000110000001100000012000000120000008A
:1090A0001200000012000000130000001300000076
:1090B0001300000013000000140000001400000062
:1090C000140000001400000015000000150000004E
:1090D000150000001500000016000000160000003A
:1090E0001600000016000000170000001700000026
:1090F0001700000017000000180000001800000012
:1091000018000000180000001900000019000000FD
:1091100019000000190000001A0000001A000000E9
:109120001A0000001A0000001B0000001B000000D5
:109130001B0000001B0000001C0000001C000000C1
:109140001C0000001C0000001D0000001D000000AD
:109150001D0000001D0000001E0000001E00000099
:109160001E0000001E0000001F0000001F00000085
:109170001F0000001F000000200000002000000071
:10918000200000002000000021000000210000005D
:109190002100000021000000220000002200000049
:1091A0002200000022000000230000002300000035
:1091B0002300000023000000240000002400000021
:1091C000240000002400000024000000250000000E
:1091D00025000000250000002500000026000000FA
:1091E00026000000260000002600000027000000E6
:1091F00027000000270000002700000028000000D2
:1092000028000000280000002800000029000000BD
:109210002900000029000000290000002A000000A9
:109220002A0000002A0000002A0000002B00000095
:109230002B0000002B0000002B0000002C00000081
:109240002C0000002C0000002C0000002D0000006D
:109250002D0000002D0000002D0000002D0000005A
:109260002E0000002E0000002E0000002E00000046
:109270002F0000002F0000002F0000002F00000032
:10928000300000003000000030000000300000001E
:10929000310000003100000031000000310000000A
:1092A00032000000320000003200000032000000F6
:1092B00033000000330000003300000033000000E2
:1092C00034000000340000003400000034000000CE
:1092D00034000000350000003500000035000000BB
:1092E00035000000360000003600000036000000A7
:1092F0003600000037000000370000003700000093
:10930000370000003800000038000000380000007E
:10931000380000003900000039000000390000006A
:1093200039000000390000003A0000003A00000057
:109330003A0000003A0000003B0000003B00000043
:109340003B0000003B0000003C0000003C0000002F
:109350003C0000003C0000003D0000003D0000001B
:109360003D0000003D0000003D0000003E00000008
:109370003E0000003E0000003E0000003F000000F4
:109380003F0000003F0000003F00000040000000E0
:1093900040000000400000004000000041000000CC
:1093A00041000000410000004100000042000000B8
:1093B00042000000420000004200000042000000A5
:1093C0004300000043000000430000004300000091
:1093D000440000004400000044000000440000007D
:1093E0004500000045000000450000004500000069
:1093F0004500000046000000460000004600000056
:109400004600000047000000470000004700000041
:10941000470000004800000048000000480000002D
:109420004800000049000000490000004900000019
:1094300049000000490000004A0000004A00000006
:109440004A0000004A0000004B0000004B000000F2
:109450004B0000004B0000004C0000004C000000DE
:109460004C0000004C0000004C0000004D000000CB
:109470004D0000004D0000004D0000004E000000B7
:109480004E0000004E0000004E0000004F000000A3
:109490004F0000004F0000004F0000004F00000090
:1094A000500000005000000050000000500000007C
:1094B0005100000051000000510000005100000068
:1094C0005200000052000000520000005200000054
:1094D0005200000053000000530000005300000041
:1094E000530000005400000054000000540000002D
:1094F0005400000055000000550000005500000019
:109500005500000055000000560000005600000005
:1095100056000000560000005700000057000000F1
:1095200057000000570000005800000058000000DD
:1095300058000000580000005800000059000000CA
:109540005900000059000000590000005A000000B6
:109550005A0000005A0000005A0000005B000000A2
:109560005B0000005B0000005B0000005B0000008F
:109570005C0000005C0000005C0000005C0000007B
:109580005D0000005D0000005D0000005D00000067
:109590005D0000005E0000005E0000005E00000054
:1095A0005E0000005F0000005F0000005F00000040
:1095B0005F0000006000000060000000600000002C
:1095C0006000000060000000610000006100000019
:1095D0006100000061000000620000006200000005
:1095E00062000000620000006200000063000000F2
:1095F00063000000630000006300000064000000DE
:1096000064000000640000006400000064000000CA
:1096100065000000650000006500000065000000B6
:1096200066000000660000006600000066000000A2
:10963000670000006700000067000000670000008E
:10964000670000006800000068000000680000007B
:109650006800000069000000690000006900000067
:1096600069000000690000006A0000006A00000054
:109670006A0000006A0000006B0000006B00000040
:109680006B0000006B0000006B0000006C0000002D
:109690006C0000006C0000006C0000006D00000019
:1096A0006D0000006D0000006D0000006E00000005
:1096B0006E0000006E0000006E0000006E000000F2
:1096C0006F0000006F0000006F0000006F000000DE
:1096D00070000000700000007000000070000000CA
:1096E00070000000710000007100000071000000B7
:1096F00071000000720000007200000072000000A3
:10970000720000007200000073000000730000008F
:10971000730000007300000074000000740000007B
:109720007400000074000000740000007500000068
:109730007500000075000000750000007600000054
:109740007600000076000000760000007600000041
:10975000770000007700000077000000770000002D
:109760007800000078000000780000007800000019
:109770007800000079000000790000007900000006
:10978000790000007A0000007A0000007A000000F2
:109790007A0000007A0000007B0000007B000000DF
:1097A0007B0000007B0000007C0000007C000000CB
:1097B0007C0000007C0000007C0000007D000000B8
:1097C0007D0000007D0000007D0000007E000000A4
:1097D0007E0000007E0000007E0000007E00000091
:1097E0007F0000007F0000007F0000007F0000007D
:1097F0008000000080000000800000008000000069
:109800008000000081000000810000008100000055
:109810008100000082000000820000008200000041
:10982000820000008200000083000000830000002E
:10983000830000008300000084000000840000001A
:109840008400000084000000840000008500000007
:1098500085000000850000008500000086000000F3
:1098600086000000860000008600000086000000E0
:1098700087000000870000008700000087000000CC
:1098800088000000880000008800000088000000B8
:1098900088000000890000008900000089000000A5
:1098A000890000008A0000008A0000008A00000091
:1098B0008A0000008A0000008B0000008B0000007E
:1098C0008B0000008B0000008B0000008C0000006B
:1098D0008C0000008C0000008C0000008D00000057
:1098E0008D0000008D0000008D0000008D00000044
:1098F0008E0000008E0000008E0000008E00000030
:109900008F0000008F0000008F0000008F0000001B
:109910008F00000090000000900000009000000008
:1099200090000000910000009100000091000000F4
:1099300091000000910000009200000092000000E1
:1099400092000000920000009300000093000000CD
:1099500093000000930000009300000094000000BA
:1099600094000000940000009400000094000000A7
:109970009500000095000000950000009500000093
:10998000960000009600000096000000960000007F
:10999000960000009700000097000000970000006C
:1099A0009700000098000000980000009800000058
:1099B0009800000098000000990000009900000045
:1099C00099000000990000009A0000009A00000031
:1099D0009A0000009A0000009A0000009B0000001E
:1099E0009B0000009B0000009B0000009C0000000A
:1099F0009C0000009C0000009C0000009C000000F7
:109A00009D0000009D0000009D0000009D000000E2
:109A10009D0000009E0000009E0000009E000000CF
:109A20009E0000009F0000009F0000009F000000BB
:109A30009F0000009F000000A0000000A0000000A8
:109A4000A0000000A0000000A1000000A100000094
:109A5000A1000000A1000000A1000000A200000081
:109A6000A2000000A2000000A2000000A20000006E
:109A7000A3000000A3000000A3000000A30000005A
:109A8000A4000000A4000000A4000000A400000046
:109A9000A4000000A5000000A5000000A500000033
:109AA000A5000000A6000000A6000000A60000001F
:109AB000A6000000A6000000A7000000A70000000C
:109AC000A7000000A7000000A8000000A8000000F8
:109AD000A8000000A8000000A8000000A9000000E5
:109AE000A9000000A9000000A9000000A9000000D2
:109AF000AA000000AA000000AA000000AA000000BE
:109B0000AB000000AB000000AB000000AB000000A9
:109B1000AB000000AC000000AC000000AC00000096
:109B2000AC000000AD000000AD000000AD00000082
:109B3000AD000000AD000000AE000000AE0000006F
:109B4000AE000000AE000000AE000000AF0000005C
:109B5000AF000000AF000000AF000000B000000048
:109B6000B0000000B0000000B0000000B000000035
:109B7000B1000000B1000000B1000000B100000021
:109B8000B2000000B2000000B2000000B20000000D
:109B9000B2000000B3000000B3000000B3000000FA
:109BA000B3000000B4000000B4000000B4000000E6
:109BB000B4000000B4000000B5000000B5000000D3
:109BC000B5000000B5000000B5000000B6000000C0
:109BD000B6000000B6000000B6000000B7000000AC
:109BE000B7000000B7000000B7000000B700000099
:109BF000B8000000B8000000B8000000B800000085
:109C0000B9000000B9000000B9000000B900000070
:109C1000B9000000BA000000BA000000BA0000005D
:109C2000BA000000BA000000BB000000BB0000004A
:109C3000BB000000BB000000BC000000BC00000036
:109C4000BC000000BC000000BC000000BD00000023
:109C5000BD000000BD000000BD000000BE0000000F
:109C6000BE000000BE000000BE000000BE000000FC
:109C7000BF000000BF000000BF000000BF000000E8
:109C8000C0000000C0000000C0000000C0000000D4
:109C9000C0000000C1000000C1000000C1000000C1
:109CA000C1000000C1000000C2000000C2000000AE
:109CB000C2000000C2000000C3000000C30000009A
:109CC000C3000000C3000000C3000000C400000087
:109CD000C4000000C4000000C4000000C500000073
:109CE000C5000000C5000000C5000000C500000060
:109CF000C6000000C6000000C6000000C60000004C
:109D0000C6000000C7000000C7000000C700000038
:109D1000C7000000C8000000C8000000C800000024
:109D2000C8000000C8000000C9000000C900000011
:109D3000C9000000C9000000CA000000CA000000FD
:109D4000CA000000CA000000CA000000CB000000EA
:109D5000CB000000CB000000CB000000CC000000D6
:109D6000CC000000CC000000CC000000CC000000C3
:109D7000CD000000CD000000CD000000CD000000AF
:109D8000CD000000CE000000CE000000CE0000009C
:109D9000CE000000CF000000CF000000CF00000088
:109DA000CF000000CF000000D0000000D000000075
:109DB000D0000000D0000000D1000000D100000061
:109DC000D1000000D1000000D1000000D20000004E
:109DD000D2000000D2000000D2000000D30000003A
:109DE000D3000000D3000000D3000000D300000027
:109DF000D4000000D4000000D4000000D400000013
:109E0000D4000000D5000000D5000000D5000000FF
:109E1000D5000000D6000000D6000000D6000000EB
:109E2000D6000000D6000000D7000000D7000000D8
:109E3000D7000000D7000000D8000000D8000000C4
:109E4000D8000000D8000000D8000000D9000000B1
:109E5000D9000000D9000000D9000000DA0000009D
:109E6000DA000000DA000000DA000000DA0000008A
:109E7000DB000000DB000000DB000000DB00000076
:109E8000DB000000DC000000DC000000DC00000063
:109E9000DC000000DD000000DD000000DD0000004F
:109EA000DD000000DD000000DE000000DE0000003C
:109EB000DE000000DE000000DF000000DF00000028
:109EC000DF000000DF000000DF000000E000000015
:109ED000E0000000E0000000E0000000E100000001
:109EE000E1000000E1000000E1000000E1000000EE
:109EF000E2000000E2000000E2000000E2000000DA
:109F0000E3000000E3000000E3000000E3000000C5
:109F1000E3000000E4000000E4000000E4000000B2
:109F2000E4000000E5000000E5000000E50000009E
:109F3000E5000000E5000000E6000000E60000008B
:109F4000E6000000E6000000E6000000E700000078
:109F5000E7000000E7000000E7000000E800000064
:109F6000E8000000E8000000E8000000E800000051
:109F7000E9000000E9000000E9000000E90000003D
:109F8000EA000000EA000000EA000000EA00000029
:109F9000EA000000EB000000EB000000EB00000016
:109FA000EB000000EC000000EC000000EC00000002
:109FB000EC000000EC000000ED000000ED000000EF
:109FC000ED000000ED000000EE000000EE000000DB
:109FD000EE000000EE000000EE000000EF000000C8
:109FE000EF000000EF000000EF000000F0000000B4
:109FF000F0000000F0000000F0000000F0000000A1
:10A00000F1000000F1000000F1000000F10000008C
:10A01000F2000000F2000000F2000000F200000078
:10A02000F2000000F3000000F3000000F300000065
:10A03000F3000000F4000000F4000000F400000051
:10A04000F4000000F4000000F5000000F50000003E
:10A05000F5000000F5000000F6000000F60000002A
:10A06000F6000000F6000000F6000000F700000017
:10A07000F7000000F7000000F7000000F800000003
:10A08000F8000000F8000000F8000000F8000000F0
:10A09000F9000000F9000000F9000000F9000000DC
:10A0A000FA000000FA000000FA000000FA000000C8
:10A0B000FA000000FB000000FB000000FB000000B5
:10A0C000FB000000FC000000FC000000FC000000A1
:10A0D000FC000000FC000000FD000000FD0000008E
:10A0E000FD000000FD000000FE000000FE0000007A
:10A0F000FE000000FE000000FE000000FF00000067
:10A10000FF000000FF000000FF0000000001000051
:10A11000000100000001000000010000000100003B
:10A120000101000001010000010100000101000027
:10A130000201000002010000020100000201000013
:10A1400003010000030100000301000003010000FF
:10A1500003010000040100000401000004010000EC
:10A1600004010000050100000501000005010000D8
:10A1700005010000050100000601000006010000C5
:10A1800006010000060100000701000007010000B1
:10A19000070100000701000007010000080100009E
:10A1A000080100000801000008010000090100008A
:10A1B0000901000009010000090100000901000077
:10A1C0000A0100000A0100000A0100000A01000063
:10A1D0000B0100000B0100000B0100000B0100004F
:10A1E0000C0100000C0100000C0100000C0100003B
:10A1F0000C0100000D0100000D0100000D01000028
:10A200000D0100000E0100000E0100000E01000013
:10A210000E0100000E0100000F0100000F01000000
:10A220000F0100000F0100001001000010010000EC
:10A2300010010000100100001001000011010000D9
:10A2400011010000110100001101000012010000C5
:10A2500012010000120100001201000013010000B1
:10A26000130100001301000013010000130100009E
:10A27000140100001401000014010000140100008A
:10A280001501000015010000150100001501000076
:10A290001501000016010000160100001601000063
:10A2A000160100001701000017010000170100004F
:10A2B000170100001801000018010000180100003B
:10A2C0001801000018010000190100001901000028
:10A2D00019010000190100001A0100001A01000014
:10A2E0001A0100001A0100001B0100001B01000000
:10A2F0001B0100001B0100001B0100001C010000ED
:10A300001C0100001C0100001C0100001D010000D8
:10A310001D0100001D0100001D0100001E010000C4
:10A320001E0100001E0100001E0100001E010000B1
:10A330001F0100001F0100001F0100001F0100009D
:10A340002001000020010000200100002001000089
:10A350002001000021010000210100002101000076
:10A360002101000022010000220100002201000062
:10A37000220100002301000023010000230100004E
:10A38000230100002301000024010000240100003B
:10A390002401000024010000250100002501000027
:10A3A0002501000025010000260100002601000013
:10A3B00026010000260100002701000027010000FF
:10A3C00027010000270100002701000028010000EC
:10A3D00028010000280100002801000029010000D8
:10A3E0002901000029010000290100002A010000C4
:10A3F0002A0100002A0100002A0100002A010000B1
:10A400002B0100002B0100002B0100002B0100009C
:10A410002C0100002C0100002C0100002C01000088
:10A420002D0100002D0100002D0100002D01000074
:10A430002D0100002E0100002E0100002E01000061
:10A440002E0100002F0100002F0100002F0100004D
:10A450002F01000030010000300100003001000039
:10A460003001000031010000310100003101000025
:10A470003101000031010000320100003201000012
:10A4800032010000320100003301000033010000FE
:10A4900033010000330100003401000034010000EA
:10A4A00034010000340100003501000035010000D6
:10A4B00035010000350100003501000036010000C3
:10A4C00036010000360100003601000037010000AF
:10A4D000370100003701000037010000380100009B
:10A4E0003801000038010000380100003901000087
:10A4F0003901000039010000390100003901000074
:10A500003A0100003A0100003A0100003A0100005F
:10A510003B0100003B0100003B0100003B0100004B
:10A520003C0100003C0100003C0100003C01000037
:10A530003D0100003D0100003D0100003D01000023
:10A540003E0100003E0100003E0100003E0100000F
:10A550003E0100003F0100003F0100003F010000FC
:10A560003F010000400100004001000040010000E8
:10A5700040010000410100004101000041010000D4
:10A5800041010000420100004201000042010000C0
:10A5900042010000430100004301000043010000AC
:10A5A0004301000044010000440100004401000098
:10A5B0004401000044010000450100004501000085
:10A5C0004501000045010000460100004601000071
:10A5D000460100004601000047010000470100005D
:10A5E0004701000047010000480100004801000049
:10A5F0004801000048010000490100004901000035
:10A6000049010000490100004A0100004A01000020
:10A610004A0100004A0100004A0100004B0100000D
:10A620004B0100004B0100004B0100004C010000F9
:10A630004C0100004C0100004C0100004D010000E5
:10A640004D0100004D0100004D0100004E010000D1
:10A650004E0100004E0100004E0100004F010000BD
:10A660004F0100004F0100004F01000050010000A9
:10A670005001000050010000500100005101000095
:10A680005101000051010000510100005201000081
:10A69000520100005201000052010000530100006D
:10A6A0005301000053010000530100005401000059
:10A6B0005401000054010000540100005401000046
:10A6C0005501000055010000550100005501000032
:10A6D000560100005601000056010000560100001E
:10A6E000570100005701000057010000570100000A
:10A6F00058010000580100005801000058010000F6
:10A7000059010000590100005901000059010000E1
:10A710005A0100005A0100005A0100005A010000CD
:10A720005B0100005B0100005B0100005B010000B9
:10A730005C0100005C0100005C0100005C010000A5
:10A740005D0100005D0100005D0100005D01000091
:10A750005E0100005E0100005E0100005E0100007D
:10A760005F0100005F0100005F0100005F01000069
:10A770006001000060010000600100006001000055
:10A780006101000061010000610100006101000041
:10A79000620100006201000062010000620100002D
:10A7A0006301000063010000630100006301000019
:10A7B0006401000064010000640100006401000005
:10A7C00065010000650100006501000065010000F1
:10A7D00066010000660100006601000066010000DD
:10A7E00067010000670100006701000067010000C9
:10A7F00068010000680100006801000068010000B5
:10A8000069010000690100006901000069010000A0
:10A810006A0100006A0100006A0100006A0100008C
:10A820006B0100006B0100006B0100006B01000078
:10A830006C0100006C0100006C0100006D01000063
:10A840006D0100006D0100006D0100006E0100004F
:10A850006E0100006E0100006E0100006F0100003B
:10A860006F0100006F0100006F0100007001000027
:10A870007001000070010000700100007101000013
:10A8800071010000710100007101000072010000FF
:10A8900072010000720100007201000073010000EB
:10A8A00073010000730100007301000074010000D7
:10A8B00074010000740100007401000075010000C3
:10A8C00075010000750100007501000076010000AF
:10A8D000760100007601000077010000770100009A
:10A8E0007701000077010000780100007801000086
:10A8F0007801000078010000790100007901000072
:10A9000079010000790100007A0100007A0100005D
:10A910007A0100007A0100007B0100007B01000049
:10A920007B0100007B0100007C0100007C01000035
:10A930007C0100007D0100007D0100007D01000020
:10A940007D0100007E0100007E0100007E0100000C
:10A950007E0100007F0100007F0100007F010000F8
:10A960007F010000800100008001000080010000E4
:10A9700080010000810100008101000081010000D0
:10A9800082010000820100008201000082010000BB
:10A9900083010000830100008301000083010000A7
:10A9A0008401000084010000840100008401000093
:10A9B000850100008501000085010000850100007F
:10A9C000860100008601000086010000870100006A
:10A9D0008701000087010000870100008801000056
:10A9E0008801000088010000880100008901000042
:10A9F0008901000089010000890100008A0100002E
:10AA00008A0100008A0100008B0100008B01000018
:10AA10008B0100008B0100008C0100008C01000004
:10AA20008C0100008C0100008D0100008D010000F0
:10AA30008D0100008E0100008E0100008E010000DB
:10AA40008E0100008F0100008F0100008F010000C7
:10AA50008F010000900100009001000090010000B3
:10AA6000900100009101000091010000910100009F
:10AA7000920100009201000092010000920100008A
:10AA80009301000093010000930100009301000076
:10AA90009401000094010000940100009501000061
:10AAA000950100009501000095010000960100004D
:10AAB0009601000096010000960100009701000039
:10AAC0009701000097010000980100009801000024
:10AAD0009801000098010000990100009901000010
:10AAE000990100009A0100009A0100009A010000FB
:10AAF0009A0100009B0100009B0100009B010000E7
:10AB00009B0100009C0100009C0100009C010000D2
:10AB10009D0100009D0100009D0100009D010000BD
:10AB20009E0100009E0100009E0100009E010000A9
:10AB30009F0100009F0100009F010000A001000094
:10AB4000A0010000A0010000A0010000A101000080
:10AB5000A1010000A1010000A2010000A20100006B
:10AB6000A2010000A2010000A3010000A301000057
:10AB7000A3010000A4010000A4010000A401000042
:10AB8000A4010000A5010000A5010000A50100002E
:10AB9000A6010000A6010000A6010000A601000019
:10ABA000A7010000A7010000A7010000A701000005
:10ABB000A8010000A8010000A8010000A9010000F0
:10ABC000A9010000A9010000A9010000AA010000DC
:10ABD000AA010000AA010000AB010000AB010000C7
:10ABE000AB010000AB010000AC010000AC010000B3
:10ABF000AC010000AD010000AD010000AD0100009E
:10AC0000AD010000AE010000AE010000AE01000089
:10AC1000AF010000AF010000AF010000AF01000074
:10AC2000B0010000B0010000B0010000B10100005F
:10AC3000B1010000B1010000B1010000B20100004B
:10AC4000B2010000B2010000B3010000B301000036
:10AC5000B3010000B4010000B4010000B401000021
:10AC6000B4010000B5010000B5010000B50100000D
:10AC7000B6010000B6010000B6010000B6010000F8
:10AC8000B7010000B7010000B7010000B8010000E3
:10AC9000B8010000B8010000B8010000B9010000CF
:10ACA000B9010000B9010000BA010000BA010000BA
:10ACB000BA010000BB010000BB010000BB010000A5
:10ACC000BB010000BC010000BC010000BC01000091
:10ACD000BD010000BD010000BD010000BD0100007C
:10ACE000BE010000BE010000BE010000BF01000067
:10ACF000BF010000BF010000C0010000C001000052
:10AD0000C0010000C0010000C1010000C10100003D
:10AD1000C1010000C2010000C2010000C201000028
:10AD2000C3010000C3010000C3010000C301000013
:10AD3000C4010000C4010000C4010000C5010000FE
:10AD4000C5010000C5010000C6010000C6010000E9
:10AD5000C6010000C6010000C7010000C7010000D5
:10AD6000C7010000C8010000C8010000C8010000C0
:10AD7000C9010000C9010000C9010000CA010000AA
:10AD8000CA010000CA010000CA010000CB01000096
:10AD9000CB010000CB010000CC010000CC01000081
:10ADA000CC010000CD010000CD010000CD0100006C
:10ADB000CD010000CE010000CE010000CE01000058
:10ADC000CF010000CF010000CF010000D001000042
:10ADD000D0010000D0010000D1010000D10100002D
:10ADE000D1010000D1010000D2010000D201000019
:10ADF000D2010000D3010000D3010000D301000004
:10AE0000D4010000D4010000D4010000D5010000ED
:10AE1000D5010000D5010000D6010000D6010000D8
:10AE2000D6010000D6010000D7010000D7010000C4
:10AE3000D7010000D8010000D8010000D8010000AF
:10AE4000D9010000D9010000D9010000DA01000099
:10AE5000DA010000DA010000DB010000DB01000084
:10AE6000DB010000DB010000DC010000DC01000070
:10AE7000DC010000DD010000DD010000DD0100005B
:10AE8000DE010000DE010000DE010000DF01000045
:10AE9000DF010000DF010000E0010000E001000030
:10AEA000E0010000E1010000E1010000E10100001B
:10AEB000E2010000E2010000E2010000E301000005
:10AEC000E3010000E3010000E3010000E4010000F1
:10AED000E4010000E4010000E5010000E5010000DC
:10AEE000E5010000E6010000E6010000E6010000C7
:10AEF000E7010000E7010000E7010000E8010000B1
:10AF0000E8010000E8010000E9010000E90100009B
:10AF1000E9010000EA010000EA010000EA01000086
:10AF2000EB010000EB010000EB010000EC01000070
:10AF3000EC010000EC010000ED010000ED0100005B
:10AF4000ED010000EE010000EE010000EE01000046
:10AF5000EF010000EF010000EF010000F001000030
:10AF6000F0010000F0010000F1010000F10100001B
:10AF7000F1010000F2010000F2010000F201000006
:10AF8000F3010000F3010000F3010000F4010000F0
:10AF9000F4010000F4010000F5010000F5010000DB
:10AFA000F5010000F6010000F6010000F6010000C6
:10AFB000F7010000F7010000F7010000F8010000B0
:10AFC000F8010000F8010000F9010000F90100009B
:10AFD000F9010000FA010000FA010000FA01000086
:10AFE000FB010000FB010000FB010000FC01000070
:10AFF000FC010000FC010000FD010000FD0100005B
:10B00000FD010000FE010000FE010000FE01000045
:10B01000FF010000FF010000FF010000000200002E
:10B020000002000000020000010200000102000016
:10B030000102000002020000020200000302000000
:10B0400003020000030200000402000004020000EA
:10B0500004020000050200000502000005020000D5
:10B0600006020000060200000602000007020000BF
:10B0700007020000070200000802000008020000AA
:10B080000802000009020000090200000A02000094
:10B090000A0200000A0200000B0200000B0200007E
:10B0A0000B0200000C0200000C0200000C02000069
:10B0B0000D0200000D0200000D0200000E02000053
:10B0C0000E0200000E0200000F0200000F0200003E
:10B0D0001002000010020000100200001102000027
:10B0E0001102000011020000120200001202000012
:10B0F00012020000130200001302000013020000FD
:10B1000014020000140200001502000015020000E5
:10B1100015020000160200001602000016020000D0
:10B1200017020000170200001702000018020000BA
:10B1300018020000190200001902000019020000A4
:10B140001A0200001A0200001A0200001B0200008E
:10B150001B0200001C0200001C0200001C02000078
:10B160001D0200001D0200001D0200001E02000062
:10B170001E0200001E0200001F0200001F0200004D
:10B180002002000020020000200200002102000036
:10B190002102000021020000220200002202000021
:10B1A000230200002302000023020000240200000A
:10B1B00024020000240200002502000025020000F5
:10B1C00026020000260200002602000027020000DE
:10B1D00027020000270200002802000028020000C9
:10B1E0002902000029020000290200002A020000B2
:10B1F0002A0200002B0200002B0200002B0200009C
:10B200002C0200002C0200002C0200002D02000085
:10B210002D0200002E0200002E0200002E0200006F
:10B220002F0200002F020000300200003002000058
:10B230003002000031020000310200003102000043
:10B24000320200003202000033020000330200002C
:10B250003302000034020000340200003502000016
:10B260003502000035020000360200003602000000
:10B2700037020000370200003702000038020000E9
:10B2800038020000390200003902000039020000D3
:10B290003A0200003A0200003B0200003B020000BC
:10B2A0003B0200003C0200003C0200003D020000A6
:10B2B0003D0200003D0200003E0200003E02000090
:10B2C0003F0200003F0200003F0200004002000079
:10B2D0004002000041020000410200004102000063
:10B2E000420200004202000043020000430200004C
:10B2F0004302000044020000440200004502000036
:10B30000450200004502000046020000460200001F
:10B310004702000047020000480200004802000007
:10B320004802000049020000490200004A020000F1
:10B330004A0200004A0200004B0200004B020000DB
:10B340004C0200004C0200004D0200004D020000C3
:10B350004D0200004E0200004E0200004F020000AD
:10B360004F0200004F020000500200005002000097
:10B37000510200005102000052020000520200007F
:10B380005202000053020000530200005402000069
:10B390005402000055020000550200005502000052
:10B3A000560200005602000057020000570200003B
:10B3B0005802000058020000580200005902000024
:10B3C000590200005A0200005A0200005B0200000D
:10B3D0005B0200005B0200005C0200005C020000F7
:10B3E0005D0200005D0200005E0200005E020000DF
:10B3F0005F0200005F0200005F02000060020000C8
:10B4000060020000610200006102000062020000B0
:10B41000620200006202000063020000630200009A
:10B420006402000064020000650200006502000082
:10B43000660200006602000067020000670200006A
:10B440006702000068020000680200006902000054
:10B45000690200006A0200006A0200006B0200003C
:10B460006B0200006B0200006C0200006C02000026
:10B470006D0200006D0200006E0200006E0200000E
:10B480006F0200006F0200007002000070020000F6
:10B4900071020000710200007102000072020000DF
:10B4A00072020000730200007302000074020000C8
:10B4B00074020000750200007502000076020000B0
:10B4C0007602000077020000770200007702000099
:10B4D0007802000078020000790200007902000082
:10B4E0007A0200007A0200007B0200007B0200006A
:10B4F0007C0200007C0200007D0200007D02000052
:10B500007E0200007E0200007F0200007F02000039
:10B510008002000080020000810200008102000021
:10B52000820200008202000082020000830200000A
:10B5300083020000840200008402000085020000F3
:10B5400085020000860200008602000087020000DB
:10B5500087020000880200008802000089020000C3
:10B56000890200008A0200008A0200008B020000AB
:10B570008B0200008C0200008C0200008D02000093
:10B580008D0200008E0200008E0200008F0200007B
:10B590008F02000090020000900200009102000063
:10B5A000910200009202000092020000930200004B
:10B5B0009302000094020000940200009502000033
:10B5C000950200009602000096020000970200001B
:10B5D0009702000098020000980200009902000003
:10B5E000990200009A0200009B0200009B020000EA
:10B5F0009C0200009C0200009D0200009D020000D1
:10B600009E0200009E0200009F0200009F020000B8
:10B61000A0020000A0020000A1020000A1020000A0
:10B62000A2020000A2020000A3020000A302000088
:10B63000A4020000A5020000A5020000A60200006E
:10B64000A6020000A7020000A7020000A802000056
:10B65000A8020000A9020000A9020000AA0200003E
:10B66000AA020000AB020000AC020000AC02000025
:10B67000AD020000AD020000AE020000AE0200000C
:10B68000AF020000AF020000B0020000B0020000F4
:10B69000B1020000B2020000B2020000B3020000DA
:10B6A000B3020000B4020000B4020000B5020000C2
:10B6B000B5020000B6020000B7020000B7020000A9
:10B6C000B8020000B8020000B9020000B902000090
:10B6D000BA020000BB020000BB020000BC02000076
:10B6E000BC020000BD020000BD020000BE0200005E
:10B6F000BF020000BF020000C0020000C002000044
:10B70000C1020000C1020000C2020000C30200002A
:10B71000C3020000C4020000C4020000C502000011
:10B72000C5020000C6020000C7020000C7020000F8
:10B73000C8020000C8020000C9020000CA020000DE
:10B74000CA020000CB020000CB020000CC020000C5
:10B75000CD020000CD020000CE020000CE020000AB
:10B76000CF020000D0020000D0020000D102000091
:10B77000D1020000D2020000D3020000D302000078
:10B78000D4020000D4020000D5020000D60200005E
:10B79000D6020000D7020000D8020000D802000044
:10B7A000D9020000D9020000DA020000DB0200002A
:10B7B000DB020000DC020000DC020000DD02000011
:10B7C000DE020000DE020000DF020000E0020000F6
:10B7D000E0020000E1020000E2020000E2020000DC
:10B7E000E3020000E3020000E4020000E5020000C2
:10B7F000E5020000E6020000E7020000E7020000A8
:10B80000E8020000E9020000E9020000EA0200008C
:10B81000EB020000EB020000EC020000ED02000071
:10B82000ED020000EE020000EE020000EF02000058
:10B83000F0020000F0020000F1020000F20200003D
:10B84000F2020000F3020000F4020000F402000023
:10B85000F5020000F6020000F7020000F702000007
:10B86000F8020000F9020000F9020000FA020000EC
:10B87000FB020000FB020000FC020000FD020000D1
:10B88000FD020000FE020000FF020000FF020000B7
:10B890000003000001030000020300000203000097
:10B8A000030300000403000004030000050300007C
:10B8B0000603000006030000070300000803000061
:10B8C00009030000090300000A0300000B03000045
:10B8D0000B0300000C0300000D0300000E0300002A
:10B8E0000E0300000F03000010030000100300000F
:10B8F00011030000120300001303000013030000F3
:10B9000014030000150300001603000016030000D6
:10B9100017030000180300001903000019030000BA
:10B920001A0300001B0300001C0300001C0300009E
:10B930001D0300001E0300001F0300001F03000082
:10B940002003000021030000220300002203000066
:10B950002303000024030000250300002603000049
:10B96000260300002703000028030000290300002D
:10B97000290300002A0300002B0300002C03000011
:10B980002D0300002D0300002E0300002F030000F4
:10B9900030030000310300003103000032030000D7
:10B9A00033030000340300003503000035030000BA
:10B9B000360300003703000038030000390300009D
:10B9C0003A0300003A0300003B0300003C03000080
:10B9D0003D0300003E0300003F0300003F03000062
:10B9E0004003000041030000420300004303000045
:10B9F0004403000044030000450300004603000028
:10BA00004703000048030000490300004A03000008
:10BA10004A0300004B0300004C0300004D030000EC
:10BA20004E0300004F0300005003000051030000CC
:10BA300051030000520300005303000054030000B0
:10BA40005503000056030000570300005803000090
:10BA5000590300005A0300005A0300005B03000072
:10BA60005C0300005D0300005E0300005F03000054
:10BA70006003000061030000620300006303000034
:10BA80006403000065030000660300006703000014
:10BA90006703000068030000690300006A030000F8
:10BAA0006B0300006C0300006D0300006E030000D8
:10BAB0006F030000700300007103000072030000B8
:10BAC0007303000074030000750300007603000098
:10BAD0007703000078030000790300007A03000078
:10BAE0007B0300007C0300007D0300007E03000058
:10BAF0007F03000080030000810300008203000038
:10BB00008303000084030000850300008603000017
:10BB10008703000088030000890300008A030000F7
:10BB20008B0300008C0300008D0300008E030000D7
:10BB300090030000910300009203000093030000B3
:10BB40009403000095030000960300009703000093
:10BB500098030000990300009A0300009B03000073
:10BB60009D0300009E0300009F030000A00300004F
:10BB7000A1030000A2030000A3030000A40300002F
:10BB8000A6030000A7030000A8030000A90300000B
:10BB9000AA030000AB030000AC030000AE030000EA
:10BBA000AF030000B0030000B1030000B2030000C7
:10BBB000B4030000B5030000B6030000B7030000A3
:10BBC000B8030000B9030000BB030000BC03000081
:10BBD000BD030000BE030000C0030000C10300005D
:10BBE000C2030000C3030000C5030000C603000039
:10BBF000C7030000C8030000CA030000CB03000015
:10BC0000CC030000CD030000CF030000D0030000F0
:10BC1000D1030000D3030000D4030000D5030000CB
:10BC2000D6030000D8030000D9030000DA030000A7
:10BC3000DC030000DD030000DE030000E003000081
:10BC4000E1030000E3030000E4030000E50300005B
:10BC5000E7030000E8030000E9030000EB03000035
:10BC6000EC030000EE030000EF030000F00300000F
:10BC7000F2030000F3030000F5030000F6030000E8
:10BC8000F8030000F9030000FB030000FC030000C0
:10BC9000FD030000FF030000000400000204000098
:10BCA000030400000504000006040000080400006E
:10BCB000090400000B0400000D0400000E04000045
:10BCC000100400001104000013040000140400001C
:10BCD0001604000018040000190400001B040000F2
:10BCE0001C0400001E0400002004000021040000C9
:10BCF000230400002404000026040000280400009F
:10BD0000290400002B0400002D0400002F04000073
:10BD10003004000032040000340400003504000048
:10BD200037040000390400003B0400003C0400001C
:10BD30003E040000400400004204000044040000EF
:10BD40004504000047040000490400004B040000C3
:10BD50004D0400004F040000510400005204000094
:10BD60005404000056040000580400005A04000067
:10BD70005C0400005E040000600400006204000037
:10BD80006404000066040000680400006A04000007
:10BD90006C0400006E0400007004000072040000D7
:10BDA0007404000076040000780400007B040000A6
:10BDB0007D0400007F040000810400008304000073
:10BDC00085040000870400008A0400008C04000041
:10BDD0008E0400009004000093040000950400000D
:10BDE000970400009A0400009C0400009E040000D8
:10BDF000A1040000A3040000A5040000A8040000A2
:10BE0000AA040000AD040000AF040000B20400006A
:10BE1000B4040000B7040000B9040000BC04000032
:10BE2000BE040000C1040000C3040000C6040000FA
:10BE3000C9040000CB040000CE040000D1040000BF
:10BE4000D3040000D6040000D9040000DC04000084
:10BE5000DE040000E1040000E4040000E704000048
:10BE6000EA040000ED040000F0040000F304000008
:10BE7000F6040000F9040000FC040000FF040000C8
:10BE80000205000005050000080500000B05000084
:10BE90000E05000012050000150500001805000041
:10BEA0001C0500001F0500002205000026050000FB
:10BEB000290500002D0500003005000034050000B4
:10BEC000370500003B0500003E050000420500006C
:10BED000460500004A0500004D0500005105000020
:10BEE00055050000590500005D05000061050000D2
:10BEF00065050000690500006D0500007105000082
:10BF0000760500007A0500007E050000830500002C
:10BF1000870500008B0500009005000095050000D6
:10BF2000990500009E050000A3050000A70500007C
:10BF3000AC050000B1050000B6050000BB0500001F
:10BF4000C0050000C6050000CB050000D0050000BC
:10BF5000D6050000DB050000E1050000E605000055
:10BF6000EC050000F2050000F8050000FE050000E9
:10BF7000040600000A060000100600001706000074
:10BF80001D060000240600002A06000031060000FD
:10BF9000380600003F060000460600004E0600007E
:10BFA000550600005D060000640600006C060000F7
:10BFB000740600007C060000850600008D06000067
:10BFC000960600009F060000A8060000B1060000CB
:10BFD000BA060000C4060000CE060000D806000025
:10BFE000E3060000ED060000F8060000030700006D
:10BFF0000F0700001B0700002707000033070000A1
:10C00000400700004D0700005B07000069070000C3
:10C01000770700008607000096070000A6070000CB
:10C02000B6070000C7070000D9070000EC070000B2
:10C03000FF07000013080000280800003E08000069
:10C04000550800006D08000087080000A1080000E6
:10C05000BE080000DB080000FB0800001D0900000E
:10C06000410900006809000091090000BE090000B4
:10C07000EF090000250A0000600A0000A20A000083
:10C08000EC0A0000400B0000A10B0000140C0000A3
:10C090009D0C0000490D0000290E0000620F0000F9
:10C0A000541100006E150000881900004853010863
:10C0B0004C530108505301085453010858530108C8
:10C0C0005C530108605301080000000001000000FB
:10C0D000000000000000000038DE01200000000029
:10C0E000385E022010000000010000000000000087
:10C0F00003000000CCDF02205C41002000000000B3
:10C10000CCDF022034E002209CE00220000000008E
:10C11000000000000000000000000000000000001F
:10C12000000000000000000000000000000000000F
:10C1300000000000000000000000000000000000FF
:10C1400000000000000000004300000000000000AC
:10C1500000000000000000000000000000000000DF
:10C16000000000000000000043000000000000008C
:10C1700000000000000000000000000000000000BF
:10C18000000000000000000043000000000000006C
:10C19000000000000000000000000000000000009F
:10C1A000000000000000000043000000000000004C
:10C1B000000000000000000000000000000000007F
:10C1C000000000000000000043000000000000002C
:10C1D000000000000000000000000000000000005F
:10C1E000000000000000000043000000000000000C
:10C1F000000000000000000000000000000000003F
:10C2000000000000000000004300000000000000EB
:10C21000000000000000000000000000000000001E
:10C22000000000000000000075320108F53101082F
:10C2300000000000696301089D650108DA650108D6
:10C24000DA650108DA650108DA650108DA650108CE
:10C25000DA650108DA650108DA650108DA650108BE
:10C26000FFFFFFFFFFFFFFFFFFFFFFFFFFFF0000DC
:10C270000100415343494900000000000000000054
:10C2800000000000000000000000000000000000AE
:10C290000000415343494900000000000000000035
:10C2A000000000000000000000000000000000008E
:04C2B000000000008A
:040000050800312995
:00000001FF
